/*
 * SPDX-License-Identifier: LGPL-3.0-only
 *
 * Copyright (C) 2026 Corey Pennycuff
 *
 * This file is part of Ghoti.io Regex.
 *
 * Ghoti.io Regex is free software: you can redistribute it and/or modify it
 * under the terms of the GNU Lesser General Public License version 3 as
 * published by the Free Software Foundation.
 *
 * Ghoti.io Regex is distributed in the hope that it will be useful, but
 * WITHOUT ANY WARRANTY; without even the implied warranty of MERCHANTABILITY
 * or FITNESS FOR A PARTICULAR PURPOSE.  See the GNU Lesser General Public
 * License for more details.
 *
 * You should have received a copy of the GNU Lesser General Public License
 * along with this program.  If not, see <https://www.gnu.org/licenses/>.
 */

/**
 * @file
 *
 * GENERATED by tools/unicode/gen_tables.py from UCD 17.0.0. Do not edit.
 *
 * Regenerate with:  tools/unicode/gen_tables.py
 * Verify with:      make check-unicode-tables
 */

#include "tables_internal.h"

const uint32_t grx_unicode_string_points[] = {
  0x231A, 0x231B, 0x23E9, 0x23EA, 0x23EB, 0x23EC, 0x23F0, 0x23F3,
  0x25FD, 0x25FE, 0x2614, 0x2615, 0x2648, 0x2649, 0x264A, 0x264B,
  0x264C, 0x264D, 0x264E, 0x264F, 0x2650, 0x2651, 0x2652, 0x2653,
  0x267F, 0x2693, 0x26A1, 0x26AA, 0x26AB, 0x26BD, 0x26BE, 0x26C4,
  0x26C5, 0x26CE, 0x26D4, 0x26EA, 0x26F2, 0x26F3, 0x26F5, 0x26FA,
  0x26FD, 0x2705, 0x270A, 0x270B, 0x2728, 0x274C, 0x274E, 0x2753,
  0x2754, 0x2755, 0x2757, 0x2795, 0x2796, 0x2797, 0x27B0, 0x27BF,
  0x2B1B, 0x2B1C, 0x2B50, 0x2B55, 0x1F004, 0x1F0CF, 0x1F18E, 0x1F191,
  0x1F192, 0x1F193, 0x1F194, 0x1F195, 0x1F196, 0x1F197, 0x1F198, 0x1F199,
  0x1F19A, 0x1F201, 0x1F21A, 0x1F22F, 0x1F232, 0x1F233, 0x1F234, 0x1F235,
  0x1F236, 0x1F238, 0x1F239, 0x1F23A, 0x1F250, 0x1F251, 0x1F300, 0x1F301,
  0x1F302, 0x1F303, 0x1F304, 0x1F305, 0x1F306, 0x1F307, 0x1F308, 0x1F309,
  0x1F30A, 0x1F30B, 0x1F30C, 0x1F30D, 0x1F30E, 0x1F30F, 0x1F310, 0x1F311,
  0x1F312, 0x1F313, 0x1F314, 0x1F315, 0x1F316, 0x1F317, 0x1F318, 0x1F319,
  0x1F31A, 0x1F31B, 0x1F31C, 0x1F31D, 0x1F31E, 0x1F31F, 0x1F320, 0x1F32D,
  0x1F32E, 0x1F32F, 0x1F330, 0x1F331, 0x1F332, 0x1F333, 0x1F334, 0x1F335,
  0x1F337, 0x1F338, 0x1F339, 0x1F33A, 0x1F33B, 0x1F33C, 0x1F33D, 0x1F33E,
  0x1F33F, 0x1F340, 0x1F341, 0x1F342, 0x1F343, 0x1F344, 0x1F345, 0x1F346,
  0x1F347, 0x1F348, 0x1F349, 0x1F34A, 0x1F34B, 0x1F34C, 0x1F34D, 0x1F34E,
  0x1F34F, 0x1F350, 0x1F351, 0x1F352, 0x1F353, 0x1F354, 0x1F355, 0x1F356,
  0x1F357, 0x1F358, 0x1F359, 0x1F35A, 0x1F35B, 0x1F35C, 0x1F35D, 0x1F35E,
  0x1F35F, 0x1F360, 0x1F361, 0x1F362, 0x1F363, 0x1F364, 0x1F365, 0x1F366,
  0x1F367, 0x1F368, 0x1F369, 0x1F36A, 0x1F36B, 0x1F36C, 0x1F36D, 0x1F36E,
  0x1F36F, 0x1F370, 0x1F371, 0x1F372, 0x1F373, 0x1F374, 0x1F375, 0x1F376,
  0x1F377, 0x1F378, 0x1F379, 0x1F37A, 0x1F37B, 0x1F37C, 0x1F37E, 0x1F37F,
  0x1F380, 0x1F381, 0x1F382, 0x1F383, 0x1F384, 0x1F385, 0x1F386, 0x1F387,
  0x1F388, 0x1F389, 0x1F38A, 0x1F38B, 0x1F38C, 0x1F38D, 0x1F38E, 0x1F38F,
  0x1F390, 0x1F391, 0x1F392, 0x1F393, 0x1F3A0, 0x1F3A1, 0x1F3A2, 0x1F3A3,
  0x1F3A4, 0x1F3A5, 0x1F3A6, 0x1F3A7, 0x1F3A8, 0x1F3A9, 0x1F3AA, 0x1F3AB,
  0x1F3AC, 0x1F3AD, 0x1F3AE, 0x1F3AF, 0x1F3B0, 0x1F3B1, 0x1F3B2, 0x1F3B3,
  0x1F3B4, 0x1F3B5, 0x1F3B6, 0x1F3B7, 0x1F3B8, 0x1F3B9, 0x1F3BA, 0x1F3BB,
  0x1F3BC, 0x1F3BD, 0x1F3BE, 0x1F3BF, 0x1F3C0, 0x1F3C1, 0x1F3C2, 0x1F3C3,
  0x1F3C4, 0x1F3C5, 0x1F3C6, 0x1F3C7, 0x1F3C8, 0x1F3C9, 0x1F3CA, 0x1F3CF,
  0x1F3D0, 0x1F3D1, 0x1F3D2, 0x1F3D3, 0x1F3E0, 0x1F3E1, 0x1F3E2, 0x1F3E3,
  0x1F3E4, 0x1F3E5, 0x1F3E6, 0x1F3E7, 0x1F3E8, 0x1F3E9, 0x1F3EA, 0x1F3EB,
  0x1F3EC, 0x1F3ED, 0x1F3EE, 0x1F3EF, 0x1F3F0, 0x1F3F4, 0x1F3F8, 0x1F3F9,
  0x1F3FA, 0x1F3FB, 0x1F3FC, 0x1F3FD, 0x1F3FE, 0x1F3FF, 0x1F400, 0x1F401,
  0x1F402, 0x1F403, 0x1F404, 0x1F405, 0x1F406, 0x1F407, 0x1F408, 0x1F409,
  0x1F40A, 0x1F40B, 0x1F40C, 0x1F40D, 0x1F40E, 0x1F40F, 0x1F410, 0x1F411,
  0x1F412, 0x1F413, 0x1F414, 0x1F415, 0x1F416, 0x1F417, 0x1F418, 0x1F419,
  0x1F41A, 0x1F41B, 0x1F41C, 0x1F41D, 0x1F41E, 0x1F41F, 0x1F420, 0x1F421,
  0x1F422, 0x1F423, 0x1F424, 0x1F425, 0x1F426, 0x1F427, 0x1F428, 0x1F429,
  0x1F42A, 0x1F42B, 0x1F42C, 0x1F42D, 0x1F42E, 0x1F42F, 0x1F430, 0x1F431,
  0x1F432, 0x1F433, 0x1F434, 0x1F435, 0x1F436, 0x1F437, 0x1F438, 0x1F439,
  0x1F43A, 0x1F43B, 0x1F43C, 0x1F43D, 0x1F43E, 0x1F440, 0x1F442, 0x1F443,
  0x1F444, 0x1F445, 0x1F446, 0x1F447, 0x1F448, 0x1F449, 0x1F44A, 0x1F44B,
  0x1F44C, 0x1F44D, 0x1F44E, 0x1F44F, 0x1F450, 0x1F451, 0x1F452, 0x1F453,
  0x1F454, 0x1F455, 0x1F456, 0x1F457, 0x1F458, 0x1F459, 0x1F45A, 0x1F45B,
  0x1F45C, 0x1F45D, 0x1F45E, 0x1F45F, 0x1F460, 0x1F461, 0x1F462, 0x1F463,
  0x1F464, 0x1F465, 0x1F466, 0x1F467, 0x1F468, 0x1F469, 0x1F46A, 0x1F46B,
  0x1F46C, 0x1F46D, 0x1F46E, 0x1F46F, 0x1F470, 0x1F471, 0x1F472, 0x1F473,
  0x1F474, 0x1F475, 0x1F476, 0x1F477, 0x1F478, 0x1F479, 0x1F47A, 0x1F47B,
  0x1F47C, 0x1F47D, 0x1F47E, 0x1F47F, 0x1F480, 0x1F481, 0x1F482, 0x1F483,
  0x1F484, 0x1F485, 0x1F486, 0x1F487, 0x1F488, 0x1F489, 0x1F48A, 0x1F48B,
  0x1F48C, 0x1F48D, 0x1F48E, 0x1F48F, 0x1F490, 0x1F491, 0x1F492, 0x1F493,
  0x1F494, 0x1F495, 0x1F496, 0x1F497, 0x1F498, 0x1F499, 0x1F49A, 0x1F49B,
  0x1F49C, 0x1F49D, 0x1F49E, 0x1F49F, 0x1F4A0, 0x1F4A1, 0x1F4A2, 0x1F4A3,
  0x1F4A4, 0x1F4A5, 0x1F4A6, 0x1F4A7, 0x1F4A8, 0x1F4A9, 0x1F4AA, 0x1F4AB,
  0x1F4AC, 0x1F4AD, 0x1F4AE, 0x1F4AF, 0x1F4B0, 0x1F4B1, 0x1F4B2, 0x1F4B3,
  0x1F4B4, 0x1F4B5, 0x1F4B6, 0x1F4B7, 0x1F4B8, 0x1F4B9, 0x1F4BA, 0x1F4BB,
  0x1F4BC, 0x1F4BD, 0x1F4BE, 0x1F4BF, 0x1F4C0, 0x1F4C1, 0x1F4C2, 0x1F4C3,
  0x1F4C4, 0x1F4C5, 0x1F4C6, 0x1F4C7, 0x1F4C8, 0x1F4C9, 0x1F4CA, 0x1F4CB,
  0x1F4CC, 0x1F4CD, 0x1F4CE, 0x1F4CF, 0x1F4D0, 0x1F4D1, 0x1F4D2, 0x1F4D3,
  0x1F4D4, 0x1F4D5, 0x1F4D6, 0x1F4D7, 0x1F4D8, 0x1F4D9, 0x1F4DA, 0x1F4DB,
  0x1F4DC, 0x1F4DD, 0x1F4DE, 0x1F4DF, 0x1F4E0, 0x1F4E1, 0x1F4E2, 0x1F4E3,
  0x1F4E4, 0x1F4E5, 0x1F4E6, 0x1F4E7, 0x1F4E8, 0x1F4E9, 0x1F4EA, 0x1F4EB,
  0x1F4EC, 0x1F4ED, 0x1F4EE, 0x1F4EF, 0x1F4F0, 0x1F4F1, 0x1F4F2, 0x1F4F3,
  0x1F4F4, 0x1F4F5, 0x1F4F6, 0x1F4F7, 0x1F4F8, 0x1F4F9, 0x1F4FA, 0x1F4FB,
  0x1F4FC, 0x1F4FF, 0x1F500, 0x1F501, 0x1F502, 0x1F503, 0x1F504, 0x1F505,
  0x1F506, 0x1F507, 0x1F508, 0x1F509, 0x1F50A, 0x1F50B, 0x1F50C, 0x1F50D,
  0x1F50E, 0x1F50F, 0x1F510, 0x1F511, 0x1F512, 0x1F513, 0x1F514, 0x1F515,
  0x1F516, 0x1F517, 0x1F518, 0x1F519, 0x1F51A, 0x1F51B, 0x1F51C, 0x1F51D,
  0x1F51E, 0x1F51F, 0x1F520, 0x1F521, 0x1F522, 0x1F523, 0x1F524, 0x1F525,
  0x1F526, 0x1F527, 0x1F528, 0x1F529, 0x1F52A, 0x1F52B, 0x1F52C, 0x1F52D,
  0x1F52E, 0x1F52F, 0x1F530, 0x1F531, 0x1F532, 0x1F533, 0x1F534, 0x1F535,
  0x1F536, 0x1F537, 0x1F538, 0x1F539, 0x1F53A, 0x1F53B, 0x1F53C, 0x1F53D,
  0x1F54B, 0x1F54C, 0x1F54D, 0x1F54E, 0x1F550, 0x1F551, 0x1F552, 0x1F553,
  0x1F554, 0x1F555, 0x1F556, 0x1F557, 0x1F558, 0x1F559, 0x1F55A, 0x1F55B,
  0x1F55C, 0x1F55D, 0x1F55E, 0x1F55F, 0x1F560, 0x1F561, 0x1F562, 0x1F563,
  0x1F564, 0x1F565, 0x1F566, 0x1F567, 0x1F57A, 0x1F595, 0x1F596, 0x1F5A4,
  0x1F5FB, 0x1F5FC, 0x1F5FD, 0x1F5FE, 0x1F5FF, 0x1F600, 0x1F601, 0x1F602,
  0x1F603, 0x1F604, 0x1F605, 0x1F606, 0x1F607, 0x1F608, 0x1F609, 0x1F60A,
  0x1F60B, 0x1F60C, 0x1F60D, 0x1F60E, 0x1F60F, 0x1F610, 0x1F611, 0x1F612,
  0x1F613, 0x1F614, 0x1F615, 0x1F616, 0x1F617, 0x1F618, 0x1F619, 0x1F61A,
  0x1F61B, 0x1F61C, 0x1F61D, 0x1F61E, 0x1F61F, 0x1F620, 0x1F621, 0x1F622,
  0x1F623, 0x1F624, 0x1F625, 0x1F626, 0x1F627, 0x1F628, 0x1F629, 0x1F62A,
  0x1F62B, 0x1F62C, 0x1F62D, 0x1F62E, 0x1F62F, 0x1F630, 0x1F631, 0x1F632,
  0x1F633, 0x1F634, 0x1F635, 0x1F636, 0x1F637, 0x1F638, 0x1F639, 0x1F63A,
  0x1F63B, 0x1F63C, 0x1F63D, 0x1F63E, 0x1F63F, 0x1F640, 0x1F641, 0x1F642,
  0x1F643, 0x1F644, 0x1F645, 0x1F646, 0x1F647, 0x1F648, 0x1F649, 0x1F64A,
  0x1F64B, 0x1F64C, 0x1F64D, 0x1F64E, 0x1F64F, 0x1F680, 0x1F681, 0x1F682,
  0x1F683, 0x1F684, 0x1F685, 0x1F686, 0x1F687, 0x1F688, 0x1F689, 0x1F68A,
  0x1F68B, 0x1F68C, 0x1F68D, 0x1F68E, 0x1F68F, 0x1F690, 0x1F691, 0x1F692,
  0x1F693, 0x1F694, 0x1F695, 0x1F696, 0x1F697, 0x1F698, 0x1F699, 0x1F69A,
  0x1F69B, 0x1F69C, 0x1F69D, 0x1F69E, 0x1F69F, 0x1F6A0, 0x1F6A1, 0x1F6A2,
  0x1F6A3, 0x1F6A4, 0x1F6A5, 0x1F6A6, 0x1F6A7, 0x1F6A8, 0x1F6A9, 0x1F6AA,
  0x1F6AB, 0x1F6AC, 0x1F6AD, 0x1F6AE, 0x1F6AF, 0x1F6B0, 0x1F6B1, 0x1F6B2,
  0x1F6B3, 0x1F6B4, 0x1F6B5, 0x1F6B6, 0x1F6B7, 0x1F6B8, 0x1F6B9, 0x1F6BA,
  0x1F6BB, 0x1F6BC, 0x1F6BD, 0x1F6BE, 0x1F6BF, 0x1F6C0, 0x1F6C1, 0x1F6C2,
  0x1F6C3, 0x1F6C4, 0x1F6C5, 0x1F6CC, 0x1F6D0, 0x1F6D1, 0x1F6D2, 0x1F6D5,
  0x1F6D6, 0x1F6D7, 0x1F6D8, 0x1F6DC, 0x1F6DD, 0x1F6DE, 0x1F6DF, 0x1F6EB,
  0x1F6EC, 0x1F6F4, 0x1F6F5, 0x1F6F6, 0x1F6F7, 0x1F6F8, 0x1F6F9, 0x1F6FA,
  0x1F6FB, 0x1F6FC, 0x1F7E0, 0x1F7E1, 0x1F7E2, 0x1F7E3, 0x1F7E4, 0x1F7E5,
  0x1F7E6, 0x1F7E7, 0x1F7E8, 0x1F7E9, 0x1F7EA, 0x1F7EB, 0x1F7F0, 0x1F90C,
  0x1F90D, 0x1F90E, 0x1F90F, 0x1F910, 0x1F911, 0x1F912, 0x1F913, 0x1F914,
  0x1F915, 0x1F916, 0x1F917, 0x1F918, 0x1F919, 0x1F91A, 0x1F91B, 0x1F91C,
  0x1F91D, 0x1F91E, 0x1F91F, 0x1F920, 0x1F921, 0x1F922, 0x1F923, 0x1F924,
  0x1F925, 0x1F926, 0x1F927, 0x1F928, 0x1F929, 0x1F92A, 0x1F92B, 0x1F92C,
  0x1F92D, 0x1F92E, 0x1F92F, 0x1F930, 0x1F931, 0x1F932, 0x1F933, 0x1F934,
  0x1F935, 0x1F936, 0x1F937, 0x1F938, 0x1F939, 0x1F93A, 0x1F93C, 0x1F93D,
  0x1F93E, 0x1F93F, 0x1F940, 0x1F941, 0x1F942, 0x1F943, 0x1F944, 0x1F945,
  0x1F947, 0x1F948, 0x1F949, 0x1F94A, 0x1F94B, 0x1F94C, 0x1F94D, 0x1F94E,
  0x1F94F, 0x1F950, 0x1F951, 0x1F952, 0x1F953, 0x1F954, 0x1F955, 0x1F956,
  0x1F957, 0x1F958, 0x1F959, 0x1F95A, 0x1F95B, 0x1F95C, 0x1F95D, 0x1F95E,
  0x1F95F, 0x1F960, 0x1F961, 0x1F962, 0x1F963, 0x1F964, 0x1F965, 0x1F966,
  0x1F967, 0x1F968, 0x1F969, 0x1F96A, 0x1F96B, 0x1F96C, 0x1F96D, 0x1F96E,
  0x1F96F, 0x1F970, 0x1F971, 0x1F972, 0x1F973, 0x1F974, 0x1F975, 0x1F976,
  0x1F977, 0x1F978, 0x1F979, 0x1F97A, 0x1F97B, 0x1F97C, 0x1F97D, 0x1F97E,
  0x1F97F, 0x1F980, 0x1F981, 0x1F982, 0x1F983, 0x1F984, 0x1F985, 0x1F986,
  0x1F987, 0x1F988, 0x1F989, 0x1F98A, 0x1F98B, 0x1F98C, 0x1F98D, 0x1F98E,
  0x1F98F, 0x1F990, 0x1F991, 0x1F992, 0x1F993, 0x1F994, 0x1F995, 0x1F996,
  0x1F997, 0x1F998, 0x1F999, 0x1F99A, 0x1F99B, 0x1F99C, 0x1F99D, 0x1F99E,
  0x1F99F, 0x1F9A0, 0x1F9A1, 0x1F9A2, 0x1F9A3, 0x1F9A4, 0x1F9A5, 0x1F9A6,
  0x1F9A7, 0x1F9A8, 0x1F9A9, 0x1F9AA, 0x1F9AB, 0x1F9AC, 0x1F9AD, 0x1F9AE,
  0x1F9AF, 0x1F9B0, 0x1F9B1, 0x1F9B2, 0x1F9B3, 0x1F9B4, 0x1F9B5, 0x1F9B6,
  0x1F9B7, 0x1F9B8, 0x1F9B9, 0x1F9BA, 0x1F9BB, 0x1F9BC, 0x1F9BD, 0x1F9BE,
  0x1F9BF, 0x1F9C0, 0x1F9C1, 0x1F9C2, 0x1F9C3, 0x1F9C4, 0x1F9C5, 0x1F9C6,
  0x1F9C7, 0x1F9C8, 0x1F9C9, 0x1F9CA, 0x1F9CB, 0x1F9CC, 0x1F9CD, 0x1F9CE,
  0x1F9CF, 0x1F9D0, 0x1F9D1, 0x1F9D2, 0x1F9D3, 0x1F9D4, 0x1F9D5, 0x1F9D6,
  0x1F9D7, 0x1F9D8, 0x1F9D9, 0x1F9DA, 0x1F9DB, 0x1F9DC, 0x1F9DD, 0x1F9DE,
  0x1F9DF, 0x1F9E0, 0x1F9E1, 0x1F9E2, 0x1F9E3, 0x1F9E4, 0x1F9E5, 0x1F9E6,
  0x1F9E7, 0x1F9E8, 0x1F9E9, 0x1F9EA, 0x1F9EB, 0x1F9EC, 0x1F9ED, 0x1F9EE,
  0x1F9EF, 0x1F9F0, 0x1F9F1, 0x1F9F2, 0x1F9F3, 0x1F9F4, 0x1F9F5, 0x1F9F6,
  0x1F9F7, 0x1F9F8, 0x1F9F9, 0x1F9FA, 0x1F9FB, 0x1F9FC, 0x1F9FD, 0x1F9FE,
  0x1F9FF, 0x1FA70, 0x1FA71, 0x1FA72, 0x1FA73, 0x1FA74, 0x1FA75, 0x1FA76,
  0x1FA77, 0x1FA78, 0x1FA79, 0x1FA7A, 0x1FA7B, 0x1FA7C, 0x1FA80, 0x1FA81,
  0x1FA82, 0x1FA83, 0x1FA84, 0x1FA85, 0x1FA86, 0x1FA87, 0x1FA88, 0x1FA89,
  0x1FA8A, 0x1FA8E, 0x1FA8F, 0x1FA90, 0x1FA91, 0x1FA92, 0x1FA93, 0x1FA94,
  0x1FA95, 0x1FA96, 0x1FA97, 0x1FA98, 0x1FA99, 0x1FA9A, 0x1FA9B, 0x1FA9C,
  0x1FA9D, 0x1FA9E, 0x1FA9F, 0x1FAA0, 0x1FAA1, 0x1FAA2, 0x1FAA3, 0x1FAA4,
  0x1FAA5, 0x1FAA6, 0x1FAA7, 0x1FAA8, 0x1FAA9, 0x1FAAA, 0x1FAAB, 0x1FAAC,
  0x1FAAD, 0x1FAAE, 0x1FAAF, 0x1FAB0, 0x1FAB1, 0x1FAB2, 0x1FAB3, 0x1FAB4,
  0x1FAB5, 0x1FAB6, 0x1FAB7, 0x1FAB8, 0x1FAB9, 0x1FABA, 0x1FABB, 0x1FABC,
  0x1FABD, 0x1FABE, 0x1FABF, 0x1FAC0, 0x1FAC1, 0x1FAC2, 0x1FAC3, 0x1FAC4,
  0x1FAC5, 0x1FAC6, 0x1FAC8, 0x1FACD, 0x1FACE, 0x1FACF, 0x1FAD0, 0x1FAD1,
  0x1FAD2, 0x1FAD3, 0x1FAD4, 0x1FAD5, 0x1FAD6, 0x1FAD7, 0x1FAD8, 0x1FAD9,
  0x1FADA, 0x1FADB, 0x1FADC, 0x1FADF, 0x1FAE0, 0x1FAE1, 0x1FAE2, 0x1FAE3,
  0x1FAE4, 0x1FAE5, 0x1FAE6, 0x1FAE7, 0x1FAE8, 0x1FAE9, 0x1FAEA, 0x1FAEF,
  0x1FAF0, 0x1FAF1, 0x1FAF2, 0x1FAF3, 0x1FAF4, 0x1FAF5, 0x1FAF6, 0x1FAF7,
  0x1FAF8, 0x00A9, 0xFE0F, 0x00AE, 0xFE0F, 0x203C, 0xFE0F, 0x2049,
  0xFE0F, 0x2122, 0xFE0F, 0x2139, 0xFE0F, 0x2194, 0xFE0F, 0x2195,
  0xFE0F, 0x2196, 0xFE0F, 0x2197, 0xFE0F, 0x2198, 0xFE0F, 0x2199,
  0xFE0F, 0x21A9, 0xFE0F, 0x21AA, 0xFE0F, 0x2328, 0xFE0F, 0x23CF,
  0xFE0F, 0x23ED, 0xFE0F, 0x23EE, 0xFE0F, 0x23EF, 0xFE0F, 0x23F1,
  0xFE0F, 0x23F2, 0xFE0F, 0x23F8, 0xFE0F, 0x23F9, 0xFE0F, 0x23FA,
  0xFE0F, 0x24C2, 0xFE0F, 0x25AA, 0xFE0F, 0x25AB, 0xFE0F, 0x25B6,
  0xFE0F, 0x25C0, 0xFE0F, 0x25FB, 0xFE0F, 0x25FC, 0xFE0F, 0x2600,
  0xFE0F, 0x2601, 0xFE0F, 0x2602, 0xFE0F, 0x2603, 0xFE0F, 0x2604,
  0xFE0F, 0x260E, 0xFE0F, 0x2611, 0xFE0F, 0x2618, 0xFE0F, 0x261D,
  0xFE0F, 0x2620, 0xFE0F, 0x2622, 0xFE0F, 0x2623, 0xFE0F, 0x2626,
  0xFE0F, 0x262A, 0xFE0F, 0x262E, 0xFE0F, 0x262F, 0xFE0F, 0x2638,
  0xFE0F, 0x2639, 0xFE0F, 0x263A, 0xFE0F, 0x2640, 0xFE0F, 0x2642,
  0xFE0F, 0x265F, 0xFE0F, 0x2660, 0xFE0F, 0x2663, 0xFE0F, 0x2665,
  0xFE0F, 0x2666, 0xFE0F, 0x2668, 0xFE0F, 0x267B, 0xFE0F, 0x267E,
  0xFE0F, 0x2692, 0xFE0F, 0x2694, 0xFE0F, 0x2695, 0xFE0F, 0x2696,
  0xFE0F, 0x2697, 0xFE0F, 0x2699, 0xFE0F, 0x269B, 0xFE0F, 0x269C,
  0xFE0F, 0x26A0, 0xFE0F, 0x26A7, 0xFE0F, 0x26B0, 0xFE0F, 0x26B1,
  0xFE0F, 0x26C8, 0xFE0F, 0x26CF, 0xFE0F, 0x26D1, 0xFE0F, 0x26D3,
  0xFE0F, 0x26E9, 0xFE0F, 0x26F0, 0xFE0F, 0x26F1, 0xFE0F, 0x26F4,
  0xFE0F, 0x26F7, 0xFE0F, 0x26F8, 0xFE0F, 0x26F9, 0xFE0F, 0x2702,
  0xFE0F, 0x2708, 0xFE0F, 0x2709, 0xFE0F, 0x270C, 0xFE0F, 0x270D,
  0xFE0F, 0x270F, 0xFE0F, 0x2712, 0xFE0F, 0x2714, 0xFE0F, 0x2716,
  0xFE0F, 0x271D, 0xFE0F, 0x2721, 0xFE0F, 0x2733, 0xFE0F, 0x2734,
  0xFE0F, 0x2744, 0xFE0F, 0x2747, 0xFE0F, 0x2763, 0xFE0F, 0x2764,
  0xFE0F, 0x27A1, 0xFE0F, 0x2934, 0xFE0F, 0x2935, 0xFE0F, 0x2B05,
  0xFE0F, 0x2B06, 0xFE0F, 0x2B07, 0xFE0F, 0x3030, 0xFE0F, 0x303D,
  0xFE0F, 0x3297, 0xFE0F, 0x3299, 0xFE0F, 0x1F170, 0xFE0F, 0x1F171,
  0xFE0F, 0x1F17E, 0xFE0F, 0x1F17F, 0xFE0F, 0x1F202, 0xFE0F, 0x1F237,
  0xFE0F, 0x1F321, 0xFE0F, 0x1F324, 0xFE0F, 0x1F325, 0xFE0F, 0x1F326,
  0xFE0F, 0x1F327, 0xFE0F, 0x1F328, 0xFE0F, 0x1F329, 0xFE0F, 0x1F32A,
  0xFE0F, 0x1F32B, 0xFE0F, 0x1F32C, 0xFE0F, 0x1F336, 0xFE0F, 0x1F37D,
  0xFE0F, 0x1F396, 0xFE0F, 0x1F397, 0xFE0F, 0x1F399, 0xFE0F, 0x1F39A,
  0xFE0F, 0x1F39B, 0xFE0F, 0x1F39E, 0xFE0F, 0x1F39F, 0xFE0F, 0x1F3CB,
  0xFE0F, 0x1F3CC, 0xFE0F, 0x1F3CD, 0xFE0F, 0x1F3CE, 0xFE0F, 0x1F3D4,
  0xFE0F, 0x1F3D5, 0xFE0F, 0x1F3D6, 0xFE0F, 0x1F3D7, 0xFE0F, 0x1F3D8,
  0xFE0F, 0x1F3D9, 0xFE0F, 0x1F3DA, 0xFE0F, 0x1F3DB, 0xFE0F, 0x1F3DC,
  0xFE0F, 0x1F3DD, 0xFE0F, 0x1F3DE, 0xFE0F, 0x1F3DF, 0xFE0F, 0x1F3F3,
  0xFE0F, 0x1F3F5, 0xFE0F, 0x1F3F7, 0xFE0F, 0x1F43F, 0xFE0F, 0x1F441,
  0xFE0F, 0x1F4FD, 0xFE0F, 0x1F549, 0xFE0F, 0x1F54A, 0xFE0F, 0x1F56F,
  0xFE0F, 0x1F570, 0xFE0F, 0x1F573, 0xFE0F, 0x1F574, 0xFE0F, 0x1F575,
  0xFE0F, 0x1F576, 0xFE0F, 0x1F577, 0xFE0F, 0x1F578, 0xFE0F, 0x1F579,
  0xFE0F, 0x1F587, 0xFE0F, 0x1F58A, 0xFE0F, 0x1F58B, 0xFE0F, 0x1F58C,
  0xFE0F, 0x1F58D, 0xFE0F, 0x1F590, 0xFE0F, 0x1F5A5, 0xFE0F, 0x1F5A8,
  0xFE0F, 0x1F5B1, 0xFE0F, 0x1F5B2, 0xFE0F, 0x1F5BC, 0xFE0F, 0x1F5C2,
  0xFE0F, 0x1F5C3, 0xFE0F, 0x1F5C4, 0xFE0F, 0x1F5D1, 0xFE0F, 0x1F5D2,
  0xFE0F, 0x1F5D3, 0xFE0F, 0x1F5DC, 0xFE0F, 0x1F5DD, 0xFE0F, 0x1F5DE,
  0xFE0F, 0x1F5E1, 0xFE0F, 0x1F5E3, 0xFE0F, 0x1F5E8, 0xFE0F, 0x1F5EF,
  0xFE0F, 0x1F5F3, 0xFE0F, 0x1F5FA, 0xFE0F, 0x1F6CB, 0xFE0F, 0x1F6CD,
  0xFE0F, 0x1F6CE, 0xFE0F, 0x1F6CF, 0xFE0F, 0x1F6E0, 0xFE0F, 0x1F6E1,
  0xFE0F, 0x1F6E2, 0xFE0F, 0x1F6E3, 0xFE0F, 0x1F6E4, 0xFE0F, 0x1F6E5,
  0xFE0F, 0x1F6E9, 0xFE0F, 0x1F6F0, 0xFE0F, 0x1F6F3, 0xFE0F, 0x0023,
  0xFE0F, 0x20E3, 0x002A, 0xFE0F, 0x20E3, 0x0030, 0xFE0F, 0x20E3,
  0x0031, 0xFE0F, 0x20E3, 0x0032, 0xFE0F, 0x20E3, 0x0033, 0xFE0F,
  0x20E3, 0x0034, 0xFE0F, 0x20E3, 0x0035, 0xFE0F, 0x20E3, 0x0036,
  0xFE0F, 0x20E3, 0x0037, 0xFE0F, 0x20E3, 0x0038, 0xFE0F, 0x20E3,
  0x0039, 0xFE0F, 0x20E3, 0x1F1E6, 0x1F1E8, 0x1F1E6, 0x1F1E9, 0x1F1E6,
  0x1F1EA, 0x1F1E6, 0x1F1EB, 0x1F1E6, 0x1F1EC, 0x1F1E6, 0x1F1EE, 0x1F1E6,
  0x1F1F1, 0x1F1E6, 0x1F1F2, 0x1F1E6, 0x1F1F4, 0x1F1E6, 0x1F1F6, 0x1F1E6,
  0x1F1F7, 0x1F1E6, 0x1F1F8, 0x1F1E6, 0x1F1F9, 0x1F1E6, 0x1F1FA, 0x1F1E6,
  0x1F1FC, 0x1F1E6, 0x1F1FD, 0x1F1E6, 0x1F1FF, 0x1F1E7, 0x1F1E6, 0x1F1E7,
  0x1F1E7, 0x1F1E7, 0x1F1E9, 0x1F1E7, 0x1F1EA, 0x1F1E7, 0x1F1EB, 0x1F1E7,
  0x1F1EC, 0x1F1E7, 0x1F1ED, 0x1F1E7, 0x1F1EE, 0x1F1E7, 0x1F1EF, 0x1F1E7,
  0x1F1F1, 0x1F1E7, 0x1F1F2, 0x1F1E7, 0x1F1F3, 0x1F1E7, 0x1F1F4, 0x1F1E7,
  0x1F1F6, 0x1F1E7, 0x1F1F7, 0x1F1E7, 0x1F1F8, 0x1F1E7, 0x1F1F9, 0x1F1E7,
  0x1F1FB, 0x1F1E7, 0x1F1FC, 0x1F1E7, 0x1F1FE, 0x1F1E7, 0x1F1FF, 0x1F1E8,
  0x1F1E6, 0x1F1E8, 0x1F1E8, 0x1F1E8, 0x1F1E9, 0x1F1E8, 0x1F1EB, 0x1F1E8,
  0x1F1EC, 0x1F1E8, 0x1F1ED, 0x1F1E8, 0x1F1EE, 0x1F1E8, 0x1F1F0, 0x1F1E8,
  0x1F1F1, 0x1F1E8, 0x1F1F2, 0x1F1E8, 0x1F1F3, 0x1F1E8, 0x1F1F4, 0x1F1E8,
  0x1F1F5, 0x1F1E8, 0x1F1F6, 0x1F1E8, 0x1F1F7, 0x1F1E8, 0x1F1FA, 0x1F1E8,
  0x1F1FB, 0x1F1E8, 0x1F1FC, 0x1F1E8, 0x1F1FD, 0x1F1E8, 0x1F1FE, 0x1F1E8,
  0x1F1FF, 0x1F1E9, 0x1F1EA, 0x1F1E9, 0x1F1EC, 0x1F1E9, 0x1F1EF, 0x1F1E9,
  0x1F1F0, 0x1F1E9, 0x1F1F2, 0x1F1E9, 0x1F1F4, 0x1F1E9, 0x1F1FF, 0x1F1EA,
  0x1F1E6, 0x1F1EA, 0x1F1E8, 0x1F1EA, 0x1F1EA, 0x1F1EA, 0x1F1EC, 0x1F1EA,
  0x1F1ED, 0x1F1EA, 0x1F1F7, 0x1F1EA, 0x1F1F8, 0x1F1EA, 0x1F1F9, 0x1F1EA,
  0x1F1FA, 0x1F1EB, 0x1F1EE, 0x1F1EB, 0x1F1EF, 0x1F1EB, 0x1F1F0, 0x1F1EB,
  0x1F1F2, 0x1F1EB, 0x1F1F4, 0x1F1EB, 0x1F1F7, 0x1F1EC, 0x1F1E6, 0x1F1EC,
  0x1F1E7, 0x1F1EC, 0x1F1E9, 0x1F1EC, 0x1F1EA, 0x1F1EC, 0x1F1EB, 0x1F1EC,
  0x1F1EC, 0x1F1EC, 0x1F1ED, 0x1F1EC, 0x1F1EE, 0x1F1EC, 0x1F1F1, 0x1F1EC,
  0x1F1F2, 0x1F1EC, 0x1F1F3, 0x1F1EC, 0x1F1F5, 0x1F1EC, 0x1F1F6, 0x1F1EC,
  0x1F1F7, 0x1F1EC, 0x1F1F8, 0x1F1EC, 0x1F1F9, 0x1F1EC, 0x1F1FA, 0x1F1EC,
  0x1F1FC, 0x1F1EC, 0x1F1FE, 0x1F1ED, 0x1F1F0, 0x1F1ED, 0x1F1F2, 0x1F1ED,
  0x1F1F3, 0x1F1ED, 0x1F1F7, 0x1F1ED, 0x1F1F9, 0x1F1ED, 0x1F1FA, 0x1F1EE,
  0x1F1E8, 0x1F1EE, 0x1F1E9, 0x1F1EE, 0x1F1EA, 0x1F1EE, 0x1F1F1, 0x1F1EE,
  0x1F1F2, 0x1F1EE, 0x1F1F3, 0x1F1EE, 0x1F1F4, 0x1F1EE, 0x1F1F6, 0x1F1EE,
  0x1F1F7, 0x1F1EE, 0x1F1F8, 0x1F1EE, 0x1F1F9, 0x1F1EF, 0x1F1EA, 0x1F1EF,
  0x1F1F2, 0x1F1EF, 0x1F1F4, 0x1F1EF, 0x1F1F5, 0x1F1F0, 0x1F1EA, 0x1F1F0,
  0x1F1EC, 0x1F1F0, 0x1F1ED, 0x1F1F0, 0x1F1EE, 0x1F1F0, 0x1F1F2, 0x1F1F0,
  0x1F1F3, 0x1F1F0, 0x1F1F5, 0x1F1F0, 0x1F1F7, 0x1F1F0, 0x1F1FC, 0x1F1F0,
  0x1F1FE, 0x1F1F0, 0x1F1FF, 0x1F1F1, 0x1F1E6, 0x1F1F1, 0x1F1E7, 0x1F1F1,
  0x1F1E8, 0x1F1F1, 0x1F1EE, 0x1F1F1, 0x1F1F0, 0x1F1F1, 0x1F1F7, 0x1F1F1,
  0x1F1F8, 0x1F1F1, 0x1F1F9, 0x1F1F1, 0x1F1FA, 0x1F1F1, 0x1F1FB, 0x1F1F1,
  0x1F1FE, 0x1F1F2, 0x1F1E6, 0x1F1F2, 0x1F1E8, 0x1F1F2, 0x1F1E9, 0x1F1F2,
  0x1F1EA, 0x1F1F2, 0x1F1EB, 0x1F1F2, 0x1F1EC, 0x1F1F2, 0x1F1ED, 0x1F1F2,
  0x1F1F0, 0x1F1F2, 0x1F1F1, 0x1F1F2, 0x1F1F2, 0x1F1F2, 0x1F1F3, 0x1F1F2,
  0x1F1F4, 0x1F1F2, 0x1F1F5, 0x1F1F2, 0x1F1F6, 0x1F1F2, 0x1F1F7, 0x1F1F2,
  0x1F1F8, 0x1F1F2, 0x1F1F9, 0x1F1F2, 0x1F1FA, 0x1F1F2, 0x1F1FB, 0x1F1F2,
  0x1F1FC, 0x1F1F2, 0x1F1FD, 0x1F1F2, 0x1F1FE, 0x1F1F2, 0x1F1FF, 0x1F1F3,
  0x1F1E6, 0x1F1F3, 0x1F1E8, 0x1F1F3, 0x1F1EA, 0x1F1F3, 0x1F1EB, 0x1F1F3,
  0x1F1EC, 0x1F1F3, 0x1F1EE, 0x1F1F3, 0x1F1F1, 0x1F1F3, 0x1F1F4, 0x1F1F3,
  0x1F1F5, 0x1F1F3, 0x1F1F7, 0x1F1F3, 0x1F1FA, 0x1F1F3, 0x1F1FF, 0x1F1F4,
  0x1F1F2, 0x1F1F5, 0x1F1E6, 0x1F1F5, 0x1F1EA, 0x1F1F5, 0x1F1EB, 0x1F1F5,
  0x1F1EC, 0x1F1F5, 0x1F1ED, 0x1F1F5, 0x1F1F0, 0x1F1F5, 0x1F1F1, 0x1F1F5,
  0x1F1F2, 0x1F1F5, 0x1F1F3, 0x1F1F5, 0x1F1F7, 0x1F1F5, 0x1F1F8, 0x1F1F5,
  0x1F1F9, 0x1F1F5, 0x1F1FC, 0x1F1F5, 0x1F1FE, 0x1F1F6, 0x1F1E6, 0x1F1F7,
  0x1F1EA, 0x1F1F7, 0x1F1F4, 0x1F1F7, 0x1F1F8, 0x1F1F7, 0x1F1FA, 0x1F1F7,
  0x1F1FC, 0x1F1F8, 0x1F1E6, 0x1F1F8, 0x1F1E7, 0x1F1F8, 0x1F1E8, 0x1F1F8,
  0x1F1E9, 0x1F1F8, 0x1F1EA, 0x1F1F8, 0x1F1EC, 0x1F1F8, 0x1F1ED, 0x1F1F8,
  0x1F1EE, 0x1F1F8, 0x1F1EF, 0x1F1F8, 0x1F1F0, 0x1F1F8, 0x1F1F1, 0x1F1F8,
  0x1F1F2, 0x1F1F8, 0x1F1F3, 0x1F1F8, 0x1F1F4, 0x1F1F8, 0x1F1F7, 0x1F1F8,
  0x1F1F8, 0x1F1F8, 0x1F1F9, 0x1F1F8, 0x1F1FB, 0x1F1F8, 0x1F1FD, 0x1F1F8,
  0x1F1FE, 0x1F1F8, 0x1F1FF, 0x1F1F9, 0x1F1E6, 0x1F1F9, 0x1F1E8, 0x1F1F9,
  0x1F1E9, 0x1F1F9, 0x1F1EB, 0x1F1F9, 0x1F1EC, 0x1F1F9, 0x1F1ED, 0x1F1F9,
  0x1F1EF, 0x1F1F9, 0x1F1F0, 0x1F1F9, 0x1F1F1, 0x1F1F9, 0x1F1F2, 0x1F1F9,
  0x1F1F3, 0x1F1F9, 0x1F1F4, 0x1F1F9, 0x1F1F7, 0x1F1F9, 0x1F1F9, 0x1F1F9,
  0x1F1FB, 0x1F1F9, 0x1F1FC, 0x1F1F9, 0x1F1FF, 0x1F1FA, 0x1F1E6, 0x1F1FA,
  0x1F1EC, 0x1F1FA, 0x1F1F2, 0x1F1FA, 0x1F1F3, 0x1F1FA, 0x1F1F8, 0x1F1FA,
  0x1F1FE, 0x1F1FA, 0x1F1FF, 0x1F1FB, 0x1F1E6, 0x1F1FB, 0x1F1E8, 0x1F1FB,
  0x1F1EA, 0x1F1FB, 0x1F1EC, 0x1F1FB, 0x1F1EE, 0x1F1FB, 0x1F1F3, 0x1F1FB,
  0x1F1FA, 0x1F1FC, 0x1F1EB, 0x1F1FC, 0x1F1F8, 0x1F1FD, 0x1F1F0, 0x1F1FE,
  0x1F1EA, 0x1F1FE, 0x1F1F9, 0x1F1FF, 0x1F1E6, 0x1F1FF, 0x1F1F2, 0x1F1FF,
  0x1F1FC, 0x261D, 0x1F3FB, 0x261D, 0x1F3FC, 0x261D, 0x1F3FD, 0x261D,
  0x1F3FE, 0x261D, 0x1F3FF, 0x26F9, 0x1F3FB, 0x26F9, 0x1F3FC, 0x26F9,
  0x1F3FD, 0x26F9, 0x1F3FE, 0x26F9, 0x1F3FF, 0x270A, 0x1F3FB, 0x270A,
  0x1F3FC, 0x270A, 0x1F3FD, 0x270A, 0x1F3FE, 0x270A, 0x1F3FF, 0x270B,
  0x1F3FB, 0x270B, 0x1F3FC, 0x270B, 0x1F3FD, 0x270B, 0x1F3FE, 0x270B,
  0x1F3FF, 0x270C, 0x1F3FB, 0x270C, 0x1F3FC, 0x270C, 0x1F3FD, 0x270C,
  0x1F3FE, 0x270C, 0x1F3FF, 0x270D, 0x1F3FB, 0x270D, 0x1F3FC, 0x270D,
  0x1F3FD, 0x270D, 0x1F3FE, 0x270D, 0x1F3FF, 0x1F385, 0x1F3FB, 0x1F385,
  0x1F3FC, 0x1F385, 0x1F3FD, 0x1F385, 0x1F3FE, 0x1F385, 0x1F3FF, 0x1F3C2,
  0x1F3FB, 0x1F3C2, 0x1F3FC, 0x1F3C2, 0x1F3FD, 0x1F3C2, 0x1F3FE, 0x1F3C2,
  0x1F3FF, 0x1F3C3, 0x1F3FB, 0x1F3C3, 0x1F3FC, 0x1F3C3, 0x1F3FD, 0x1F3C3,
  0x1F3FE, 0x1F3C3, 0x1F3FF, 0x1F3C4, 0x1F3FB, 0x1F3C4, 0x1F3FC, 0x1F3C4,
  0x1F3FD, 0x1F3C4, 0x1F3FE, 0x1F3C4, 0x1F3FF, 0x1F3C7, 0x1F3FB, 0x1F3C7,
  0x1F3FC, 0x1F3C7, 0x1F3FD, 0x1F3C7, 0x1F3FE, 0x1F3C7, 0x1F3FF, 0x1F3CA,
  0x1F3FB, 0x1F3CA, 0x1F3FC, 0x1F3CA, 0x1F3FD, 0x1F3CA, 0x1F3FE, 0x1F3CA,
  0x1F3FF, 0x1F3CB, 0x1F3FB, 0x1F3CB, 0x1F3FC, 0x1F3CB, 0x1F3FD, 0x1F3CB,
  0x1F3FE, 0x1F3CB, 0x1F3FF, 0x1F3CC, 0x1F3FB, 0x1F3CC, 0x1F3FC, 0x1F3CC,
  0x1F3FD, 0x1F3CC, 0x1F3FE, 0x1F3CC, 0x1F3FF, 0x1F442, 0x1F3FB, 0x1F442,
  0x1F3FC, 0x1F442, 0x1F3FD, 0x1F442, 0x1F3FE, 0x1F442, 0x1F3FF, 0x1F443,
  0x1F3FB, 0x1F443, 0x1F3FC, 0x1F443, 0x1F3FD, 0x1F443, 0x1F3FE, 0x1F443,
  0x1F3FF, 0x1F446, 0x1F3FB, 0x1F446, 0x1F3FC, 0x1F446, 0x1F3FD, 0x1F446,
  0x1F3FE, 0x1F446, 0x1F3FF, 0x1F447, 0x1F3FB, 0x1F447, 0x1F3FC, 0x1F447,
  0x1F3FD, 0x1F447, 0x1F3FE, 0x1F447, 0x1F3FF, 0x1F448, 0x1F3FB, 0x1F448,
  0x1F3FC, 0x1F448, 0x1F3FD, 0x1F448, 0x1F3FE, 0x1F448, 0x1F3FF, 0x1F449,
  0x1F3FB, 0x1F449, 0x1F3FC, 0x1F449, 0x1F3FD, 0x1F449, 0x1F3FE, 0x1F449,
  0x1F3FF, 0x1F44A, 0x1F3FB, 0x1F44A, 0x1F3FC, 0x1F44A, 0x1F3FD, 0x1F44A,
  0x1F3FE, 0x1F44A, 0x1F3FF, 0x1F44B, 0x1F3FB, 0x1F44B, 0x1F3FC, 0x1F44B,
  0x1F3FD, 0x1F44B, 0x1F3FE, 0x1F44B, 0x1F3FF, 0x1F44C, 0x1F3FB, 0x1F44C,
  0x1F3FC, 0x1F44C, 0x1F3FD, 0x1F44C, 0x1F3FE, 0x1F44C, 0x1F3FF, 0x1F44D,
  0x1F3FB, 0x1F44D, 0x1F3FC, 0x1F44D, 0x1F3FD, 0x1F44D, 0x1F3FE, 0x1F44D,
  0x1F3FF, 0x1F44E, 0x1F3FB, 0x1F44E, 0x1F3FC, 0x1F44E, 0x1F3FD, 0x1F44E,
  0x1F3FE, 0x1F44E, 0x1F3FF, 0x1F44F, 0x1F3FB, 0x1F44F, 0x1F3FC, 0x1F44F,
  0x1F3FD, 0x1F44F, 0x1F3FE, 0x1F44F, 0x1F3FF, 0x1F450, 0x1F3FB, 0x1F450,
  0x1F3FC, 0x1F450, 0x1F3FD, 0x1F450, 0x1F3FE, 0x1F450, 0x1F3FF, 0x1F466,
  0x1F3FB, 0x1F466, 0x1F3FC, 0x1F466, 0x1F3FD, 0x1F466, 0x1F3FE, 0x1F466,
  0x1F3FF, 0x1F467, 0x1F3FB, 0x1F467, 0x1F3FC, 0x1F467, 0x1F3FD, 0x1F467,
  0x1F3FE, 0x1F467, 0x1F3FF, 0x1F468, 0x1F3FB, 0x1F468, 0x1F3FC, 0x1F468,
  0x1F3FD, 0x1F468, 0x1F3FE, 0x1F468, 0x1F3FF, 0x1F469, 0x1F3FB, 0x1F469,
  0x1F3FC, 0x1F469, 0x1F3FD, 0x1F469, 0x1F3FE, 0x1F469, 0x1F3FF, 0x1F46B,
  0x1F3FB, 0x1F46B, 0x1F3FC, 0x1F46B, 0x1F3FD, 0x1F46B, 0x1F3FE, 0x1F46B,
  0x1F3FF, 0x1F46C, 0x1F3FB, 0x1F46C, 0x1F3FC, 0x1F46C, 0x1F3FD, 0x1F46C,
  0x1F3FE, 0x1F46C, 0x1F3FF, 0x1F46D, 0x1F3FB, 0x1F46D, 0x1F3FC, 0x1F46D,
  0x1F3FD, 0x1F46D, 0x1F3FE, 0x1F46D, 0x1F3FF, 0x1F46E, 0x1F3FB, 0x1F46E,
  0x1F3FC, 0x1F46E, 0x1F3FD, 0x1F46E, 0x1F3FE, 0x1F46E, 0x1F3FF, 0x1F46F,
  0x1F3FB, 0x1F46F, 0x1F3FC, 0x1F46F, 0x1F3FD, 0x1F46F, 0x1F3FE, 0x1F46F,
  0x1F3FF, 0x1F470, 0x1F3FB, 0x1F470, 0x1F3FC, 0x1F470, 0x1F3FD, 0x1F470,
  0x1F3FE, 0x1F470, 0x1F3FF, 0x1F471, 0x1F3FB, 0x1F471, 0x1F3FC, 0x1F471,
  0x1F3FD, 0x1F471, 0x1F3FE, 0x1F471, 0x1F3FF, 0x1F472, 0x1F3FB, 0x1F472,
  0x1F3FC, 0x1F472, 0x1F3FD, 0x1F472, 0x1F3FE, 0x1F472, 0x1F3FF, 0x1F473,
  0x1F3FB, 0x1F473, 0x1F3FC, 0x1F473, 0x1F3FD, 0x1F473, 0x1F3FE, 0x1F473,
  0x1F3FF, 0x1F474, 0x1F3FB, 0x1F474, 0x1F3FC, 0x1F474, 0x1F3FD, 0x1F474,
  0x1F3FE, 0x1F474, 0x1F3FF, 0x1F475, 0x1F3FB, 0x1F475, 0x1F3FC, 0x1F475,
  0x1F3FD, 0x1F475, 0x1F3FE, 0x1F475, 0x1F3FF, 0x1F476, 0x1F3FB, 0x1F476,
  0x1F3FC, 0x1F476, 0x1F3FD, 0x1F476, 0x1F3FE, 0x1F476, 0x1F3FF, 0x1F477,
  0x1F3FB, 0x1F477, 0x1F3FC, 0x1F477, 0x1F3FD, 0x1F477, 0x1F3FE, 0x1F477,
  0x1F3FF, 0x1F478, 0x1F3FB, 0x1F478, 0x1F3FC, 0x1F478, 0x1F3FD, 0x1F478,
  0x1F3FE, 0x1F478, 0x1F3FF, 0x1F47C, 0x1F3FB, 0x1F47C, 0x1F3FC, 0x1F47C,
  0x1F3FD, 0x1F47C, 0x1F3FE, 0x1F47C, 0x1F3FF, 0x1F481, 0x1F3FB, 0x1F481,
  0x1F3FC, 0x1F481, 0x1F3FD, 0x1F481, 0x1F3FE, 0x1F481, 0x1F3FF, 0x1F482,
  0x1F3FB, 0x1F482, 0x1F3FC, 0x1F482, 0x1F3FD, 0x1F482, 0x1F3FE, 0x1F482,
  0x1F3FF, 0x1F483, 0x1F3FB, 0x1F483, 0x1F3FC, 0x1F483, 0x1F3FD, 0x1F483,
  0x1F3FE, 0x1F483, 0x1F3FF, 0x1F485, 0x1F3FB, 0x1F485, 0x1F3FC, 0x1F485,
  0x1F3FD, 0x1F485, 0x1F3FE, 0x1F485, 0x1F3FF, 0x1F486, 0x1F3FB, 0x1F486,
  0x1F3FC, 0x1F486, 0x1F3FD, 0x1F486, 0x1F3FE, 0x1F486, 0x1F3FF, 0x1F487,
  0x1F3FB, 0x1F487, 0x1F3FC, 0x1F487, 0x1F3FD, 0x1F487, 0x1F3FE, 0x1F487,
  0x1F3FF, 0x1F48F, 0x1F3FB, 0x1F48F, 0x1F3FC, 0x1F48F, 0x1F3FD, 0x1F48F,
  0x1F3FE, 0x1F48F, 0x1F3FF, 0x1F491, 0x1F3FB, 0x1F491, 0x1F3FC, 0x1F491,
  0x1F3FD, 0x1F491, 0x1F3FE, 0x1F491, 0x1F3FF, 0x1F4AA, 0x1F3FB, 0x1F4AA,
  0x1F3FC, 0x1F4AA, 0x1F3FD, 0x1F4AA, 0x1F3FE, 0x1F4AA, 0x1F3FF, 0x1F574,
  0x1F3FB, 0x1F574, 0x1F3FC, 0x1F574, 0x1F3FD, 0x1F574, 0x1F3FE, 0x1F574,
  0x1F3FF, 0x1F575, 0x1F3FB, 0x1F575, 0x1F3FC, 0x1F575, 0x1F3FD, 0x1F575,
  0x1F3FE, 0x1F575, 0x1F3FF, 0x1F57A, 0x1F3FB, 0x1F57A, 0x1F3FC, 0x1F57A,
  0x1F3FD, 0x1F57A, 0x1F3FE, 0x1F57A, 0x1F3FF, 0x1F590, 0x1F3FB, 0x1F590,
  0x1F3FC, 0x1F590, 0x1F3FD, 0x1F590, 0x1F3FE, 0x1F590, 0x1F3FF, 0x1F595,
  0x1F3FB, 0x1F595, 0x1F3FC, 0x1F595, 0x1F3FD, 0x1F595, 0x1F3FE, 0x1F595,
  0x1F3FF, 0x1F596, 0x1F3FB, 0x1F596, 0x1F3FC, 0x1F596, 0x1F3FD, 0x1F596,
  0x1F3FE, 0x1F596, 0x1F3FF, 0x1F645, 0x1F3FB, 0x1F645, 0x1F3FC, 0x1F645,
  0x1F3FD, 0x1F645, 0x1F3FE, 0x1F645, 0x1F3FF, 0x1F646, 0x1F3FB, 0x1F646,
  0x1F3FC, 0x1F646, 0x1F3FD, 0x1F646, 0x1F3FE, 0x1F646, 0x1F3FF, 0x1F647,
  0x1F3FB, 0x1F647, 0x1F3FC, 0x1F647, 0x1F3FD, 0x1F647, 0x1F3FE, 0x1F647,
  0x1F3FF, 0x1F64B, 0x1F3FB, 0x1F64B, 0x1F3FC, 0x1F64B, 0x1F3FD, 0x1F64B,
  0x1F3FE, 0x1F64B, 0x1F3FF, 0x1F64C, 0x1F3FB, 0x1F64C, 0x1F3FC, 0x1F64C,
  0x1F3FD, 0x1F64C, 0x1F3FE, 0x1F64C, 0x1F3FF, 0x1F64D, 0x1F3FB, 0x1F64D,
  0x1F3FC, 0x1F64D, 0x1F3FD, 0x1F64D, 0x1F3FE, 0x1F64D, 0x1F3FF, 0x1F64E,
  0x1F3FB, 0x1F64E, 0x1F3FC, 0x1F64E, 0x1F3FD, 0x1F64E, 0x1F3FE, 0x1F64E,
  0x1F3FF, 0x1F64F, 0x1F3FB, 0x1F64F, 0x1F3FC, 0x1F64F, 0x1F3FD, 0x1F64F,
  0x1F3FE, 0x1F64F, 0x1F3FF, 0x1F6A3, 0x1F3FB, 0x1F6A3, 0x1F3FC, 0x1F6A3,
  0x1F3FD, 0x1F6A3, 0x1F3FE, 0x1F6A3, 0x1F3FF, 0x1F6B4, 0x1F3FB, 0x1F6B4,
  0x1F3FC, 0x1F6B4, 0x1F3FD, 0x1F6B4, 0x1F3FE, 0x1F6B4, 0x1F3FF, 0x1F6B5,
  0x1F3FB, 0x1F6B5, 0x1F3FC, 0x1F6B5, 0x1F3FD, 0x1F6B5, 0x1F3FE, 0x1F6B5,
  0x1F3FF, 0x1F6B6, 0x1F3FB, 0x1F6B6, 0x1F3FC, 0x1F6B6, 0x1F3FD, 0x1F6B6,
  0x1F3FE, 0x1F6B6, 0x1F3FF, 0x1F6C0, 0x1F3FB, 0x1F6C0, 0x1F3FC, 0x1F6C0,
  0x1F3FD, 0x1F6C0, 0x1F3FE, 0x1F6C0, 0x1F3FF, 0x1F6CC, 0x1F3FB, 0x1F6CC,
  0x1F3FC, 0x1F6CC, 0x1F3FD, 0x1F6CC, 0x1F3FE, 0x1F6CC, 0x1F3FF, 0x1F90C,
  0x1F3FB, 0x1F90C, 0x1F3FC, 0x1F90C, 0x1F3FD, 0x1F90C, 0x1F3FE, 0x1F90C,
  0x1F3FF, 0x1F90F, 0x1F3FB, 0x1F90F, 0x1F3FC, 0x1F90F, 0x1F3FD, 0x1F90F,
  0x1F3FE, 0x1F90F, 0x1F3FF, 0x1F918, 0x1F3FB, 0x1F918, 0x1F3FC, 0x1F918,
  0x1F3FD, 0x1F918, 0x1F3FE, 0x1F918, 0x1F3FF, 0x1F919, 0x1F3FB, 0x1F919,
  0x1F3FC, 0x1F919, 0x1F3FD, 0x1F919, 0x1F3FE, 0x1F919, 0x1F3FF, 0x1F91A,
  0x1F3FB, 0x1F91A, 0x1F3FC, 0x1F91A, 0x1F3FD, 0x1F91A, 0x1F3FE, 0x1F91A,
  0x1F3FF, 0x1F91B, 0x1F3FB, 0x1F91B, 0x1F3FC, 0x1F91B, 0x1F3FD, 0x1F91B,
  0x1F3FE, 0x1F91B, 0x1F3FF, 0x1F91C, 0x1F3FB, 0x1F91C, 0x1F3FC, 0x1F91C,
  0x1F3FD, 0x1F91C, 0x1F3FE, 0x1F91C, 0x1F3FF, 0x1F91D, 0x1F3FB, 0x1F91D,
  0x1F3FC, 0x1F91D, 0x1F3FD, 0x1F91D, 0x1F3FE, 0x1F91D, 0x1F3FF, 0x1F91E,
  0x1F3FB, 0x1F91E, 0x1F3FC, 0x1F91E, 0x1F3FD, 0x1F91E, 0x1F3FE, 0x1F91E,
  0x1F3FF, 0x1F91F, 0x1F3FB, 0x1F91F, 0x1F3FC, 0x1F91F, 0x1F3FD, 0x1F91F,
  0x1F3FE, 0x1F91F, 0x1F3FF, 0x1F926, 0x1F3FB, 0x1F926, 0x1F3FC, 0x1F926,
  0x1F3FD, 0x1F926, 0x1F3FE, 0x1F926, 0x1F3FF, 0x1F930, 0x1F3FB, 0x1F930,
  0x1F3FC, 0x1F930, 0x1F3FD, 0x1F930, 0x1F3FE, 0x1F930, 0x1F3FF, 0x1F931,
  0x1F3FB, 0x1F931, 0x1F3FC, 0x1F931, 0x1F3FD, 0x1F931, 0x1F3FE, 0x1F931,
  0x1F3FF, 0x1F932, 0x1F3FB, 0x1F932, 0x1F3FC, 0x1F932, 0x1F3FD, 0x1F932,
  0x1F3FE, 0x1F932, 0x1F3FF, 0x1F933, 0x1F3FB, 0x1F933, 0x1F3FC, 0x1F933,
  0x1F3FD, 0x1F933, 0x1F3FE, 0x1F933, 0x1F3FF, 0x1F934, 0x1F3FB, 0x1F934,
  0x1F3FC, 0x1F934, 0x1F3FD, 0x1F934, 0x1F3FE, 0x1F934, 0x1F3FF, 0x1F935,
  0x1F3FB, 0x1F935, 0x1F3FC, 0x1F935, 0x1F3FD, 0x1F935, 0x1F3FE, 0x1F935,
  0x1F3FF, 0x1F936, 0x1F3FB, 0x1F936, 0x1F3FC, 0x1F936, 0x1F3FD, 0x1F936,
  0x1F3FE, 0x1F936, 0x1F3FF, 0x1F937, 0x1F3FB, 0x1F937, 0x1F3FC, 0x1F937,
  0x1F3FD, 0x1F937, 0x1F3FE, 0x1F937, 0x1F3FF, 0x1F938, 0x1F3FB, 0x1F938,
  0x1F3FC, 0x1F938, 0x1F3FD, 0x1F938, 0x1F3FE, 0x1F938, 0x1F3FF, 0x1F939,
  0x1F3FB, 0x1F939, 0x1F3FC, 0x1F939, 0x1F3FD, 0x1F939, 0x1F3FE, 0x1F939,
  0x1F3FF, 0x1F93C, 0x1F3FB, 0x1F93C, 0x1F3FC, 0x1F93C, 0x1F3FD, 0x1F93C,
  0x1F3FE, 0x1F93C, 0x1F3FF, 0x1F93D, 0x1F3FB, 0x1F93D, 0x1F3FC, 0x1F93D,
  0x1F3FD, 0x1F93D, 0x1F3FE, 0x1F93D, 0x1F3FF, 0x1F93E, 0x1F3FB, 0x1F93E,
  0x1F3FC, 0x1F93E, 0x1F3FD, 0x1F93E, 0x1F3FE, 0x1F93E, 0x1F3FF, 0x1F977,
  0x1F3FB, 0x1F977, 0x1F3FC, 0x1F977, 0x1F3FD, 0x1F977, 0x1F3FE, 0x1F977,
  0x1F3FF, 0x1F9B5, 0x1F3FB, 0x1F9B5, 0x1F3FC, 0x1F9B5, 0x1F3FD, 0x1F9B5,
  0x1F3FE, 0x1F9B5, 0x1F3FF, 0x1F9B6, 0x1F3FB, 0x1F9B6, 0x1F3FC, 0x1F9B6,
  0x1F3FD, 0x1F9B6, 0x1F3FE, 0x1F9B6, 0x1F3FF, 0x1F9B8, 0x1F3FB, 0x1F9B8,
  0x1F3FC, 0x1F9B8, 0x1F3FD, 0x1F9B8, 0x1F3FE, 0x1F9B8, 0x1F3FF, 0x1F9B9,
  0x1F3FB, 0x1F9B9, 0x1F3FC, 0x1F9B9, 0x1F3FD, 0x1F9B9, 0x1F3FE, 0x1F9B9,
  0x1F3FF, 0x1F9BB, 0x1F3FB, 0x1F9BB, 0x1F3FC, 0x1F9BB, 0x1F3FD, 0x1F9BB,
  0x1F3FE, 0x1F9BB, 0x1F3FF, 0x1F9CD, 0x1F3FB, 0x1F9CD, 0x1F3FC, 0x1F9CD,
  0x1F3FD, 0x1F9CD, 0x1F3FE, 0x1F9CD, 0x1F3FF, 0x1F9CE, 0x1F3FB, 0x1F9CE,
  0x1F3FC, 0x1F9CE, 0x1F3FD, 0x1F9CE, 0x1F3FE, 0x1F9CE, 0x1F3FF, 0x1F9CF,
  0x1F3FB, 0x1F9CF, 0x1F3FC, 0x1F9CF, 0x1F3FD, 0x1F9CF, 0x1F3FE, 0x1F9CF,
  0x1F3FF, 0x1F9D1, 0x1F3FB, 0x1F9D1, 0x1F3FC, 0x1F9D1, 0x1F3FD, 0x1F9D1,
  0x1F3FE, 0x1F9D1, 0x1F3FF, 0x1F9D2, 0x1F3FB, 0x1F9D2, 0x1F3FC, 0x1F9D2,
  0x1F3FD, 0x1F9D2, 0x1F3FE, 0x1F9D2, 0x1F3FF, 0x1F9D3, 0x1F3FB, 0x1F9D3,
  0x1F3FC, 0x1F9D3, 0x1F3FD, 0x1F9D3, 0x1F3FE, 0x1F9D3, 0x1F3FF, 0x1F9D4,
  0x1F3FB, 0x1F9D4, 0x1F3FC, 0x1F9D4, 0x1F3FD, 0x1F9D4, 0x1F3FE, 0x1F9D4,
  0x1F3FF, 0x1F9D5, 0x1F3FB, 0x1F9D5, 0x1F3FC, 0x1F9D5, 0x1F3FD, 0x1F9D5,
  0x1F3FE, 0x1F9D5, 0x1F3FF, 0x1F9D6, 0x1F3FB, 0x1F9D6, 0x1F3FC, 0x1F9D6,
  0x1F3FD, 0x1F9D6, 0x1F3FE, 0x1F9D6, 0x1F3FF, 0x1F9D7, 0x1F3FB, 0x1F9D7,
  0x1F3FC, 0x1F9D7, 0x1F3FD, 0x1F9D7, 0x1F3FE, 0x1F9D7, 0x1F3FF, 0x1F9D8,
  0x1F3FB, 0x1F9D8, 0x1F3FC, 0x1F9D8, 0x1F3FD, 0x1F9D8, 0x1F3FE, 0x1F9D8,
  0x1F3FF, 0x1F9D9, 0x1F3FB, 0x1F9D9, 0x1F3FC, 0x1F9D9, 0x1F3FD, 0x1F9D9,
  0x1F3FE, 0x1F9D9, 0x1F3FF, 0x1F9DA, 0x1F3FB, 0x1F9DA, 0x1F3FC, 0x1F9DA,
  0x1F3FD, 0x1F9DA, 0x1F3FE, 0x1F9DA, 0x1F3FF, 0x1F9DB, 0x1F3FB, 0x1F9DB,
  0x1F3FC, 0x1F9DB, 0x1F3FD, 0x1F9DB, 0x1F3FE, 0x1F9DB, 0x1F3FF, 0x1F9DC,
  0x1F3FB, 0x1F9DC, 0x1F3FC, 0x1F9DC, 0x1F3FD, 0x1F9DC, 0x1F3FE, 0x1F9DC,
  0x1F3FF, 0x1F9DD, 0x1F3FB, 0x1F9DD, 0x1F3FC, 0x1F9DD, 0x1F3FD, 0x1F9DD,
  0x1F3FE, 0x1F9DD, 0x1F3FF, 0x1FAC3, 0x1F3FB, 0x1FAC3, 0x1F3FC, 0x1FAC3,
  0x1F3FD, 0x1FAC3, 0x1F3FE, 0x1FAC3, 0x1F3FF, 0x1FAC4, 0x1F3FB, 0x1FAC4,
  0x1F3FC, 0x1FAC4, 0x1F3FD, 0x1FAC4, 0x1F3FE, 0x1FAC4, 0x1F3FF, 0x1FAC5,
  0x1F3FB, 0x1FAC5, 0x1F3FC, 0x1FAC5, 0x1F3FD, 0x1FAC5, 0x1F3FE, 0x1FAC5,
  0x1F3FF, 0x1FAF0, 0x1F3FB, 0x1FAF0, 0x1F3FC, 0x1FAF0, 0x1F3FD, 0x1FAF0,
  0x1F3FE, 0x1FAF0, 0x1F3FF, 0x1FAF1, 0x1F3FB, 0x1FAF1, 0x1F3FC, 0x1FAF1,
  0x1F3FD, 0x1FAF1, 0x1F3FE, 0x1FAF1, 0x1F3FF, 0x1FAF2, 0x1F3FB, 0x1FAF2,
  0x1F3FC, 0x1FAF2, 0x1F3FD, 0x1FAF2, 0x1F3FE, 0x1FAF2, 0x1F3FF, 0x1FAF3,
  0x1F3FB, 0x1FAF3, 0x1F3FC, 0x1FAF3, 0x1F3FD, 0x1FAF3, 0x1F3FE, 0x1FAF3,
  0x1F3FF, 0x1FAF4, 0x1F3FB, 0x1FAF4, 0x1F3FC, 0x1FAF4, 0x1F3FD, 0x1FAF4,
  0x1F3FE, 0x1FAF4, 0x1F3FF, 0x1FAF5, 0x1F3FB, 0x1FAF5, 0x1F3FC, 0x1FAF5,
  0x1F3FD, 0x1FAF5, 0x1F3FE, 0x1FAF5, 0x1F3FF, 0x1FAF6, 0x1F3FB, 0x1FAF6,
  0x1F3FC, 0x1FAF6, 0x1F3FD, 0x1FAF6, 0x1F3FE, 0x1FAF6, 0x1F3FF, 0x1FAF7,
  0x1F3FB, 0x1FAF7, 0x1F3FC, 0x1FAF7, 0x1F3FD, 0x1FAF7, 0x1F3FE, 0x1FAF7,
  0x1F3FF, 0x1FAF8, 0x1F3FB, 0x1FAF8, 0x1F3FC, 0x1FAF8, 0x1F3FD, 0x1FAF8,
  0x1F3FE, 0x1FAF8, 0x1F3FF, 0x1F3F4, 0xE0067, 0xE0062, 0xE0065, 0xE006E,
  0xE0067, 0xE007F, 0x1F3F4, 0xE0067, 0xE0062, 0xE0073, 0xE0063, 0xE0074,
  0xE007F, 0x1F3F4, 0xE0067, 0xE0062, 0xE0077, 0xE006C, 0xE0073, 0xE007F,
  0x1F468, 0x200D, 0x2764, 0xFE0F, 0x200D, 0x1F468, 0x1F468, 0x200D,
  0x2764, 0xFE0F, 0x200D, 0x1F48B, 0x200D, 0x1F468, 0x1F468, 0x200D,
  0x1F466, 0x1F468, 0x200D, 0x1F466, 0x200D, 0x1F466, 0x1F468, 0x200D,
  0x1F467, 0x1F468, 0x200D, 0x1F467, 0x200D, 0x1F466, 0x1F468, 0x200D,
  0x1F467, 0x200D, 0x1F467, 0x1F468, 0x200D, 0x1F468, 0x200D, 0x1F466,
  0x1F468, 0x200D, 0x1F468, 0x200D, 0x1F466, 0x200D, 0x1F466, 0x1F468,
  0x200D, 0x1F468, 0x200D, 0x1F467, 0x1F468, 0x200D, 0x1F468, 0x200D,
  0x1F467, 0x200D, 0x1F466, 0x1F468, 0x200D, 0x1F468, 0x200D, 0x1F467,
  0x200D, 0x1F467, 0x1F468, 0x200D, 0x1F469, 0x200D, 0x1F466, 0x1F468,
  0x200D, 0x1F469, 0x200D, 0x1F466, 0x200D, 0x1F466, 0x1F468, 0x200D,
  0x1F469, 0x200D, 0x1F467, 0x1F468, 0x200D, 0x1F469, 0x200D, 0x1F467,
  0x200D, 0x1F466, 0x1F468, 0x200D, 0x1F469, 0x200D, 0x1F467, 0x200D,
  0x1F467, 0x1F468, 0x1F3FB, 0x200D, 0x2764, 0xFE0F, 0x200D, 0x1F468,
  0x1F3FB, 0x1F468, 0x1F3FB, 0x200D, 0x2764, 0xFE0F, 0x200D, 0x1F468,
  0x1F3FC, 0x1F468, 0x1F3FB, 0x200D, 0x2764, 0xFE0F, 0x200D, 0x1F468,
  0x1F3FD, 0x1F468, 0x1F3FB, 0x200D, 0x2764, 0xFE0F, 0x200D, 0x1F468,
  0x1F3FE, 0x1F468, 0x1F3FB, 0x200D, 0x2764, 0xFE0F, 0x200D, 0x1F468,
  0x1F3FF, 0x1F468, 0x1F3FB, 0x200D, 0x2764, 0xFE0F, 0x200D, 0x1F48B,
  0x200D, 0x1F468, 0x1F3FB, 0x1F468, 0x1F3FB, 0x200D, 0x2764, 0xFE0F,
  0x200D, 0x1F48B, 0x200D, 0x1F468, 0x1F3FC, 0x1F468, 0x1F3FB, 0x200D,
  0x2764, 0xFE0F, 0x200D, 0x1F48B, 0x200D, 0x1F468, 0x1F3FD, 0x1F468,
  0x1F3FB, 0x200D, 0x2764, 0xFE0F, 0x200D, 0x1F48B, 0x200D, 0x1F468,
  0x1F3FE, 0x1F468, 0x1F3FB, 0x200D, 0x2764, 0xFE0F, 0x200D, 0x1F48B,
  0x200D, 0x1F468, 0x1F3FF, 0x1F468, 0x1F3FB, 0x200D, 0x1F430, 0x200D,
  0x1F468, 0x1F3FC, 0x1F468, 0x1F3FB, 0x200D, 0x1F430, 0x200D, 0x1F468,
  0x1F3FD, 0x1F468, 0x1F3FB, 0x200D, 0x1F430, 0x200D, 0x1F468, 0x1F3FE,
  0x1F468, 0x1F3FB, 0x200D, 0x1F430, 0x200D, 0x1F468, 0x1F3FF, 0x1F468,
  0x1F3FB, 0x200D, 0x1F91D, 0x200D, 0x1F468, 0x1F3FC, 0x1F468, 0x1F3FB,
  0x200D, 0x1F91D, 0x200D, 0x1F468, 0x1F3FD, 0x1F468, 0x1F3FB, 0x200D,
  0x1F91D, 0x200D, 0x1F468, 0x1F3FE, 0x1F468, 0x1F3FB, 0x200D, 0x1F91D,
  0x200D, 0x1F468, 0x1F3FF, 0x1F468, 0x1F3FB, 0x200D, 0x1FAEF, 0x200D,
  0x1F468, 0x1F3FC, 0x1F468, 0x1F3FB, 0x200D, 0x1FAEF, 0x200D, 0x1F468,
  0x1F3FD, 0x1F468, 0x1F3FB, 0x200D, 0x1FAEF, 0x200D, 0x1F468, 0x1F3FE,
  0x1F468, 0x1F3FB, 0x200D, 0x1FAEF, 0x200D, 0x1F468, 0x1F3FF, 0x1F468,
  0x1F3FC, 0x200D, 0x2764, 0xFE0F, 0x200D, 0x1F468, 0x1F3FB, 0x1F468,
  0x1F3FC, 0x200D, 0x2764, 0xFE0F, 0x200D, 0x1F468, 0x1F3FC, 0x1F468,
  0x1F3FC, 0x200D, 0x2764, 0xFE0F, 0x200D, 0x1F468, 0x1F3FD, 0x1F468,
  0x1F3FC, 0x200D, 0x2764, 0xFE0F, 0x200D, 0x1F468, 0x1F3FE, 0x1F468,
  0x1F3FC, 0x200D, 0x2764, 0xFE0F, 0x200D, 0x1F468, 0x1F3FF, 0x1F468,
  0x1F3FC, 0x200D, 0x2764, 0xFE0F, 0x200D, 0x1F48B, 0x200D, 0x1F468,
  0x1F3FB, 0x1F468, 0x1F3FC, 0x200D, 0x2764, 0xFE0F, 0x200D, 0x1F48B,
  0x200D, 0x1F468, 0x1F3FC, 0x1F468, 0x1F3FC, 0x200D, 0x2764, 0xFE0F,
  0x200D, 0x1F48B, 0x200D, 0x1F468, 0x1F3FD, 0x1F468, 0x1F3FC, 0x200D,
  0x2764, 0xFE0F, 0x200D, 0x1F48B, 0x200D, 0x1F468, 0x1F3FE, 0x1F468,
  0x1F3FC, 0x200D, 0x2764, 0xFE0F, 0x200D, 0x1F48B, 0x200D, 0x1F468,
  0x1F3FF, 0x1F468, 0x1F3FC, 0x200D, 0x1F430, 0x200D, 0x1F468, 0x1F3FB,
  0x1F468, 0x1F3FC, 0x200D, 0x1F430, 0x200D, 0x1F468, 0x1F3FD, 0x1F468,
  0x1F3FC, 0x200D, 0x1F430, 0x200D, 0x1F468, 0x1F3FE, 0x1F468, 0x1F3FC,
  0x200D, 0x1F430, 0x200D, 0x1F468, 0x1F3FF, 0x1F468, 0x1F3FC, 0x200D,
  0x1F91D, 0x200D, 0x1F468, 0x1F3FB, 0x1F468, 0x1F3FC, 0x200D, 0x1F91D,
  0x200D, 0x1F468, 0x1F3FD, 0x1F468, 0x1F3FC, 0x200D, 0x1F91D, 0x200D,
  0x1F468, 0x1F3FE, 0x1F468, 0x1F3FC, 0x200D, 0x1F91D, 0x200D, 0x1F468,
  0x1F3FF, 0x1F468, 0x1F3FC, 0x200D, 0x1FAEF, 0x200D, 0x1F468, 0x1F3FB,
  0x1F468, 0x1F3FC, 0x200D, 0x1FAEF, 0x200D, 0x1F468, 0x1F3FD, 0x1F468,
  0x1F3FC, 0x200D, 0x1FAEF, 0x200D, 0x1F468, 0x1F3FE, 0x1F468, 0x1F3FC,
  0x200D, 0x1FAEF, 0x200D, 0x1F468, 0x1F3FF, 0x1F468, 0x1F3FD, 0x200D,
  0x2764, 0xFE0F, 0x200D, 0x1F468, 0x1F3FB, 0x1F468, 0x1F3FD, 0x200D,
  0x2764, 0xFE0F, 0x200D, 0x1F468, 0x1F3FC, 0x1F468, 0x1F3FD, 0x200D,
  0x2764, 0xFE0F, 0x200D, 0x1F468, 0x1F3FD, 0x1F468, 0x1F3FD, 0x200D,
  0x2764, 0xFE0F, 0x200D, 0x1F468, 0x1F3FE, 0x1F468, 0x1F3FD, 0x200D,
  0x2764, 0xFE0F, 0x200D, 0x1F468, 0x1F3FF, 0x1F468, 0x1F3FD, 0x200D,
  0x2764, 0xFE0F, 0x200D, 0x1F48B, 0x200D, 0x1F468, 0x1F3FB, 0x1F468,
  0x1F3FD, 0x200D, 0x2764, 0xFE0F, 0x200D, 0x1F48B, 0x200D, 0x1F468,
  0x1F3FC, 0x1F468, 0x1F3FD, 0x200D, 0x2764, 0xFE0F, 0x200D, 0x1F48B,
  0x200D, 0x1F468, 0x1F3FD, 0x1F468, 0x1F3FD, 0x200D, 0x2764, 0xFE0F,
  0x200D, 0x1F48B, 0x200D, 0x1F468, 0x1F3FE, 0x1F468, 0x1F3FD, 0x200D,
  0x2764, 0xFE0F, 0x200D, 0x1F48B, 0x200D, 0x1F468, 0x1F3FF, 0x1F468,
  0x1F3FD, 0x200D, 0x1F430, 0x200D, 0x1F468, 0x1F3FB, 0x1F468, 0x1F3FD,
  0x200D, 0x1F430, 0x200D, 0x1F468, 0x1F3FC, 0x1F468, 0x1F3FD, 0x200D,
  0x1F430, 0x200D, 0x1F468, 0x1F3FE, 0x1F468, 0x1F3FD, 0x200D, 0x1F430,
  0x200D, 0x1F468, 0x1F3FF, 0x1F468, 0x1F3FD, 0x200D, 0x1F91D, 0x200D,
  0x1F468, 0x1F3FB, 0x1F468, 0x1F3FD, 0x200D, 0x1F91D, 0x200D, 0x1F468,
  0x1F3FC, 0x1F468, 0x1F3FD, 0x200D, 0x1F91D, 0x200D, 0x1F468, 0x1F3FE,
  0x1F468, 0x1F3FD, 0x200D, 0x1F91D, 0x200D, 0x1F468, 0x1F3FF, 0x1F468,
  0x1F3FD, 0x200D, 0x1FAEF, 0x200D, 0x1F468, 0x1F3FB, 0x1F468, 0x1F3FD,
  0x200D, 0x1FAEF, 0x200D, 0x1F468, 0x1F3FC, 0x1F468, 0x1F3FD, 0x200D,
  0x1FAEF, 0x200D, 0x1F468, 0x1F3FE, 0x1F468, 0x1F3FD, 0x200D, 0x1FAEF,
  0x200D, 0x1F468, 0x1F3FF, 0x1F468, 0x1F3FE, 0x200D, 0x2764, 0xFE0F,
  0x200D, 0x1F468, 0x1F3FB, 0x1F468, 0x1F3FE, 0x200D, 0x2764, 0xFE0F,
  0x200D, 0x1F468, 0x1F3FC, 0x1F468, 0x1F3FE, 0x200D, 0x2764, 0xFE0F,
  0x200D, 0x1F468, 0x1F3FD, 0x1F468, 0x1F3FE, 0x200D, 0x2764, 0xFE0F,
  0x200D, 0x1F468, 0x1F3FE, 0x1F468, 0x1F3FE, 0x200D, 0x2764, 0xFE0F,
  0x200D, 0x1F468, 0x1F3FF, 0x1F468, 0x1F3FE, 0x200D, 0x2764, 0xFE0F,
  0x200D, 0x1F48B, 0x200D, 0x1F468, 0x1F3FB, 0x1F468, 0x1F3FE, 0x200D,
  0x2764, 0xFE0F, 0x200D, 0x1F48B, 0x200D, 0x1F468, 0x1F3FC, 0x1F468,
  0x1F3FE, 0x200D, 0x2764, 0xFE0F, 0x200D, 0x1F48B, 0x200D, 0x1F468,
  0x1F3FD, 0x1F468, 0x1F3FE, 0x200D, 0x2764, 0xFE0F, 0x200D, 0x1F48B,
  0x200D, 0x1F468, 0x1F3FE, 0x1F468, 0x1F3FE, 0x200D, 0x2764, 0xFE0F,
  0x200D, 0x1F48B, 0x200D, 0x1F468, 0x1F3FF, 0x1F468, 0x1F3FE, 0x200D,
  0x1F430, 0x200D, 0x1F468, 0x1F3FB, 0x1F468, 0x1F3FE, 0x200D, 0x1F430,
  0x200D, 0x1F468, 0x1F3FC, 0x1F468, 0x1F3FE, 0x200D, 0x1F430, 0x200D,
  0x1F468, 0x1F3FD, 0x1F468, 0x1F3FE, 0x200D, 0x1F430, 0x200D, 0x1F468,
  0x1F3FF, 0x1F468, 0x1F3FE, 0x200D, 0x1F91D, 0x200D, 0x1F468, 0x1F3FB,
  0x1F468, 0x1F3FE, 0x200D, 0x1F91D, 0x200D, 0x1F468, 0x1F3FC, 0x1F468,
  0x1F3FE, 0x200D, 0x1F91D, 0x200D, 0x1F468, 0x1F3FD, 0x1F468, 0x1F3FE,
  0x200D, 0x1F91D, 0x200D, 0x1F468, 0x1F3FF, 0x1F468, 0x1F3FE, 0x200D,
  0x1FAEF, 0x200D, 0x1F468, 0x1F3FB, 0x1F468, 0x1F3FE, 0x200D, 0x1FAEF,
  0x200D, 0x1F468, 0x1F3FC, 0x1F468, 0x1F3FE, 0x200D, 0x1FAEF, 0x200D,
  0x1F468, 0x1F3FD, 0x1F468, 0x1F3FE, 0x200D, 0x1FAEF, 0x200D, 0x1F468,
  0x1F3FF, 0x1F468, 0x1F3FF, 0x200D, 0x2764, 0xFE0F, 0x200D, 0x1F468,
  0x1F3FB, 0x1F468, 0x1F3FF, 0x200D, 0x2764, 0xFE0F, 0x200D, 0x1F468,
  0x1F3FC, 0x1F468, 0x1F3FF, 0x200D, 0x2764, 0xFE0F, 0x200D, 0x1F468,
  0x1F3FD, 0x1F468, 0x1F3FF, 0x200D, 0x2764, 0xFE0F, 0x200D, 0x1F468,
  0x1F3FE, 0x1F468, 0x1F3FF, 0x200D, 0x2764, 0xFE0F, 0x200D, 0x1F468,
  0x1F3FF, 0x1F468, 0x1F3FF, 0x200D, 0x2764, 0xFE0F, 0x200D, 0x1F48B,
  0x200D, 0x1F468, 0x1F3FB, 0x1F468, 0x1F3FF, 0x200D, 0x2764, 0xFE0F,
  0x200D, 0x1F48B, 0x200D, 0x1F468, 0x1F3FC, 0x1F468, 0x1F3FF, 0x200D,
  0x2764, 0xFE0F, 0x200D, 0x1F48B, 0x200D, 0x1F468, 0x1F3FD, 0x1F468,
  0x1F3FF, 0x200D, 0x2764, 0xFE0F, 0x200D, 0x1F48B, 0x200D, 0x1F468,
  0x1F3FE, 0x1F468, 0x1F3FF, 0x200D, 0x2764, 0xFE0F, 0x200D, 0x1F48B,
  0x200D, 0x1F468, 0x1F3FF, 0x1F468, 0x1F3FF, 0x200D, 0x1F430, 0x200D,
  0x1F468, 0x1F3FB, 0x1F468, 0x1F3FF, 0x200D, 0x1F430, 0x200D, 0x1F468,
  0x1F3FC, 0x1F468, 0x1F3FF, 0x200D, 0x1F430, 0x200D, 0x1F468, 0x1F3FD,
  0x1F468, 0x1F3FF, 0x200D, 0x1F430, 0x200D, 0x1F468, 0x1F3FE, 0x1F468,
  0x1F3FF, 0x200D, 0x1F91D, 0x200D, 0x1F468, 0x1F3FB, 0x1F468, 0x1F3FF,
  0x200D, 0x1F91D, 0x200D, 0x1F468, 0x1F3FC, 0x1F468, 0x1F3FF, 0x200D,
  0x1F91D, 0x200D, 0x1F468, 0x1F3FD, 0x1F468, 0x1F3FF, 0x200D, 0x1F91D,
  0x200D, 0x1F468, 0x1F3FE, 0x1F468, 0x1F3FF, 0x200D, 0x1FAEF, 0x200D,
  0x1F468, 0x1F3FB, 0x1F468, 0x1F3FF, 0x200D, 0x1FAEF, 0x200D, 0x1F468,
  0x1F3FC, 0x1F468, 0x1F3FF, 0x200D, 0x1FAEF, 0x200D, 0x1F468, 0x1F3FD,
  0x1F468, 0x1F3FF, 0x200D, 0x1FAEF, 0x200D, 0x1F468, 0x1F3FE, 0x1F469,
  0x200D, 0x2764, 0xFE0F, 0x200D, 0x1F468, 0x1F469, 0x200D, 0x2764,
  0xFE0F, 0x200D, 0x1F469, 0x1F469, 0x200D, 0x2764, 0xFE0F, 0x200D,
  0x1F48B, 0x200D, 0x1F468, 0x1F469, 0x200D, 0x2764, 0xFE0F, 0x200D,
  0x1F48B, 0x200D, 0x1F469, 0x1F469, 0x200D, 0x1F466, 0x1F469, 0x200D,
  0x1F466, 0x200D, 0x1F466, 0x1F469, 0x200D, 0x1F467, 0x1F469, 0x200D,
  0x1F467, 0x200D, 0x1F466, 0x1F469, 0x200D, 0x1F467, 0x200D, 0x1F467,
  0x1F469, 0x200D, 0x1F469, 0x200D, 0x1F466, 0x1F469, 0x200D, 0x1F469,
  0x200D, 0x1F466, 0x200D, 0x1F466, 0x1F469, 0x200D, 0x1F469, 0x200D,
  0x1F467, 0x1F469, 0x200D, 0x1F469, 0x200D, 0x1F467, 0x200D, 0x1F466,
  0x1F469, 0x200D, 0x1F469, 0x200D, 0x1F467, 0x200D, 0x1F467, 0x1F469,
  0x1F3FB, 0x200D, 0x2764, 0xFE0F, 0x200D, 0x1F468, 0x1F3FB, 0x1F469,
  0x1F3FB, 0x200D, 0x2764, 0xFE0F, 0x200D, 0x1F468, 0x1F3FC, 0x1F469,
  0x1F3FB, 0x200D, 0x2764, 0xFE0F, 0x200D, 0x1F468, 0x1F3FD, 0x1F469,
  0x1F3FB, 0x200D, 0x2764, 0xFE0F, 0x200D, 0x1F468, 0x1F3FE, 0x1F469,
  0x1F3FB, 0x200D, 0x2764, 0xFE0F, 0x200D, 0x1F468, 0x1F3FF, 0x1F469,
  0x1F3FB, 0x200D, 0x2764, 0xFE0F, 0x200D, 0x1F469, 0x1F3FB, 0x1F469,
  0x1F3FB, 0x200D, 0x2764, 0xFE0F, 0x200D, 0x1F469, 0x1F3FC, 0x1F469,
  0x1F3FB, 0x200D, 0x2764, 0xFE0F, 0x200D, 0x1F469, 0x1F3FD, 0x1F469,
  0x1F3FB, 0x200D, 0x2764, 0xFE0F, 0x200D, 0x1F469, 0x1F3FE, 0x1F469,
  0x1F3FB, 0x200D, 0x2764, 0xFE0F, 0x200D, 0x1F469, 0x1F3FF, 0x1F469,
  0x1F3FB, 0x200D, 0x2764, 0xFE0F, 0x200D, 0x1F48B, 0x200D, 0x1F468,
  0x1F3FB, 0x1F469, 0x1F3FB, 0x200D, 0x2764, 0xFE0F, 0x200D, 0x1F48B,
  0x200D, 0x1F468, 0x1F3FC, 0x1F469, 0x1F3FB, 0x200D, 0x2764, 0xFE0F,
  0x200D, 0x1F48B, 0x200D, 0x1F468, 0x1F3FD, 0x1F469, 0x1F3FB, 0x200D,
  0x2764, 0xFE0F, 0x200D, 0x1F48B, 0x200D, 0x1F468, 0x1F3FE, 0x1F469,
  0x1F3FB, 0x200D, 0x2764, 0xFE0F, 0x200D, 0x1F48B, 0x200D, 0x1F468,
  0x1F3FF, 0x1F469, 0x1F3FB, 0x200D, 0x2764, 0xFE0F, 0x200D, 0x1F48B,
  0x200D, 0x1F469, 0x1F3FB, 0x1F469, 0x1F3FB, 0x200D, 0x2764, 0xFE0F,
  0x200D, 0x1F48B, 0x200D, 0x1F469, 0x1F3FC, 0x1F469, 0x1F3FB, 0x200D,
  0x2764, 0xFE0F, 0x200D, 0x1F48B, 0x200D, 0x1F469, 0x1F3FD, 0x1F469,
  0x1F3FB, 0x200D, 0x2764, 0xFE0F, 0x200D, 0x1F48B, 0x200D, 0x1F469,
  0x1F3FE, 0x1F469, 0x1F3FB, 0x200D, 0x2764, 0xFE0F, 0x200D, 0x1F48B,
  0x200D, 0x1F469, 0x1F3FF, 0x1F469, 0x1F3FB, 0x200D, 0x1F430, 0x200D,
  0x1F469, 0x1F3FC, 0x1F469, 0x1F3FB, 0x200D, 0x1F430, 0x200D, 0x1F469,
  0x1F3FD, 0x1F469, 0x1F3FB, 0x200D, 0x1F430, 0x200D, 0x1F469, 0x1F3FE,
  0x1F469, 0x1F3FB, 0x200D, 0x1F430, 0x200D, 0x1F469, 0x1F3FF, 0x1F469,
  0x1F3FB, 0x200D, 0x1F91D, 0x200D, 0x1F468, 0x1F3FC, 0x1F469, 0x1F3FB,
  0x200D, 0x1F91D, 0x200D, 0x1F468, 0x1F3FD, 0x1F469, 0x1F3FB, 0x200D,
  0x1F91D, 0x200D, 0x1F468, 0x1F3FE, 0x1F469, 0x1F3FB, 0x200D, 0x1F91D,
  0x200D, 0x1F468, 0x1F3FF, 0x1F469, 0x1F3FB, 0x200D, 0x1F91D, 0x200D,
  0x1F469, 0x1F3FC, 0x1F469, 0x1F3FB, 0x200D, 0x1F91D, 0x200D, 0x1F469,
  0x1F3FD, 0x1F469, 0x1F3FB, 0x200D, 0x1F91D, 0x200D, 0x1F469, 0x1F3FE,
  0x1F469, 0x1F3FB, 0x200D, 0x1F91D, 0x200D, 0x1F469, 0x1F3FF, 0x1F469,
  0x1F3FB, 0x200D, 0x1FAEF, 0x200D, 0x1F469, 0x1F3FC, 0x1F469, 0x1F3FB,
  0x200D, 0x1FAEF, 0x200D, 0x1F469, 0x1F3FD, 0x1F469, 0x1F3FB, 0x200D,
  0x1FAEF, 0x200D, 0x1F469, 0x1F3FE, 0x1F469, 0x1F3FB, 0x200D, 0x1FAEF,
  0x200D, 0x1F469, 0x1F3FF, 0x1F469, 0x1F3FC, 0x200D, 0x2764, 0xFE0F,
  0x200D, 0x1F468, 0x1F3FB, 0x1F469, 0x1F3FC, 0x200D, 0x2764, 0xFE0F,
  0x200D, 0x1F468, 0x1F3FC, 0x1F469, 0x1F3FC, 0x200D, 0x2764, 0xFE0F,
  0x200D, 0x1F468, 0x1F3FD, 0x1F469, 0x1F3FC, 0x200D, 0x2764, 0xFE0F,
  0x200D, 0x1F468, 0x1F3FE, 0x1F469, 0x1F3FC, 0x200D, 0x2764, 0xFE0F,
  0x200D, 0x1F468, 0x1F3FF, 0x1F469, 0x1F3FC, 0x200D, 0x2764, 0xFE0F,
  0x200D, 0x1F469, 0x1F3FB, 0x1F469, 0x1F3FC, 0x200D, 0x2764, 0xFE0F,
  0x200D, 0x1F469, 0x1F3FC, 0x1F469, 0x1F3FC, 0x200D, 0x2764, 0xFE0F,
  0x200D, 0x1F469, 0x1F3FD, 0x1F469, 0x1F3FC, 0x200D, 0x2764, 0xFE0F,
  0x200D, 0x1F469, 0x1F3FE, 0x1F469, 0x1F3FC, 0x200D, 0x2764, 0xFE0F,
  0x200D, 0x1F469, 0x1F3FF, 0x1F469, 0x1F3FC, 0x200D, 0x2764, 0xFE0F,
  0x200D, 0x1F48B, 0x200D, 0x1F468, 0x1F3FB, 0x1F469, 0x1F3FC, 0x200D,
  0x2764, 0xFE0F, 0x200D, 0x1F48B, 0x200D, 0x1F468, 0x1F3FC, 0x1F469,
  0x1F3FC, 0x200D, 0x2764, 0xFE0F, 0x200D, 0x1F48B, 0x200D, 0x1F468,
  0x1F3FD, 0x1F469, 0x1F3FC, 0x200D, 0x2764, 0xFE0F, 0x200D, 0x1F48B,
  0x200D, 0x1F468, 0x1F3FE, 0x1F469, 0x1F3FC, 0x200D, 0x2764, 0xFE0F,
  0x200D, 0x1F48B, 0x200D, 0x1F468, 0x1F3FF, 0x1F469, 0x1F3FC, 0x200D,
  0x2764, 0xFE0F, 0x200D, 0x1F48B, 0x200D, 0x1F469, 0x1F3FB, 0x1F469,
  0x1F3FC, 0x200D, 0x2764, 0xFE0F, 0x200D, 0x1F48B, 0x200D, 0x1F469,
  0x1F3FC, 0x1F469, 0x1F3FC, 0x200D, 0x2764, 0xFE0F, 0x200D, 0x1F48B,
  0x200D, 0x1F469, 0x1F3FD, 0x1F469, 0x1F3FC, 0x200D, 0x2764, 0xFE0F,
  0x200D, 0x1F48B, 0x200D, 0x1F469, 0x1F3FE, 0x1F469, 0x1F3FC, 0x200D,
  0x2764, 0xFE0F, 0x200D, 0x1F48B, 0x200D, 0x1F469, 0x1F3FF, 0x1F469,
  0x1F3FC, 0x200D, 0x1F430, 0x200D, 0x1F469, 0x1F3FB, 0x1F469, 0x1F3FC,
  0x200D, 0x1F430, 0x200D, 0x1F469, 0x1F3FD, 0x1F469, 0x1F3FC, 0x200D,
  0x1F430, 0x200D, 0x1F469, 0x1F3FE, 0x1F469, 0x1F3FC, 0x200D, 0x1F430,
  0x200D, 0x1F469, 0x1F3FF, 0x1F469, 0x1F3FC, 0x200D, 0x1F91D, 0x200D,
  0x1F468, 0x1F3FB, 0x1F469, 0x1F3FC, 0x200D, 0x1F91D, 0x200D, 0x1F468,
  0x1F3FD, 0x1F469, 0x1F3FC, 0x200D, 0x1F91D, 0x200D, 0x1F468, 0x1F3FE,
  0x1F469, 0x1F3FC, 0x200D, 0x1F91D, 0x200D, 0x1F468, 0x1F3FF, 0x1F469,
  0x1F3FC, 0x200D, 0x1F91D, 0x200D, 0x1F469, 0x1F3FB, 0x1F469, 0x1F3FC,
  0x200D, 0x1F91D, 0x200D, 0x1F469, 0x1F3FD, 0x1F469, 0x1F3FC, 0x200D,
  0x1F91D, 0x200D, 0x1F469, 0x1F3FE, 0x1F469, 0x1F3FC, 0x200D, 0x1F91D,
  0x200D, 0x1F469, 0x1F3FF, 0x1F469, 0x1F3FC, 0x200D, 0x1FAEF, 0x200D,
  0x1F469, 0x1F3FB, 0x1F469, 0x1F3FC, 0x200D, 0x1FAEF, 0x200D, 0x1F469,
  0x1F3FD, 0x1F469, 0x1F3FC, 0x200D, 0x1FAEF, 0x200D, 0x1F469, 0x1F3FE,
  0x1F469, 0x1F3FC, 0x200D, 0x1FAEF, 0x200D, 0x1F469, 0x1F3FF, 0x1F469,
  0x1F3FD, 0x200D, 0x2764, 0xFE0F, 0x200D, 0x1F468, 0x1F3FB, 0x1F469,
  0x1F3FD, 0x200D, 0x2764, 0xFE0F, 0x200D, 0x1F468, 0x1F3FC, 0x1F469,
  0x1F3FD, 0x200D, 0x2764, 0xFE0F, 0x200D, 0x1F468, 0x1F3FD, 0x1F469,
  0x1F3FD, 0x200D, 0x2764, 0xFE0F, 0x200D, 0x1F468, 0x1F3FE, 0x1F469,
  0x1F3FD, 0x200D, 0x2764, 0xFE0F, 0x200D, 0x1F468, 0x1F3FF, 0x1F469,
  0x1F3FD, 0x200D, 0x2764, 0xFE0F, 0x200D, 0x1F469, 0x1F3FB, 0x1F469,
  0x1F3FD, 0x200D, 0x2764, 0xFE0F, 0x200D, 0x1F469, 0x1F3FC, 0x1F469,
  0x1F3FD, 0x200D, 0x2764, 0xFE0F, 0x200D, 0x1F469, 0x1F3FD, 0x1F469,
  0x1F3FD, 0x200D, 0x2764, 0xFE0F, 0x200D, 0x1F469, 0x1F3FE, 0x1F469,
  0x1F3FD, 0x200D, 0x2764, 0xFE0F, 0x200D, 0x1F469, 0x1F3FF, 0x1F469,
  0x1F3FD, 0x200D, 0x2764, 0xFE0F, 0x200D, 0x1F48B, 0x200D, 0x1F468,
  0x1F3FB, 0x1F469, 0x1F3FD, 0x200D, 0x2764, 0xFE0F, 0x200D, 0x1F48B,
  0x200D, 0x1F468, 0x1F3FC, 0x1F469, 0x1F3FD, 0x200D, 0x2764, 0xFE0F,
  0x200D, 0x1F48B, 0x200D, 0x1F468, 0x1F3FD, 0x1F469, 0x1F3FD, 0x200D,
  0x2764, 0xFE0F, 0x200D, 0x1F48B, 0x200D, 0x1F468, 0x1F3FE, 0x1F469,
  0x1F3FD, 0x200D, 0x2764, 0xFE0F, 0x200D, 0x1F48B, 0x200D, 0x1F468,
  0x1F3FF, 0x1F469, 0x1F3FD, 0x200D, 0x2764, 0xFE0F, 0x200D, 0x1F48B,
  0x200D, 0x1F469, 0x1F3FB, 0x1F469, 0x1F3FD, 0x200D, 0x2764, 0xFE0F,
  0x200D, 0x1F48B, 0x200D, 0x1F469, 0x1F3FC, 0x1F469, 0x1F3FD, 0x200D,
  0x2764, 0xFE0F, 0x200D, 0x1F48B, 0x200D, 0x1F469, 0x1F3FD, 0x1F469,
  0x1F3FD, 0x200D, 0x2764, 0xFE0F, 0x200D, 0x1F48B, 0x200D, 0x1F469,
  0x1F3FE, 0x1F469, 0x1F3FD, 0x200D, 0x2764, 0xFE0F, 0x200D, 0x1F48B,
  0x200D, 0x1F469, 0x1F3FF, 0x1F469, 0x1F3FD, 0x200D, 0x1F430, 0x200D,
  0x1F469, 0x1F3FB, 0x1F469, 0x1F3FD, 0x200D, 0x1F430, 0x200D, 0x1F469,
  0x1F3FC, 0x1F469, 0x1F3FD, 0x200D, 0x1F430, 0x200D, 0x1F469, 0x1F3FE,
  0x1F469, 0x1F3FD, 0x200D, 0x1F430, 0x200D, 0x1F469, 0x1F3FF, 0x1F469,
  0x1F3FD, 0x200D, 0x1F91D, 0x200D, 0x1F468, 0x1F3FB, 0x1F469, 0x1F3FD,
  0x200D, 0x1F91D, 0x200D, 0x1F468, 0x1F3FC, 0x1F469, 0x1F3FD, 0x200D,
  0x1F91D, 0x200D, 0x1F468, 0x1F3FE, 0x1F469, 0x1F3FD, 0x200D, 0x1F91D,
  0x200D, 0x1F468, 0x1F3FF, 0x1F469, 0x1F3FD, 0x200D, 0x1F91D, 0x200D,
  0x1F469, 0x1F3FB, 0x1F469, 0x1F3FD, 0x200D, 0x1F91D, 0x200D, 0x1F469,
  0x1F3FC, 0x1F469, 0x1F3FD, 0x200D, 0x1F91D, 0x200D, 0x1F469, 0x1F3FE,
  0x1F469, 0x1F3FD, 0x200D, 0x1F91D, 0x200D, 0x1F469, 0x1F3FF, 0x1F469,
  0x1F3FD, 0x200D, 0x1FAEF, 0x200D, 0x1F469, 0x1F3FB, 0x1F469, 0x1F3FD,
  0x200D, 0x1FAEF, 0x200D, 0x1F469, 0x1F3FC, 0x1F469, 0x1F3FD, 0x200D,
  0x1FAEF, 0x200D, 0x1F469, 0x1F3FE, 0x1F469, 0x1F3FD, 0x200D, 0x1FAEF,
  0x200D, 0x1F469, 0x1F3FF, 0x1F469, 0x1F3FE, 0x200D, 0x2764, 0xFE0F,
  0x200D, 0x1F468, 0x1F3FB, 0x1F469, 0x1F3FE, 0x200D, 0x2764, 0xFE0F,
  0x200D, 0x1F468, 0x1F3FC, 0x1F469, 0x1F3FE, 0x200D, 0x2764, 0xFE0F,
  0x200D, 0x1F468, 0x1F3FD, 0x1F469, 0x1F3FE, 0x200D, 0x2764, 0xFE0F,
  0x200D, 0x1F468, 0x1F3FE, 0x1F469, 0x1F3FE, 0x200D, 0x2764, 0xFE0F,
  0x200D, 0x1F468, 0x1F3FF, 0x1F469, 0x1F3FE, 0x200D, 0x2764, 0xFE0F,
  0x200D, 0x1F469, 0x1F3FB, 0x1F469, 0x1F3FE, 0x200D, 0x2764, 0xFE0F,
  0x200D, 0x1F469, 0x1F3FC, 0x1F469, 0x1F3FE, 0x200D, 0x2764, 0xFE0F,
  0x200D, 0x1F469, 0x1F3FD, 0x1F469, 0x1F3FE, 0x200D, 0x2764, 0xFE0F,
  0x200D, 0x1F469, 0x1F3FE, 0x1F469, 0x1F3FE, 0x200D, 0x2764, 0xFE0F,
  0x200D, 0x1F469, 0x1F3FF, 0x1F469, 0x1F3FE, 0x200D, 0x2764, 0xFE0F,
  0x200D, 0x1F48B, 0x200D, 0x1F468, 0x1F3FB, 0x1F469, 0x1F3FE, 0x200D,
  0x2764, 0xFE0F, 0x200D, 0x1F48B, 0x200D, 0x1F468, 0x1F3FC, 0x1F469,
  0x1F3FE, 0x200D, 0x2764, 0xFE0F, 0x200D, 0x1F48B, 0x200D, 0x1F468,
  0x1F3FD, 0x1F469, 0x1F3FE, 0x200D, 0x2764, 0xFE0F, 0x200D, 0x1F48B,
  0x200D, 0x1F468, 0x1F3FE, 0x1F469, 0x1F3FE, 0x200D, 0x2764, 0xFE0F,
  0x200D, 0x1F48B, 0x200D, 0x1F468, 0x1F3FF, 0x1F469, 0x1F3FE, 0x200D,
  0x2764, 0xFE0F, 0x200D, 0x1F48B, 0x200D, 0x1F469, 0x1F3FB, 0x1F469,
  0x1F3FE, 0x200D, 0x2764, 0xFE0F, 0x200D, 0x1F48B, 0x200D, 0x1F469,
  0x1F3FC, 0x1F469, 0x1F3FE, 0x200D, 0x2764, 0xFE0F, 0x200D, 0x1F48B,
  0x200D, 0x1F469, 0x1F3FD, 0x1F469, 0x1F3FE, 0x200D, 0x2764, 0xFE0F,
  0x200D, 0x1F48B, 0x200D, 0x1F469, 0x1F3FE, 0x1F469, 0x1F3FE, 0x200D,
  0x2764, 0xFE0F, 0x200D, 0x1F48B, 0x200D, 0x1F469, 0x1F3FF, 0x1F469,
  0x1F3FE, 0x200D, 0x1F430, 0x200D, 0x1F469, 0x1F3FB, 0x1F469, 0x1F3FE,
  0x200D, 0x1F430, 0x200D, 0x1F469, 0x1F3FC, 0x1F469, 0x1F3FE, 0x200D,
  0x1F430, 0x200D, 0x1F469, 0x1F3FD, 0x1F469, 0x1F3FE, 0x200D, 0x1F430,
  0x200D, 0x1F469, 0x1F3FF, 0x1F469, 0x1F3FE, 0x200D, 0x1F91D, 0x200D,
  0x1F468, 0x1F3FB, 0x1F469, 0x1F3FE, 0x200D, 0x1F91D, 0x200D, 0x1F468,
  0x1F3FC, 0x1F469, 0x1F3FE, 0x200D, 0x1F91D, 0x200D, 0x1F468, 0x1F3FD,
  0x1F469, 0x1F3FE, 0x200D, 0x1F91D, 0x200D, 0x1F468, 0x1F3FF, 0x1F469,
  0x1F3FE, 0x200D, 0x1F91D, 0x200D, 0x1F469, 0x1F3FB, 0x1F469, 0x1F3FE,
  0x200D, 0x1F91D, 0x200D, 0x1F469, 0x1F3FC, 0x1F469, 0x1F3FE, 0x200D,
  0x1F91D, 0x200D, 0x1F469, 0x1F3FD, 0x1F469, 0x1F3FE, 0x200D, 0x1F91D,
  0x200D, 0x1F469, 0x1F3FF, 0x1F469, 0x1F3FE, 0x200D, 0x1FAEF, 0x200D,
  0x1F469, 0x1F3FB, 0x1F469, 0x1F3FE, 0x200D, 0x1FAEF, 0x200D, 0x1F469,
  0x1F3FC, 0x1F469, 0x1F3FE, 0x200D, 0x1FAEF, 0x200D, 0x1F469, 0x1F3FD,
  0x1F469, 0x1F3FE, 0x200D, 0x1FAEF, 0x200D, 0x1F469, 0x1F3FF, 0x1F469,
  0x1F3FF, 0x200D, 0x2764, 0xFE0F, 0x200D, 0x1F468, 0x1F3FB, 0x1F469,
  0x1F3FF, 0x200D, 0x2764, 0xFE0F, 0x200D, 0x1F468, 0x1F3FC, 0x1F469,
  0x1F3FF, 0x200D, 0x2764, 0xFE0F, 0x200D, 0x1F468, 0x1F3FD, 0x1F469,
  0x1F3FF, 0x200D, 0x2764, 0xFE0F, 0x200D, 0x1F468, 0x1F3FE, 0x1F469,
  0x1F3FF, 0x200D, 0x2764, 0xFE0F, 0x200D, 0x1F468, 0x1F3FF, 0x1F469,
  0x1F3FF, 0x200D, 0x2764, 0xFE0F, 0x200D, 0x1F469, 0x1F3FB, 0x1F469,
  0x1F3FF, 0x200D, 0x2764, 0xFE0F, 0x200D, 0x1F469, 0x1F3FC, 0x1F469,
  0x1F3FF, 0x200D, 0x2764, 0xFE0F, 0x200D, 0x1F469, 0x1F3FD, 0x1F469,
  0x1F3FF, 0x200D, 0x2764, 0xFE0F, 0x200D, 0x1F469, 0x1F3FE, 0x1F469,
  0x1F3FF, 0x200D, 0x2764, 0xFE0F, 0x200D, 0x1F469, 0x1F3FF, 0x1F469,
  0x1F3FF, 0x200D, 0x2764, 0xFE0F, 0x200D, 0x1F48B, 0x200D, 0x1F468,
  0x1F3FB, 0x1F469, 0x1F3FF, 0x200D, 0x2764, 0xFE0F, 0x200D, 0x1F48B,
  0x200D, 0x1F468, 0x1F3FC, 0x1F469, 0x1F3FF, 0x200D, 0x2764, 0xFE0F,
  0x200D, 0x1F48B, 0x200D, 0x1F468, 0x1F3FD, 0x1F469, 0x1F3FF, 0x200D,
  0x2764, 0xFE0F, 0x200D, 0x1F48B, 0x200D, 0x1F468, 0x1F3FE, 0x1F469,
  0x1F3FF, 0x200D, 0x2764, 0xFE0F, 0x200D, 0x1F48B, 0x200D, 0x1F468,
  0x1F3FF, 0x1F469, 0x1F3FF, 0x200D, 0x2764, 0xFE0F, 0x200D, 0x1F48B,
  0x200D, 0x1F469, 0x1F3FB, 0x1F469, 0x1F3FF, 0x200D, 0x2764, 0xFE0F,
  0x200D, 0x1F48B, 0x200D, 0x1F469, 0x1F3FC, 0x1F469, 0x1F3FF, 0x200D,
  0x2764, 0xFE0F, 0x200D, 0x1F48B, 0x200D, 0x1F469, 0x1F3FD, 0x1F469,
  0x1F3FF, 0x200D, 0x2764, 0xFE0F, 0x200D, 0x1F48B, 0x200D, 0x1F469,
  0x1F3FE, 0x1F469, 0x1F3FF, 0x200D, 0x2764, 0xFE0F, 0x200D, 0x1F48B,
  0x200D, 0x1F469, 0x1F3FF, 0x1F469, 0x1F3FF, 0x200D, 0x1F430, 0x200D,
  0x1F469, 0x1F3FB, 0x1F469, 0x1F3FF, 0x200D, 0x1F430, 0x200D, 0x1F469,
  0x1F3FC, 0x1F469, 0x1F3FF, 0x200D, 0x1F430, 0x200D, 0x1F469, 0x1F3FD,
  0x1F469, 0x1F3FF, 0x200D, 0x1F430, 0x200D, 0x1F469, 0x1F3FE, 0x1F469,
  0x1F3FF, 0x200D, 0x1F91D, 0x200D, 0x1F468, 0x1F3FB, 0x1F469, 0x1F3FF,
  0x200D, 0x1F91D, 0x200D, 0x1F468, 0x1F3FC, 0x1F469, 0x1F3FF, 0x200D,
  0x1F91D, 0x200D, 0x1F468, 0x1F3FD, 0x1F469, 0x1F3FF, 0x200D, 0x1F91D,
  0x200D, 0x1F468, 0x1F3FE, 0x1F469, 0x1F3FF, 0x200D, 0x1F91D, 0x200D,
  0x1F469, 0x1F3FB, 0x1F469, 0x1F3FF, 0x200D, 0x1F91D, 0x200D, 0x1F469,
  0x1F3FC, 0x1F469, 0x1F3FF, 0x200D, 0x1F91D, 0x200D, 0x1F469, 0x1F3FD,
  0x1F469, 0x1F3FF, 0x200D, 0x1F91D, 0x200D, 0x1F469, 0x1F3FE, 0x1F469,
  0x1F3FF, 0x200D, 0x1FAEF, 0x200D, 0x1F469, 0x1F3FB, 0x1F469, 0x1F3FF,
  0x200D, 0x1FAEF, 0x200D, 0x1F469, 0x1F3FC, 0x1F469, 0x1F3FF, 0x200D,
  0x1FAEF, 0x200D, 0x1F469, 0x1F3FD, 0x1F469, 0x1F3FF, 0x200D, 0x1FAEF,
  0x200D, 0x1F469, 0x1F3FE, 0x1F9D1, 0x200D, 0x1F91D, 0x200D, 0x1F9D1,
  0x1F9D1, 0x200D, 0x1F9D1, 0x200D, 0x1F9D2, 0x1F9D1, 0x200D, 0x1F9D1,
  0x200D, 0x1F9D2, 0x200D, 0x1F9D2, 0x1F9D1, 0x200D, 0x1F9D2, 0x1F9D1,
  0x200D, 0x1F9D2, 0x200D, 0x1F9D2, 0x1F9D1, 0x1F3FB, 0x200D, 0x2764,
  0xFE0F, 0x200D, 0x1F48B, 0x200D, 0x1F9D1, 0x1F3FC, 0x1F9D1, 0x1F3FB,
  0x200D, 0x2764, 0xFE0F, 0x200D, 0x1F48B, 0x200D, 0x1F9D1, 0x1F3FD,
  0x1F9D1, 0x1F3FB, 0x200D, 0x2764, 0xFE0F, 0x200D, 0x1F48B, 0x200D,
  0x1F9D1, 0x1F3FE, 0x1F9D1, 0x1F3FB, 0x200D, 0x2764, 0xFE0F, 0x200D,
  0x1F48B, 0x200D, 0x1F9D1, 0x1F3FF, 0x1F9D1, 0x1F3FB, 0x200D, 0x2764,
  0xFE0F, 0x200D, 0x1F9D1, 0x1F3FC, 0x1F9D1, 0x1F3FB, 0x200D, 0x2764,
  0xFE0F, 0x200D, 0x1F9D1, 0x1F3FD, 0x1F9D1, 0x1F3FB, 0x200D, 0x2764,
  0xFE0F, 0x200D, 0x1F9D1, 0x1F3FE, 0x1F9D1, 0x1F3FB, 0x200D, 0x2764,
  0xFE0F, 0x200D, 0x1F9D1, 0x1F3FF, 0x1F9D1, 0x1F3FB, 0x200D, 0x1F91D,
  0x200D, 0x1F9D1, 0x1F3FB, 0x1F9D1, 0x1F3FB, 0x200D, 0x1F91D, 0x200D,
  0x1F9D1, 0x1F3FC, 0x1F9D1, 0x1F3FB, 0x200D, 0x1F91D, 0x200D, 0x1F9D1,
  0x1F3FD, 0x1F9D1, 0x1F3FB, 0x200D, 0x1F91D, 0x200D, 0x1F9D1, 0x1F3FE,
  0x1F9D1, 0x1F3FB, 0x200D, 0x1F91D, 0x200D, 0x1F9D1, 0x1F3FF, 0x1F9D1,
  0x1F3FC, 0x200D, 0x2764, 0xFE0F, 0x200D, 0x1F48B, 0x200D, 0x1F9D1,
  0x1F3FB, 0x1F9D1, 0x1F3FC, 0x200D, 0x2764, 0xFE0F, 0x200D, 0x1F48B,
  0x200D, 0x1F9D1, 0x1F3FD, 0x1F9D1, 0x1F3FC, 0x200D, 0x2764, 0xFE0F,
  0x200D, 0x1F48B, 0x200D, 0x1F9D1, 0x1F3FE, 0x1F9D1, 0x1F3FC, 0x200D,
  0x2764, 0xFE0F, 0x200D, 0x1F48B, 0x200D, 0x1F9D1, 0x1F3FF, 0x1F9D1,
  0x1F3FC, 0x200D, 0x2764, 0xFE0F, 0x200D, 0x1F9D1, 0x1F3FB, 0x1F9D1,
  0x1F3FC, 0x200D, 0x2764, 0xFE0F, 0x200D, 0x1F9D1, 0x1F3FD, 0x1F9D1,
  0x1F3FC, 0x200D, 0x2764, 0xFE0F, 0x200D, 0x1F9D1, 0x1F3FE, 0x1F9D1,
  0x1F3FC, 0x200D, 0x2764, 0xFE0F, 0x200D, 0x1F9D1, 0x1F3FF, 0x1F9D1,
  0x1F3FC, 0x200D, 0x1F91D, 0x200D, 0x1F9D1, 0x1F3FB, 0x1F9D1, 0x1F3FC,
  0x200D, 0x1F91D, 0x200D, 0x1F9D1, 0x1F3FC, 0x1F9D1, 0x1F3FC, 0x200D,
  0x1F91D, 0x200D, 0x1F9D1, 0x1F3FD, 0x1F9D1, 0x1F3FC, 0x200D, 0x1F91D,
  0x200D, 0x1F9D1, 0x1F3FE, 0x1F9D1, 0x1F3FC, 0x200D, 0x1F91D, 0x200D,
  0x1F9D1, 0x1F3FF, 0x1F9D1, 0x1F3FD, 0x200D, 0x2764, 0xFE0F, 0x200D,
  0x1F48B, 0x200D, 0x1F9D1, 0x1F3FB, 0x1F9D1, 0x1F3FD, 0x200D, 0x2764,
  0xFE0F, 0x200D, 0x1F48B, 0x200D, 0x1F9D1, 0x1F3FC, 0x1F9D1, 0x1F3FD,
  0x200D, 0x2764, 0xFE0F, 0x200D, 0x1F48B, 0x200D, 0x1F9D1, 0x1F3FE,
  0x1F9D1, 0x1F3FD, 0x200D, 0x2764, 0xFE0F, 0x200D, 0x1F48B, 0x200D,
  0x1F9D1, 0x1F3FF, 0x1F9D1, 0x1F3FD, 0x200D, 0x2764, 0xFE0F, 0x200D,
  0x1F9D1, 0x1F3FB, 0x1F9D1, 0x1F3FD, 0x200D, 0x2764, 0xFE0F, 0x200D,
  0x1F9D1, 0x1F3FC, 0x1F9D1, 0x1F3FD, 0x200D, 0x2764, 0xFE0F, 0x200D,
  0x1F9D1, 0x1F3FE, 0x1F9D1, 0x1F3FD, 0x200D, 0x2764, 0xFE0F, 0x200D,
  0x1F9D1, 0x1F3FF, 0x1F9D1, 0x1F3FD, 0x200D, 0x1F91D, 0x200D, 0x1F9D1,
  0x1F3FB, 0x1F9D1, 0x1F3FD, 0x200D, 0x1F91D, 0x200D, 0x1F9D1, 0x1F3FC,
  0x1F9D1, 0x1F3FD, 0x200D, 0x1F91D, 0x200D, 0x1F9D1, 0x1F3FD, 0x1F9D1,
  0x1F3FD, 0x200D, 0x1F91D, 0x200D, 0x1F9D1, 0x1F3FE, 0x1F9D1, 0x1F3FD,
  0x200D, 0x1F91D, 0x200D, 0x1F9D1, 0x1F3FF, 0x1F9D1, 0x1F3FE, 0x200D,
  0x2764, 0xFE0F, 0x200D, 0x1F48B, 0x200D, 0x1F9D1, 0x1F3FB, 0x1F9D1,
  0x1F3FE, 0x200D, 0x2764, 0xFE0F, 0x200D, 0x1F48B, 0x200D, 0x1F9D1,
  0x1F3FC, 0x1F9D1, 0x1F3FE, 0x200D, 0x2764, 0xFE0F, 0x200D, 0x1F48B,
  0x200D, 0x1F9D1, 0x1F3FD, 0x1F9D1, 0x1F3FE, 0x200D, 0x2764, 0xFE0F,
  0x200D, 0x1F48B, 0x200D, 0x1F9D1, 0x1F3FF, 0x1F9D1, 0x1F3FE, 0x200D,
  0x2764, 0xFE0F, 0x200D, 0x1F9D1, 0x1F3FB, 0x1F9D1, 0x1F3FE, 0x200D,
  0x2764, 0xFE0F, 0x200D, 0x1F9D1, 0x1F3FC, 0x1F9D1, 0x1F3FE, 0x200D,
  0x2764, 0xFE0F, 0x200D, 0x1F9D1, 0x1F3FD, 0x1F9D1, 0x1F3FE, 0x200D,
  0x2764, 0xFE0F, 0x200D, 0x1F9D1, 0x1F3FF, 0x1F9D1, 0x1F3FE, 0x200D,
  0x1F91D, 0x200D, 0x1F9D1, 0x1F3FB, 0x1F9D1, 0x1F3FE, 0x200D, 0x1F91D,
  0x200D, 0x1F9D1, 0x1F3FC, 0x1F9D1, 0x1F3FE, 0x200D, 0x1F91D, 0x200D,
  0x1F9D1, 0x1F3FD, 0x1F9D1, 0x1F3FE, 0x200D, 0x1F91D, 0x200D, 0x1F9D1,
  0x1F3FE, 0x1F9D1, 0x1F3FE, 0x200D, 0x1F91D, 0x200D, 0x1F9D1, 0x1F3FF,
  0x1F9D1, 0x1F3FF, 0x200D, 0x2764, 0xFE0F, 0x200D, 0x1F48B, 0x200D,
  0x1F9D1, 0x1F3FB, 0x1F9D1, 0x1F3FF, 0x200D, 0x2764, 0xFE0F, 0x200D,
  0x1F48B, 0x200D, 0x1F9D1, 0x1F3FC, 0x1F9D1, 0x1F3FF, 0x200D, 0x2764,
  0xFE0F, 0x200D, 0x1F48B, 0x200D, 0x1F9D1, 0x1F3FD, 0x1F9D1, 0x1F3FF,
  0x200D, 0x2764, 0xFE0F, 0x200D, 0x1F48B, 0x200D, 0x1F9D1, 0x1F3FE,
  0x1F9D1, 0x1F3FF, 0x200D, 0x2764, 0xFE0F, 0x200D, 0x1F9D1, 0x1F3FB,
  0x1F9D1, 0x1F3FF, 0x200D, 0x2764, 0xFE0F, 0x200D, 0x1F9D1, 0x1F3FC,
  0x1F9D1, 0x1F3FF, 0x200D, 0x2764, 0xFE0F, 0x200D, 0x1F9D1, 0x1F3FD,
  0x1F9D1, 0x1F3FF, 0x200D, 0x2764, 0xFE0F, 0x200D, 0x1F9D1, 0x1F3FE,
  0x1F9D1, 0x1F3FF, 0x200D, 0x1F91D, 0x200D, 0x1F9D1, 0x1F3FB, 0x1F9D1,
  0x1F3FF, 0x200D, 0x1F91D, 0x200D, 0x1F9D1, 0x1F3FC, 0x1F9D1, 0x1F3FF,
  0x200D, 0x1F91D, 0x200D, 0x1F9D1, 0x1F3FD, 0x1F9D1, 0x1F3FF, 0x200D,
  0x1F91D, 0x200D, 0x1F9D1, 0x1F3FE, 0x1F9D1, 0x1F3FF, 0x200D, 0x1F91D,
  0x200D, 0x1F9D1, 0x1F3FF, 0x1FAF1, 0x1F3FB, 0x200D, 0x1FAF2, 0x1F3FC,
  0x1FAF1, 0x1F3FB, 0x200D, 0x1FAF2, 0x1F3FD, 0x1FAF1, 0x1F3FB, 0x200D,
  0x1FAF2, 0x1F3FE, 0x1FAF1, 0x1F3FB, 0x200D, 0x1FAF2, 0x1F3FF, 0x1FAF1,
  0x1F3FC, 0x200D, 0x1FAF2, 0x1F3FB, 0x1FAF1, 0x1F3FC, 0x200D, 0x1FAF2,
  0x1F3FD, 0x1FAF1, 0x1F3FC, 0x200D, 0x1FAF2, 0x1F3FE, 0x1FAF1, 0x1F3FC,
  0x200D, 0x1FAF2, 0x1F3FF, 0x1FAF1, 0x1F3FD, 0x200D, 0x1FAF2, 0x1F3FB,
  0x1FAF1, 0x1F3FD, 0x200D, 0x1FAF2, 0x1F3FC, 0x1FAF1, 0x1F3FD, 0x200D,
  0x1FAF2, 0x1F3FE, 0x1FAF1, 0x1F3FD, 0x200D, 0x1FAF2, 0x1F3FF, 0x1FAF1,
  0x1F3FE, 0x200D, 0x1FAF2, 0x1F3FB, 0x1FAF1, 0x1F3FE, 0x200D, 0x1FAF2,
  0x1F3FC, 0x1FAF1, 0x1F3FE, 0x200D, 0x1FAF2, 0x1F3FD, 0x1FAF1, 0x1F3FE,
  0x200D, 0x1FAF2, 0x1F3FF, 0x1FAF1, 0x1F3FF, 0x200D, 0x1FAF2, 0x1F3FB,
  0x1FAF1, 0x1F3FF, 0x200D, 0x1FAF2, 0x1F3FC, 0x1FAF1, 0x1F3FF, 0x200D,
  0x1FAF2, 0x1F3FD, 0x1FAF1, 0x1F3FF, 0x200D, 0x1FAF2, 0x1F3FE, 0x1F3C3,
  0x200D, 0x27A1, 0xFE0F, 0x1F3C3, 0x1F3FB, 0x200D, 0x27A1, 0xFE0F,
  0x1F3C3, 0x1F3FC, 0x200D, 0x27A1, 0xFE0F, 0x1F3C3, 0x1F3FD, 0x200D,
  0x27A1, 0xFE0F, 0x1F3C3, 0x1F3FE, 0x200D, 0x27A1, 0xFE0F, 0x1F3C3,
  0x1F3FF, 0x200D, 0x27A1, 0xFE0F, 0x1F468, 0x200D, 0x2695, 0xFE0F,
  0x1F468, 0x200D, 0x2696, 0xFE0F, 0x1F468, 0x200D, 0x2708, 0xFE0F,
  0x1F468, 0x200D, 0x1F33E, 0x1F468, 0x200D, 0x1F373, 0x1F468, 0x200D,
  0x1F37C, 0x1F468, 0x200D, 0x1F393, 0x1F468, 0x200D, 0x1F3A4, 0x1F468,
  0x200D, 0x1F3A8, 0x1F468, 0x200D, 0x1F3EB, 0x1F468, 0x200D, 0x1F3ED,
  0x1F468, 0x200D, 0x1F4BB, 0x1F468, 0x200D, 0x1F4BC, 0x1F468, 0x200D,
  0x1F527, 0x1F468, 0x200D, 0x1F52C, 0x1F468, 0x200D, 0x1F680, 0x1F468,
  0x200D, 0x1F692, 0x1F468, 0x200D, 0x1F9AF, 0x1F468, 0x200D, 0x1F9AF,
  0x200D, 0x27A1, 0xFE0F, 0x1F468, 0x200D, 0x1F9BC, 0x1F468, 0x200D,
  0x1F9BC, 0x200D, 0x27A1, 0xFE0F, 0x1F468, 0x200D, 0x1F9BD, 0x1F468,
  0x200D, 0x1F9BD, 0x200D, 0x27A1, 0xFE0F, 0x1F468, 0x1F3FB, 0x200D,
  0x2695, 0xFE0F, 0x1F468, 0x1F3FB, 0x200D, 0x2696, 0xFE0F, 0x1F468,
  0x1F3FB, 0x200D, 0x2708, 0xFE0F, 0x1F468, 0x1F3FB, 0x200D, 0x1F33E,
  0x1F468, 0x1F3FB, 0x200D, 0x1F373, 0x1F468, 0x1F3FB, 0x200D, 0x1F37C,
  0x1F468, 0x1F3FB, 0x200D, 0x1F393, 0x1F468, 0x1F3FB, 0x200D, 0x1F3A4,
  0x1F468, 0x1F3FB, 0x200D, 0x1F3A8, 0x1F468, 0x1F3FB, 0x200D, 0x1F3EB,
  0x1F468, 0x1F3FB, 0x200D, 0x1F3ED, 0x1F468, 0x1F3FB, 0x200D, 0x1F4BB,
  0x1F468, 0x1F3FB, 0x200D, 0x1F4BC, 0x1F468, 0x1F3FB, 0x200D, 0x1F527,
  0x1F468, 0x1F3FB, 0x200D, 0x1F52C, 0x1F468, 0x1F3FB, 0x200D, 0x1F680,
  0x1F468, 0x1F3FB, 0x200D, 0x1F692, 0x1F468, 0x1F3FB, 0x200D, 0x1F9AF,
  0x1F468, 0x1F3FB, 0x200D, 0x1F9AF, 0x200D, 0x27A1, 0xFE0F, 0x1F468,
  0x1F3FB, 0x200D, 0x1F9BC, 0x1F468, 0x1F3FB, 0x200D, 0x1F9BC, 0x200D,
  0x27A1, 0xFE0F, 0x1F468, 0x1F3FB, 0x200D, 0x1F9BD, 0x1F468, 0x1F3FB,
  0x200D, 0x1F9BD, 0x200D, 0x27A1, 0xFE0F, 0x1F468, 0x1F3FC, 0x200D,
  0x2695, 0xFE0F, 0x1F468, 0x1F3FC, 0x200D, 0x2696, 0xFE0F, 0x1F468,
  0x1F3FC, 0x200D, 0x2708, 0xFE0F, 0x1F468, 0x1F3FC, 0x200D, 0x1F33E,
  0x1F468, 0x1F3FC, 0x200D, 0x1F373, 0x1F468, 0x1F3FC, 0x200D, 0x1F37C,
  0x1F468, 0x1F3FC, 0x200D, 0x1F393, 0x1F468, 0x1F3FC, 0x200D, 0x1F3A4,
  0x1F468, 0x1F3FC, 0x200D, 0x1F3A8, 0x1F468, 0x1F3FC, 0x200D, 0x1F3EB,
  0x1F468, 0x1F3FC, 0x200D, 0x1F3ED, 0x1F468, 0x1F3FC, 0x200D, 0x1F4BB,
  0x1F468, 0x1F3FC, 0x200D, 0x1F4BC, 0x1F468, 0x1F3FC, 0x200D, 0x1F527,
  0x1F468, 0x1F3FC, 0x200D, 0x1F52C, 0x1F468, 0x1F3FC, 0x200D, 0x1F680,
  0x1F468, 0x1F3FC, 0x200D, 0x1F692, 0x1F468, 0x1F3FC, 0x200D, 0x1F9AF,
  0x1F468, 0x1F3FC, 0x200D, 0x1F9AF, 0x200D, 0x27A1, 0xFE0F, 0x1F468,
  0x1F3FC, 0x200D, 0x1F9BC, 0x1F468, 0x1F3FC, 0x200D, 0x1F9BC, 0x200D,
  0x27A1, 0xFE0F, 0x1F468, 0x1F3FC, 0x200D, 0x1F9BD, 0x1F468, 0x1F3FC,
  0x200D, 0x1F9BD, 0x200D, 0x27A1, 0xFE0F, 0x1F468, 0x1F3FD, 0x200D,
  0x2695, 0xFE0F, 0x1F468, 0x1F3FD, 0x200D, 0x2696, 0xFE0F, 0x1F468,
  0x1F3FD, 0x200D, 0x2708, 0xFE0F, 0x1F468, 0x1F3FD, 0x200D, 0x1F33E,
  0x1F468, 0x1F3FD, 0x200D, 0x1F373, 0x1F468, 0x1F3FD, 0x200D, 0x1F37C,
  0x1F468, 0x1F3FD, 0x200D, 0x1F393, 0x1F468, 0x1F3FD, 0x200D, 0x1F3A4,
  0x1F468, 0x1F3FD, 0x200D, 0x1F3A8, 0x1F468, 0x1F3FD, 0x200D, 0x1F3EB,
  0x1F468, 0x1F3FD, 0x200D, 0x1F3ED, 0x1F468, 0x1F3FD, 0x200D, 0x1F4BB,
  0x1F468, 0x1F3FD, 0x200D, 0x1F4BC, 0x1F468, 0x1F3FD, 0x200D, 0x1F527,
  0x1F468, 0x1F3FD, 0x200D, 0x1F52C, 0x1F468, 0x1F3FD, 0x200D, 0x1F680,
  0x1F468, 0x1F3FD, 0x200D, 0x1F692, 0x1F468, 0x1F3FD, 0x200D, 0x1F9AF,
  0x1F468, 0x1F3FD, 0x200D, 0x1F9AF, 0x200D, 0x27A1, 0xFE0F, 0x1F468,
  0x1F3FD, 0x200D, 0x1F9BC, 0x1F468, 0x1F3FD, 0x200D, 0x1F9BC, 0x200D,
  0x27A1, 0xFE0F, 0x1F468, 0x1F3FD, 0x200D, 0x1F9BD, 0x1F468, 0x1F3FD,
  0x200D, 0x1F9BD, 0x200D, 0x27A1, 0xFE0F, 0x1F468, 0x1F3FE, 0x200D,
  0x2695, 0xFE0F, 0x1F468, 0x1F3FE, 0x200D, 0x2696, 0xFE0F, 0x1F468,
  0x1F3FE, 0x200D, 0x2708, 0xFE0F, 0x1F468, 0x1F3FE, 0x200D, 0x1F33E,
  0x1F468, 0x1F3FE, 0x200D, 0x1F373, 0x1F468, 0x1F3FE, 0x200D, 0x1F37C,
  0x1F468, 0x1F3FE, 0x200D, 0x1F393, 0x1F468, 0x1F3FE, 0x200D, 0x1F3A4,
  0x1F468, 0x1F3FE, 0x200D, 0x1F3A8, 0x1F468, 0x1F3FE, 0x200D, 0x1F3EB,
  0x1F468, 0x1F3FE, 0x200D, 0x1F3ED, 0x1F468, 0x1F3FE, 0x200D, 0x1F4BB,
  0x1F468, 0x1F3FE, 0x200D, 0x1F4BC, 0x1F468, 0x1F3FE, 0x200D, 0x1F527,
  0x1F468, 0x1F3FE, 0x200D, 0x1F52C, 0x1F468, 0x1F3FE, 0x200D, 0x1F680,
  0x1F468, 0x1F3FE, 0x200D, 0x1F692, 0x1F468, 0x1F3FE, 0x200D, 0x1F9AF,
  0x1F468, 0x1F3FE, 0x200D, 0x1F9AF, 0x200D, 0x27A1, 0xFE0F, 0x1F468,
  0x1F3FE, 0x200D, 0x1F9BC, 0x1F468, 0x1F3FE, 0x200D, 0x1F9BC, 0x200D,
  0x27A1, 0xFE0F, 0x1F468, 0x1F3FE, 0x200D, 0x1F9BD, 0x1F468, 0x1F3FE,
  0x200D, 0x1F9BD, 0x200D, 0x27A1, 0xFE0F, 0x1F468, 0x1F3FF, 0x200D,
  0x2695, 0xFE0F, 0x1F468, 0x1F3FF, 0x200D, 0x2696, 0xFE0F, 0x1F468,
  0x1F3FF, 0x200D, 0x2708, 0xFE0F, 0x1F468, 0x1F3FF, 0x200D, 0x1F33E,
  0x1F468, 0x1F3FF, 0x200D, 0x1F373, 0x1F468, 0x1F3FF, 0x200D, 0x1F37C,
  0x1F468, 0x1F3FF, 0x200D, 0x1F393, 0x1F468, 0x1F3FF, 0x200D, 0x1F3A4,
  0x1F468, 0x1F3FF, 0x200D, 0x1F3A8, 0x1F468, 0x1F3FF, 0x200D, 0x1F3EB,
  0x1F468, 0x1F3FF, 0x200D, 0x1F3ED, 0x1F468, 0x1F3FF, 0x200D, 0x1F4BB,
  0x1F468, 0x1F3FF, 0x200D, 0x1F4BC, 0x1F468, 0x1F3FF, 0x200D, 0x1F527,
  0x1F468, 0x1F3FF, 0x200D, 0x1F52C, 0x1F468, 0x1F3FF, 0x200D, 0x1F680,
  0x1F468, 0x1F3FF, 0x200D, 0x1F692, 0x1F468, 0x1F3FF, 0x200D, 0x1F9AF,
  0x1F468, 0x1F3FF, 0x200D, 0x1F9AF, 0x200D, 0x27A1, 0xFE0F, 0x1F468,
  0x1F3FF, 0x200D, 0x1F9BC, 0x1F468, 0x1F3FF, 0x200D, 0x1F9BC, 0x200D,
  0x27A1, 0xFE0F, 0x1F468, 0x1F3FF, 0x200D, 0x1F9BD, 0x1F468, 0x1F3FF,
  0x200D, 0x1F9BD, 0x200D, 0x27A1, 0xFE0F, 0x1F469, 0x200D, 0x2695,
  0xFE0F, 0x1F469, 0x200D, 0x2696, 0xFE0F, 0x1F469, 0x200D, 0x2708,
  0xFE0F, 0x1F469, 0x200D, 0x1F33E, 0x1F469, 0x200D, 0x1F373, 0x1F469,
  0x200D, 0x1F37C, 0x1F469, 0x200D, 0x1F393, 0x1F469, 0x200D, 0x1F3A4,
  0x1F469, 0x200D, 0x1F3A8, 0x1F469, 0x200D, 0x1F3EB, 0x1F469, 0x200D,
  0x1F3ED, 0x1F469, 0x200D, 0x1F4BB, 0x1F469, 0x200D, 0x1F4BC, 0x1F469,
  0x200D, 0x1F527, 0x1F469, 0x200D, 0x1F52C, 0x1F469, 0x200D, 0x1F680,
  0x1F469, 0x200D, 0x1F692, 0x1F469, 0x200D, 0x1F9AF, 0x1F469, 0x200D,
  0x1F9AF, 0x200D, 0x27A1, 0xFE0F, 0x1F469, 0x200D, 0x1F9BC, 0x1F469,
  0x200D, 0x1F9BC, 0x200D, 0x27A1, 0xFE0F, 0x1F469, 0x200D, 0x1F9BD,
  0x1F469, 0x200D, 0x1F9BD, 0x200D, 0x27A1, 0xFE0F, 0x1F469, 0x1F3FB,
  0x200D, 0x2695, 0xFE0F, 0x1F469, 0x1F3FB, 0x200D, 0x2696, 0xFE0F,
  0x1F469, 0x1F3FB, 0x200D, 0x2708, 0xFE0F, 0x1F469, 0x1F3FB, 0x200D,
  0x1F33E, 0x1F469, 0x1F3FB, 0x200D, 0x1F373, 0x1F469, 0x1F3FB, 0x200D,
  0x1F37C, 0x1F469, 0x1F3FB, 0x200D, 0x1F393, 0x1F469, 0x1F3FB, 0x200D,
  0x1F3A4, 0x1F469, 0x1F3FB, 0x200D, 0x1F3A8, 0x1F469, 0x1F3FB, 0x200D,
  0x1F3EB, 0x1F469, 0x1F3FB, 0x200D, 0x1F3ED, 0x1F469, 0x1F3FB, 0x200D,
  0x1F4BB, 0x1F469, 0x1F3FB, 0x200D, 0x1F4BC, 0x1F469, 0x1F3FB, 0x200D,
  0x1F527, 0x1F469, 0x1F3FB, 0x200D, 0x1F52C, 0x1F469, 0x1F3FB, 0x200D,
  0x1F680, 0x1F469, 0x1F3FB, 0x200D, 0x1F692, 0x1F469, 0x1F3FB, 0x200D,
  0x1F9AF, 0x1F469, 0x1F3FB, 0x200D, 0x1F9AF, 0x200D, 0x27A1, 0xFE0F,
  0x1F469, 0x1F3FB, 0x200D, 0x1F9BC, 0x1F469, 0x1F3FB, 0x200D, 0x1F9BC,
  0x200D, 0x27A1, 0xFE0F, 0x1F469, 0x1F3FB, 0x200D, 0x1F9BD, 0x1F469,
  0x1F3FB, 0x200D, 0x1F9BD, 0x200D, 0x27A1, 0xFE0F, 0x1F469, 0x1F3FC,
  0x200D, 0x2695, 0xFE0F, 0x1F469, 0x1F3FC, 0x200D, 0x2696, 0xFE0F,
  0x1F469, 0x1F3FC, 0x200D, 0x2708, 0xFE0F, 0x1F469, 0x1F3FC, 0x200D,
  0x1F33E, 0x1F469, 0x1F3FC, 0x200D, 0x1F373, 0x1F469, 0x1F3FC, 0x200D,
  0x1F37C, 0x1F469, 0x1F3FC, 0x200D, 0x1F393, 0x1F469, 0x1F3FC, 0x200D,
  0x1F3A4, 0x1F469, 0x1F3FC, 0x200D, 0x1F3A8, 0x1F469, 0x1F3FC, 0x200D,
  0x1F3EB, 0x1F469, 0x1F3FC, 0x200D, 0x1F3ED, 0x1F469, 0x1F3FC, 0x200D,
  0x1F4BB, 0x1F469, 0x1F3FC, 0x200D, 0x1F4BC, 0x1F469, 0x1F3FC, 0x200D,
  0x1F527, 0x1F469, 0x1F3FC, 0x200D, 0x1F52C, 0x1F469, 0x1F3FC, 0x200D,
  0x1F680, 0x1F469, 0x1F3FC, 0x200D, 0x1F692, 0x1F469, 0x1F3FC, 0x200D,
  0x1F9AF, 0x1F469, 0x1F3FC, 0x200D, 0x1F9AF, 0x200D, 0x27A1, 0xFE0F,
  0x1F469, 0x1F3FC, 0x200D, 0x1F9BC, 0x1F469, 0x1F3FC, 0x200D, 0x1F9BC,
  0x200D, 0x27A1, 0xFE0F, 0x1F469, 0x1F3FC, 0x200D, 0x1F9BD, 0x1F469,
  0x1F3FC, 0x200D, 0x1F9BD, 0x200D, 0x27A1, 0xFE0F, 0x1F469, 0x1F3FD,
  0x200D, 0x2695, 0xFE0F, 0x1F469, 0x1F3FD, 0x200D, 0x2696, 0xFE0F,
  0x1F469, 0x1F3FD, 0x200D, 0x2708, 0xFE0F, 0x1F469, 0x1F3FD, 0x200D,
  0x1F33E, 0x1F469, 0x1F3FD, 0x200D, 0x1F373, 0x1F469, 0x1F3FD, 0x200D,
  0x1F37C, 0x1F469, 0x1F3FD, 0x200D, 0x1F393, 0x1F469, 0x1F3FD, 0x200D,
  0x1F3A4, 0x1F469, 0x1F3FD, 0x200D, 0x1F3A8, 0x1F469, 0x1F3FD, 0x200D,
  0x1F3EB, 0x1F469, 0x1F3FD, 0x200D, 0x1F3ED, 0x1F469, 0x1F3FD, 0x200D,
  0x1F4BB, 0x1F469, 0x1F3FD, 0x200D, 0x1F4BC, 0x1F469, 0x1F3FD, 0x200D,
  0x1F527, 0x1F469, 0x1F3FD, 0x200D, 0x1F52C, 0x1F469, 0x1F3FD, 0x200D,
  0x1F680, 0x1F469, 0x1F3FD, 0x200D, 0x1F692, 0x1F469, 0x1F3FD, 0x200D,
  0x1F9AF, 0x1F469, 0x1F3FD, 0x200D, 0x1F9AF, 0x200D, 0x27A1, 0xFE0F,
  0x1F469, 0x1F3FD, 0x200D, 0x1F9BC, 0x1F469, 0x1F3FD, 0x200D, 0x1F9BC,
  0x200D, 0x27A1, 0xFE0F, 0x1F469, 0x1F3FD, 0x200D, 0x1F9BD, 0x1F469,
  0x1F3FD, 0x200D, 0x1F9BD, 0x200D, 0x27A1, 0xFE0F, 0x1F469, 0x1F3FE,
  0x200D, 0x2695, 0xFE0F, 0x1F469, 0x1F3FE, 0x200D, 0x2696, 0xFE0F,
  0x1F469, 0x1F3FE, 0x200D, 0x2708, 0xFE0F, 0x1F469, 0x1F3FE, 0x200D,
  0x1F33E, 0x1F469, 0x1F3FE, 0x200D, 0x1F373, 0x1F469, 0x1F3FE, 0x200D,
  0x1F37C, 0x1F469, 0x1F3FE, 0x200D, 0x1F393, 0x1F469, 0x1F3FE, 0x200D,
  0x1F3A4, 0x1F469, 0x1F3FE, 0x200D, 0x1F3A8, 0x1F469, 0x1F3FE, 0x200D,
  0x1F3EB, 0x1F469, 0x1F3FE, 0x200D, 0x1F3ED, 0x1F469, 0x1F3FE, 0x200D,
  0x1F4BB, 0x1F469, 0x1F3FE, 0x200D, 0x1F4BC, 0x1F469, 0x1F3FE, 0x200D,
  0x1F527, 0x1F469, 0x1F3FE, 0x200D, 0x1F52C, 0x1F469, 0x1F3FE, 0x200D,
  0x1F680, 0x1F469, 0x1F3FE, 0x200D, 0x1F692, 0x1F469, 0x1F3FE, 0x200D,
  0x1F9AF, 0x1F469, 0x1F3FE, 0x200D, 0x1F9AF, 0x200D, 0x27A1, 0xFE0F,
  0x1F469, 0x1F3FE, 0x200D, 0x1F9BC, 0x1F469, 0x1F3FE, 0x200D, 0x1F9BC,
  0x200D, 0x27A1, 0xFE0F, 0x1F469, 0x1F3FE, 0x200D, 0x1F9BD, 0x1F469,
  0x1F3FE, 0x200D, 0x1F9BD, 0x200D, 0x27A1, 0xFE0F, 0x1F469, 0x1F3FF,
  0x200D, 0x2695, 0xFE0F, 0x1F469, 0x1F3FF, 0x200D, 0x2696, 0xFE0F,
  0x1F469, 0x1F3FF, 0x200D, 0x2708, 0xFE0F, 0x1F469, 0x1F3FF, 0x200D,
  0x1F33E, 0x1F469, 0x1F3FF, 0x200D, 0x1F373, 0x1F469, 0x1F3FF, 0x200D,
  0x1F37C, 0x1F469, 0x1F3FF, 0x200D, 0x1F393, 0x1F469, 0x1F3FF, 0x200D,
  0x1F3A4, 0x1F469, 0x1F3FF, 0x200D, 0x1F3A8, 0x1F469, 0x1F3FF, 0x200D,
  0x1F3EB, 0x1F469, 0x1F3FF, 0x200D, 0x1F3ED, 0x1F469, 0x1F3FF, 0x200D,
  0x1F4BB, 0x1F469, 0x1F3FF, 0x200D, 0x1F4BC, 0x1F469, 0x1F3FF, 0x200D,
  0x1F527, 0x1F469, 0x1F3FF, 0x200D, 0x1F52C, 0x1F469, 0x1F3FF, 0x200D,
  0x1F680, 0x1F469, 0x1F3FF, 0x200D, 0x1F692, 0x1F469, 0x1F3FF, 0x200D,
  0x1F9AF, 0x1F469, 0x1F3FF, 0x200D, 0x1F9AF, 0x200D, 0x27A1, 0xFE0F,
  0x1F469, 0x1F3FF, 0x200D, 0x1F9BC, 0x1F469, 0x1F3FF, 0x200D, 0x1F9BC,
  0x200D, 0x27A1, 0xFE0F, 0x1F469, 0x1F3FF, 0x200D, 0x1F9BD, 0x1F469,
  0x1F3FF, 0x200D, 0x1F9BD, 0x200D, 0x27A1, 0xFE0F, 0x1F6B6, 0x200D,
  0x27A1, 0xFE0F, 0x1F6B6, 0x1F3FB, 0x200D, 0x27A1, 0xFE0F, 0x1F6B6,
  0x1F3FC, 0x200D, 0x27A1, 0xFE0F, 0x1F6B6, 0x1F3FD, 0x200D, 0x27A1,
  0xFE0F, 0x1F6B6, 0x1F3FE, 0x200D, 0x27A1, 0xFE0F, 0x1F6B6, 0x1F3FF,
  0x200D, 0x27A1, 0xFE0F, 0x1F9CE, 0x200D, 0x27A1, 0xFE0F, 0x1F9CE,
  0x1F3FB, 0x200D, 0x27A1, 0xFE0F, 0x1F9CE, 0x1F3FC, 0x200D, 0x27A1,
  0xFE0F, 0x1F9CE, 0x1F3FD, 0x200D, 0x27A1, 0xFE0F, 0x1F9CE, 0x1F3FE,
  0x200D, 0x27A1, 0xFE0F, 0x1F9CE, 0x1F3FF, 0x200D, 0x27A1, 0xFE0F,
  0x1F9D1, 0x200D, 0x2695, 0xFE0F, 0x1F9D1, 0x200D, 0x2696, 0xFE0F,
  0x1F9D1, 0x200D, 0x2708, 0xFE0F, 0x1F9D1, 0x200D, 0x1F33E, 0x1F9D1,
  0x200D, 0x1F373, 0x1F9D1, 0x200D, 0x1F37C, 0x1F9D1, 0x200D, 0x1F384,
  0x1F9D1, 0x200D, 0x1F393, 0x1F9D1, 0x200D, 0x1F3A4, 0x1F9D1, 0x200D,
  0x1F3A8, 0x1F9D1, 0x200D, 0x1F3EB, 0x1F9D1, 0x200D, 0x1F3ED, 0x1F9D1,
  0x200D, 0x1F4BB, 0x1F9D1, 0x200D, 0x1F4BC, 0x1F9D1, 0x200D, 0x1F527,
  0x1F9D1, 0x200D, 0x1F52C, 0x1F9D1, 0x200D, 0x1F680, 0x1F9D1, 0x200D,
  0x1F692, 0x1F9D1, 0x200D, 0x1F9AF, 0x1F9D1, 0x200D, 0x1F9AF, 0x200D,
  0x27A1, 0xFE0F, 0x1F9D1, 0x200D, 0x1F9BC, 0x1F9D1, 0x200D, 0x1F9BC,
  0x200D, 0x27A1, 0xFE0F, 0x1F9D1, 0x200D, 0x1F9BD, 0x1F9D1, 0x200D,
  0x1F9BD, 0x200D, 0x27A1, 0xFE0F, 0x1F9D1, 0x1F3FB, 0x200D, 0x2695,
  0xFE0F, 0x1F9D1, 0x1F3FB, 0x200D, 0x2696, 0xFE0F, 0x1F9D1, 0x1F3FB,
  0x200D, 0x2708, 0xFE0F, 0x1F9D1, 0x1F3FB, 0x200D, 0x1F33E, 0x1F9D1,
  0x1F3FB, 0x200D, 0x1F373, 0x1F9D1, 0x1F3FB, 0x200D, 0x1F37C, 0x1F9D1,
  0x1F3FB, 0x200D, 0x1F384, 0x1F9D1, 0x1F3FB, 0x200D, 0x1F393, 0x1F9D1,
  0x1F3FB, 0x200D, 0x1F3A4, 0x1F9D1, 0x1F3FB, 0x200D, 0x1F3A8, 0x1F9D1,
  0x1F3FB, 0x200D, 0x1F3EB, 0x1F9D1, 0x1F3FB, 0x200D, 0x1F3ED, 0x1F9D1,
  0x1F3FB, 0x200D, 0x1F4BB, 0x1F9D1, 0x1F3FB, 0x200D, 0x1F4BC, 0x1F9D1,
  0x1F3FB, 0x200D, 0x1F527, 0x1F9D1, 0x1F3FB, 0x200D, 0x1F52C, 0x1F9D1,
  0x1F3FB, 0x200D, 0x1F680, 0x1F9D1, 0x1F3FB, 0x200D, 0x1F692, 0x1F9D1,
  0x1F3FB, 0x200D, 0x1F9AF, 0x1F9D1, 0x1F3FB, 0x200D, 0x1F9AF, 0x200D,
  0x27A1, 0xFE0F, 0x1F9D1, 0x1F3FB, 0x200D, 0x1F9BC, 0x1F9D1, 0x1F3FB,
  0x200D, 0x1F9BC, 0x200D, 0x27A1, 0xFE0F, 0x1F9D1, 0x1F3FB, 0x200D,
  0x1F9BD, 0x1F9D1, 0x1F3FB, 0x200D, 0x1F9BD, 0x200D, 0x27A1, 0xFE0F,
  0x1F9D1, 0x1F3FC, 0x200D, 0x2695, 0xFE0F, 0x1F9D1, 0x1F3FC, 0x200D,
  0x2696, 0xFE0F, 0x1F9D1, 0x1F3FC, 0x200D, 0x2708, 0xFE0F, 0x1F9D1,
  0x1F3FC, 0x200D, 0x1F33E, 0x1F9D1, 0x1F3FC, 0x200D, 0x1F373, 0x1F9D1,
  0x1F3FC, 0x200D, 0x1F37C, 0x1F9D1, 0x1F3FC, 0x200D, 0x1F384, 0x1F9D1,
  0x1F3FC, 0x200D, 0x1F393, 0x1F9D1, 0x1F3FC, 0x200D, 0x1F3A4, 0x1F9D1,
  0x1F3FC, 0x200D, 0x1F3A8, 0x1F9D1, 0x1F3FC, 0x200D, 0x1F3EB, 0x1F9D1,
  0x1F3FC, 0x200D, 0x1F3ED, 0x1F9D1, 0x1F3FC, 0x200D, 0x1F4BB, 0x1F9D1,
  0x1F3FC, 0x200D, 0x1F4BC, 0x1F9D1, 0x1F3FC, 0x200D, 0x1F527, 0x1F9D1,
  0x1F3FC, 0x200D, 0x1F52C, 0x1F9D1, 0x1F3FC, 0x200D, 0x1F680, 0x1F9D1,
  0x1F3FC, 0x200D, 0x1F692, 0x1F9D1, 0x1F3FC, 0x200D, 0x1F9AF, 0x1F9D1,
  0x1F3FC, 0x200D, 0x1F9AF, 0x200D, 0x27A1, 0xFE0F, 0x1F9D1, 0x1F3FC,
  0x200D, 0x1F9BC, 0x1F9D1, 0x1F3FC, 0x200D, 0x1F9BC, 0x200D, 0x27A1,
  0xFE0F, 0x1F9D1, 0x1F3FC, 0x200D, 0x1F9BD, 0x1F9D1, 0x1F3FC, 0x200D,
  0x1F9BD, 0x200D, 0x27A1, 0xFE0F, 0x1F9D1, 0x1F3FD, 0x200D, 0x2695,
  0xFE0F, 0x1F9D1, 0x1F3FD, 0x200D, 0x2696, 0xFE0F, 0x1F9D1, 0x1F3FD,
  0x200D, 0x2708, 0xFE0F, 0x1F9D1, 0x1F3FD, 0x200D, 0x1F33E, 0x1F9D1,
  0x1F3FD, 0x200D, 0x1F373, 0x1F9D1, 0x1F3FD, 0x200D, 0x1F37C, 0x1F9D1,
  0x1F3FD, 0x200D, 0x1F384, 0x1F9D1, 0x1F3FD, 0x200D, 0x1F393, 0x1F9D1,
  0x1F3FD, 0x200D, 0x1F3A4, 0x1F9D1, 0x1F3FD, 0x200D, 0x1F3A8, 0x1F9D1,
  0x1F3FD, 0x200D, 0x1F3EB, 0x1F9D1, 0x1F3FD, 0x200D, 0x1F3ED, 0x1F9D1,
  0x1F3FD, 0x200D, 0x1F4BB, 0x1F9D1, 0x1F3FD, 0x200D, 0x1F4BC, 0x1F9D1,
  0x1F3FD, 0x200D, 0x1F527, 0x1F9D1, 0x1F3FD, 0x200D, 0x1F52C, 0x1F9D1,
  0x1F3FD, 0x200D, 0x1F680, 0x1F9D1, 0x1F3FD, 0x200D, 0x1F692, 0x1F9D1,
  0x1F3FD, 0x200D, 0x1F9AF, 0x1F9D1, 0x1F3FD, 0x200D, 0x1F9AF, 0x200D,
  0x27A1, 0xFE0F, 0x1F9D1, 0x1F3FD, 0x200D, 0x1F9BC, 0x1F9D1, 0x1F3FD,
  0x200D, 0x1F9BC, 0x200D, 0x27A1, 0xFE0F, 0x1F9D1, 0x1F3FD, 0x200D,
  0x1F9BD, 0x1F9D1, 0x1F3FD, 0x200D, 0x1F9BD, 0x200D, 0x27A1, 0xFE0F,
  0x1F9D1, 0x1F3FE, 0x200D, 0x2695, 0xFE0F, 0x1F9D1, 0x1F3FE, 0x200D,
  0x2696, 0xFE0F, 0x1F9D1, 0x1F3FE, 0x200D, 0x2708, 0xFE0F, 0x1F9D1,
  0x1F3FE, 0x200D, 0x1F33E, 0x1F9D1, 0x1F3FE, 0x200D, 0x1F373, 0x1F9D1,
  0x1F3FE, 0x200D, 0x1F37C, 0x1F9D1, 0x1F3FE, 0x200D, 0x1F384, 0x1F9D1,
  0x1F3FE, 0x200D, 0x1F393, 0x1F9D1, 0x1F3FE, 0x200D, 0x1F3A4, 0x1F9D1,
  0x1F3FE, 0x200D, 0x1F3A8, 0x1F9D1, 0x1F3FE, 0x200D, 0x1F3EB, 0x1F9D1,
  0x1F3FE, 0x200D, 0x1F3ED, 0x1F9D1, 0x1F3FE, 0x200D, 0x1F4BB, 0x1F9D1,
  0x1F3FE, 0x200D, 0x1F4BC, 0x1F9D1, 0x1F3FE, 0x200D, 0x1F527, 0x1F9D1,
  0x1F3FE, 0x200D, 0x1F52C, 0x1F9D1, 0x1F3FE, 0x200D, 0x1F680, 0x1F9D1,
  0x1F3FE, 0x200D, 0x1F692, 0x1F9D1, 0x1F3FE, 0x200D, 0x1F9AF, 0x1F9D1,
  0x1F3FE, 0x200D, 0x1F9AF, 0x200D, 0x27A1, 0xFE0F, 0x1F9D1, 0x1F3FE,
  0x200D, 0x1F9BC, 0x1F9D1, 0x1F3FE, 0x200D, 0x1F9BC, 0x200D, 0x27A1,
  0xFE0F, 0x1F9D1, 0x1F3FE, 0x200D, 0x1F9BD, 0x1F9D1, 0x1F3FE, 0x200D,
  0x1F9BD, 0x200D, 0x27A1, 0xFE0F, 0x1F9D1, 0x1F3FF, 0x200D, 0x2695,
  0xFE0F, 0x1F9D1, 0x1F3FF, 0x200D, 0x2696, 0xFE0F, 0x1F9D1, 0x1F3FF,
  0x200D, 0x2708, 0xFE0F, 0x1F9D1, 0x1F3FF, 0x200D, 0x1F33E, 0x1F9D1,
  0x1F3FF, 0x200D, 0x1F373, 0x1F9D1, 0x1F3FF, 0x200D, 0x1F37C, 0x1F9D1,
  0x1F3FF, 0x200D, 0x1F384, 0x1F9D1, 0x1F3FF, 0x200D, 0x1F393, 0x1F9D1,
  0x1F3FF, 0x200D, 0x1F3A4, 0x1F9D1, 0x1F3FF, 0x200D, 0x1F3A8, 0x1F9D1,
  0x1F3FF, 0x200D, 0x1F3EB, 0x1F9D1, 0x1F3FF, 0x200D, 0x1F3ED, 0x1F9D1,
  0x1F3FF, 0x200D, 0x1F4BB, 0x1F9D1, 0x1F3FF, 0x200D, 0x1F4BC, 0x1F9D1,
  0x1F3FF, 0x200D, 0x1F527, 0x1F9D1, 0x1F3FF, 0x200D, 0x1F52C, 0x1F9D1,
  0x1F3FF, 0x200D, 0x1F680, 0x1F9D1, 0x1F3FF, 0x200D, 0x1F692, 0x1F9D1,
  0x1F3FF, 0x200D, 0x1F9AF, 0x1F9D1, 0x1F3FF, 0x200D, 0x1F9AF, 0x200D,
  0x27A1, 0xFE0F, 0x1F9D1, 0x1F3FF, 0x200D, 0x1F9BC, 0x1F9D1, 0x1F3FF,
  0x200D, 0x1F9BC, 0x200D, 0x27A1, 0xFE0F, 0x1F9D1, 0x1F3FF, 0x200D,
  0x1F9BD, 0x1F9D1, 0x1F3FF, 0x200D, 0x1F9BD, 0x200D, 0x27A1, 0xFE0F,
  0x26F9, 0x1F3FB, 0x200D, 0x2640, 0xFE0F, 0x26F9, 0x1F3FB, 0x200D,
  0x2642, 0xFE0F, 0x26F9, 0x1F3FC, 0x200D, 0x2640, 0xFE0F, 0x26F9,
  0x1F3FC, 0x200D, 0x2642, 0xFE0F, 0x26F9, 0x1F3FD, 0x200D, 0x2640,
  0xFE0F, 0x26F9, 0x1F3FD, 0x200D, 0x2642, 0xFE0F, 0x26F9, 0x1F3FE,
  0x200D, 0x2640, 0xFE0F, 0x26F9, 0x1F3FE, 0x200D, 0x2642, 0xFE0F,
  0x26F9, 0x1F3FF, 0x200D, 0x2640, 0xFE0F, 0x26F9, 0x1F3FF, 0x200D,
  0x2642, 0xFE0F, 0x26F9, 0xFE0F, 0x200D, 0x2640, 0xFE0F, 0x26F9,
  0xFE0F, 0x200D, 0x2642, 0xFE0F, 0x1F3C3, 0x200D, 0x2640, 0xFE0F,
  0x1F3C3, 0x200D, 0x2640, 0xFE0F, 0x200D, 0x27A1, 0xFE0F, 0x1F3C3,
  0x200D, 0x2642, 0xFE0F, 0x1F3C3, 0x200D, 0x2642, 0xFE0F, 0x200D,
  0x27A1, 0xFE0F, 0x1F3C3, 0x1F3FB, 0x200D, 0x2640, 0xFE0F, 0x1F3C3,
  0x1F3FB, 0x200D, 0x2640, 0xFE0F, 0x200D, 0x27A1, 0xFE0F, 0x1F3C3,
  0x1F3FB, 0x200D, 0x2642, 0xFE0F, 0x1F3C3, 0x1F3FB, 0x200D, 0x2642,
  0xFE0F, 0x200D, 0x27A1, 0xFE0F, 0x1F3C3, 0x1F3FC, 0x200D, 0x2640,
  0xFE0F, 0x1F3C3, 0x1F3FC, 0x200D, 0x2640, 0xFE0F, 0x200D, 0x27A1,
  0xFE0F, 0x1F3C3, 0x1F3FC, 0x200D, 0x2642, 0xFE0F, 0x1F3C3, 0x1F3FC,
  0x200D, 0x2642, 0xFE0F, 0x200D, 0x27A1, 0xFE0F, 0x1F3C3, 0x1F3FD,
  0x200D, 0x2640, 0xFE0F, 0x1F3C3, 0x1F3FD, 0x200D, 0x2640, 0xFE0F,
  0x200D, 0x27A1, 0xFE0F, 0x1F3C3, 0x1F3FD, 0x200D, 0x2642, 0xFE0F,
  0x1F3C3, 0x1F3FD, 0x200D, 0x2642, 0xFE0F, 0x200D, 0x27A1, 0xFE0F,
  0x1F3C3, 0x1F3FE, 0x200D, 0x2640, 0xFE0F, 0x1F3C3, 0x1F3FE, 0x200D,
  0x2640, 0xFE0F, 0x200D, 0x27A1, 0xFE0F, 0x1F3C3, 0x1F3FE, 0x200D,
  0x2642, 0xFE0F, 0x1F3C3, 0x1F3FE, 0x200D, 0x2642, 0xFE0F, 0x200D,
  0x27A1, 0xFE0F, 0x1F3C3, 0x1F3FF, 0x200D, 0x2640, 0xFE0F, 0x1F3C3,
  0x1F3FF, 0x200D, 0x2640, 0xFE0F, 0x200D, 0x27A1, 0xFE0F, 0x1F3C3,
  0x1F3FF, 0x200D, 0x2642, 0xFE0F, 0x1F3C3, 0x1F3FF, 0x200D, 0x2642,
  0xFE0F, 0x200D, 0x27A1, 0xFE0F, 0x1F3C4, 0x200D, 0x2640, 0xFE0F,
  0x1F3C4, 0x200D, 0x2642, 0xFE0F, 0x1F3C4, 0x1F3FB, 0x200D, 0x2640,
  0xFE0F, 0x1F3C4, 0x1F3FB, 0x200D, 0x2642, 0xFE0F, 0x1F3C4, 0x1F3FC,
  0x200D, 0x2640, 0xFE0F, 0x1F3C4, 0x1F3FC, 0x200D, 0x2642, 0xFE0F,
  0x1F3C4, 0x1F3FD, 0x200D, 0x2640, 0xFE0F, 0x1F3C4, 0x1F3FD, 0x200D,
  0x2642, 0xFE0F, 0x1F3C4, 0x1F3FE, 0x200D, 0x2640, 0xFE0F, 0x1F3C4,
  0x1F3FE, 0x200D, 0x2642, 0xFE0F, 0x1F3C4, 0x1F3FF, 0x200D, 0x2640,
  0xFE0F, 0x1F3C4, 0x1F3FF, 0x200D, 0x2642, 0xFE0F, 0x1F3CA, 0x200D,
  0x2640, 0xFE0F, 0x1F3CA, 0x200D, 0x2642, 0xFE0F, 0x1F3CA, 0x1F3FB,
  0x200D, 0x2640, 0xFE0F, 0x1F3CA, 0x1F3FB, 0x200D, 0x2642, 0xFE0F,
  0x1F3CA, 0x1F3FC, 0x200D, 0x2640, 0xFE0F, 0x1F3CA, 0x1F3FC, 0x200D,
  0x2642, 0xFE0F, 0x1F3CA, 0x1F3FD, 0x200D, 0x2640, 0xFE0F, 0x1F3CA,
  0x1F3FD, 0x200D, 0x2642, 0xFE0F, 0x1F3CA, 0x1F3FE, 0x200D, 0x2640,
  0xFE0F, 0x1F3CA, 0x1F3FE, 0x200D, 0x2642, 0xFE0F, 0x1F3CA, 0x1F3FF,
  0x200D, 0x2640, 0xFE0F, 0x1F3CA, 0x1F3FF, 0x200D, 0x2642, 0xFE0F,
  0x1F3CB, 0x1F3FB, 0x200D, 0x2640, 0xFE0F, 0x1F3CB, 0x1F3FB, 0x200D,
  0x2642, 0xFE0F, 0x1F3CB, 0x1F3FC, 0x200D, 0x2640, 0xFE0F, 0x1F3CB,
  0x1F3FC, 0x200D, 0x2642, 0xFE0F, 0x1F3CB, 0x1F3FD, 0x200D, 0x2640,
  0xFE0F, 0x1F3CB, 0x1F3FD, 0x200D, 0x2642, 0xFE0F, 0x1F3CB, 0x1F3FE,
  0x200D, 0x2640, 0xFE0F, 0x1F3CB, 0x1F3FE, 0x200D, 0x2642, 0xFE0F,
  0x1F3CB, 0x1F3FF, 0x200D, 0x2640, 0xFE0F, 0x1F3CB, 0x1F3FF, 0x200D,
  0x2642, 0xFE0F, 0x1F3CB, 0xFE0F, 0x200D, 0x2640, 0xFE0F, 0x1F3CB,
  0xFE0F, 0x200D, 0x2642, 0xFE0F, 0x1F3CC, 0x1F3FB, 0x200D, 0x2640,
  0xFE0F, 0x1F3CC, 0x1F3FB, 0x200D, 0x2642, 0xFE0F, 0x1F3CC, 0x1F3FC,
  0x200D, 0x2640, 0xFE0F, 0x1F3CC, 0x1F3FC, 0x200D, 0x2642, 0xFE0F,
  0x1F3CC, 0x1F3FD, 0x200D, 0x2640, 0xFE0F, 0x1F3CC, 0x1F3FD, 0x200D,
  0x2642, 0xFE0F, 0x1F3CC, 0x1F3FE, 0x200D, 0x2640, 0xFE0F, 0x1F3CC,
  0x1F3FE, 0x200D, 0x2642, 0xFE0F, 0x1F3CC, 0x1F3FF, 0x200D, 0x2640,
  0xFE0F, 0x1F3CC, 0x1F3FF, 0x200D, 0x2642, 0xFE0F, 0x1F3CC, 0xFE0F,
  0x200D, 0x2640, 0xFE0F, 0x1F3CC, 0xFE0F, 0x200D, 0x2642, 0xFE0F,
  0x1F46E, 0x200D, 0x2640, 0xFE0F, 0x1F46E, 0x200D, 0x2642, 0xFE0F,
  0x1F46E, 0x1F3FB, 0x200D, 0x2640, 0xFE0F, 0x1F46E, 0x1F3FB, 0x200D,
  0x2642, 0xFE0F, 0x1F46E, 0x1F3FC, 0x200D, 0x2640, 0xFE0F, 0x1F46E,
  0x1F3FC, 0x200D, 0x2642, 0xFE0F, 0x1F46E, 0x1F3FD, 0x200D, 0x2640,
  0xFE0F, 0x1F46E, 0x1F3FD, 0x200D, 0x2642, 0xFE0F, 0x1F46E, 0x1F3FE,
  0x200D, 0x2640, 0xFE0F, 0x1F46E, 0x1F3FE, 0x200D, 0x2642, 0xFE0F,
  0x1F46E, 0x1F3FF, 0x200D, 0x2640, 0xFE0F, 0x1F46E, 0x1F3FF, 0x200D,
  0x2642, 0xFE0F, 0x1F46F, 0x200D, 0x2640, 0xFE0F, 0x1F46F, 0x200D,
  0x2642, 0xFE0F, 0x1F46F, 0x1F3FB, 0x200D, 0x2640, 0xFE0F, 0x1F46F,
  0x1F3FB, 0x200D, 0x2642, 0xFE0F, 0x1F46F, 0x1F3FC, 0x200D, 0x2640,
  0xFE0F, 0x1F46F, 0x1F3FC, 0x200D, 0x2642, 0xFE0F, 0x1F46F, 0x1F3FD,
  0x200D, 0x2640, 0xFE0F, 0x1F46F, 0x1F3FD, 0x200D, 0x2642, 0xFE0F,
  0x1F46F, 0x1F3FE, 0x200D, 0x2640, 0xFE0F, 0x1F46F, 0x1F3FE, 0x200D,
  0x2642, 0xFE0F, 0x1F46F, 0x1F3FF, 0x200D, 0x2640, 0xFE0F, 0x1F46F,
  0x1F3FF, 0x200D, 0x2642, 0xFE0F, 0x1F470, 0x200D, 0x2640, 0xFE0F,
  0x1F470, 0x200D, 0x2642, 0xFE0F, 0x1F470, 0x1F3FB, 0x200D, 0x2640,
  0xFE0F, 0x1F470, 0x1F3FB, 0x200D, 0x2642, 0xFE0F, 0x1F470, 0x1F3FC,
  0x200D, 0x2640, 0xFE0F, 0x1F470, 0x1F3FC, 0x200D, 0x2642, 0xFE0F,
  0x1F470, 0x1F3FD, 0x200D, 0x2640, 0xFE0F, 0x1F470, 0x1F3FD, 0x200D,
  0x2642, 0xFE0F, 0x1F470, 0x1F3FE, 0x200D, 0x2640, 0xFE0F, 0x1F470,
  0x1F3FE, 0x200D, 0x2642, 0xFE0F, 0x1F470, 0x1F3FF, 0x200D, 0x2640,
  0xFE0F, 0x1F470, 0x1F3FF, 0x200D, 0x2642, 0xFE0F, 0x1F471, 0x200D,
  0x2640, 0xFE0F, 0x1F471, 0x200D, 0x2642, 0xFE0F, 0x1F471, 0x1F3FB,
  0x200D, 0x2640, 0xFE0F, 0x1F471, 0x1F3FB, 0x200D, 0x2642, 0xFE0F,
  0x1F471, 0x1F3FC, 0x200D, 0x2640, 0xFE0F, 0x1F471, 0x1F3FC, 0x200D,
  0x2642, 0xFE0F, 0x1F471, 0x1F3FD, 0x200D, 0x2640, 0xFE0F, 0x1F471,
  0x1F3FD, 0x200D, 0x2642, 0xFE0F, 0x1F471, 0x1F3FE, 0x200D, 0x2640,
  0xFE0F, 0x1F471, 0x1F3FE, 0x200D, 0x2642, 0xFE0F, 0x1F471, 0x1F3FF,
  0x200D, 0x2640, 0xFE0F, 0x1F471, 0x1F3FF, 0x200D, 0x2642, 0xFE0F,
  0x1F473, 0x200D, 0x2640, 0xFE0F, 0x1F473, 0x200D, 0x2642, 0xFE0F,
  0x1F473, 0x1F3FB, 0x200D, 0x2640, 0xFE0F, 0x1F473, 0x1F3FB, 0x200D,
  0x2642, 0xFE0F, 0x1F473, 0x1F3FC, 0x200D, 0x2640, 0xFE0F, 0x1F473,
  0x1F3FC, 0x200D, 0x2642, 0xFE0F, 0x1F473, 0x1F3FD, 0x200D, 0x2640,
  0xFE0F, 0x1F473, 0x1F3FD, 0x200D, 0x2642, 0xFE0F, 0x1F473, 0x1F3FE,
  0x200D, 0x2640, 0xFE0F, 0x1F473, 0x1F3FE, 0x200D, 0x2642, 0xFE0F,
  0x1F473, 0x1F3FF, 0x200D, 0x2640, 0xFE0F, 0x1F473, 0x1F3FF, 0x200D,
  0x2642, 0xFE0F, 0x1F477, 0x200D, 0x2640, 0xFE0F, 0x1F477, 0x200D,
  0x2642, 0xFE0F, 0x1F477, 0x1F3FB, 0x200D, 0x2640, 0xFE0F, 0x1F477,
  0x1F3FB, 0x200D, 0x2642, 0xFE0F, 0x1F477, 0x1F3FC, 0x200D, 0x2640,
  0xFE0F, 0x1F477, 0x1F3FC, 0x200D, 0x2642, 0xFE0F, 0x1F477, 0x1F3FD,
  0x200D, 0x2640, 0xFE0F, 0x1F477, 0x1F3FD, 0x200D, 0x2642, 0xFE0F,
  0x1F477, 0x1F3FE, 0x200D, 0x2640, 0xFE0F, 0x1F477, 0x1F3FE, 0x200D,
  0x2642, 0xFE0F, 0x1F477, 0x1F3FF, 0x200D, 0x2640, 0xFE0F, 0x1F477,
  0x1F3FF, 0x200D, 0x2642, 0xFE0F, 0x1F481, 0x200D, 0x2640, 0xFE0F,
  0x1F481, 0x200D, 0x2642, 0xFE0F, 0x1F481, 0x1F3FB, 0x200D, 0x2640,
  0xFE0F, 0x1F481, 0x1F3FB, 0x200D, 0x2642, 0xFE0F, 0x1F481, 0x1F3FC,
  0x200D, 0x2640, 0xFE0F, 0x1F481, 0x1F3FC, 0x200D, 0x2642, 0xFE0F,
  0x1F481, 0x1F3FD, 0x200D, 0x2640, 0xFE0F, 0x1F481, 0x1F3FD, 0x200D,
  0x2642, 0xFE0F, 0x1F481, 0x1F3FE, 0x200D, 0x2640, 0xFE0F, 0x1F481,
  0x1F3FE, 0x200D, 0x2642, 0xFE0F, 0x1F481, 0x1F3FF, 0x200D, 0x2640,
  0xFE0F, 0x1F481, 0x1F3FF, 0x200D, 0x2642, 0xFE0F, 0x1F482, 0x200D,
  0x2640, 0xFE0F, 0x1F482, 0x200D, 0x2642, 0xFE0F, 0x1F482, 0x1F3FB,
  0x200D, 0x2640, 0xFE0F, 0x1F482, 0x1F3FB, 0x200D, 0x2642, 0xFE0F,
  0x1F482, 0x1F3FC, 0x200D, 0x2640, 0xFE0F, 0x1F482, 0x1F3FC, 0x200D,
  0x2642, 0xFE0F, 0x1F482, 0x1F3FD, 0x200D, 0x2640, 0xFE0F, 0x1F482,
  0x1F3FD, 0x200D, 0x2642, 0xFE0F, 0x1F482, 0x1F3FE, 0x200D, 0x2640,
  0xFE0F, 0x1F482, 0x1F3FE, 0x200D, 0x2642, 0xFE0F, 0x1F482, 0x1F3FF,
  0x200D, 0x2640, 0xFE0F, 0x1F482, 0x1F3FF, 0x200D, 0x2642, 0xFE0F,
  0x1F486, 0x200D, 0x2640, 0xFE0F, 0x1F486, 0x200D, 0x2642, 0xFE0F,
  0x1F486, 0x1F3FB, 0x200D, 0x2640, 0xFE0F, 0x1F486, 0x1F3FB, 0x200D,
  0x2642, 0xFE0F, 0x1F486, 0x1F3FC, 0x200D, 0x2640, 0xFE0F, 0x1F486,
  0x1F3FC, 0x200D, 0x2642, 0xFE0F, 0x1F486, 0x1F3FD, 0x200D, 0x2640,
  0xFE0F, 0x1F486, 0x1F3FD, 0x200D, 0x2642, 0xFE0F, 0x1F486, 0x1F3FE,
  0x200D, 0x2640, 0xFE0F, 0x1F486, 0x1F3FE, 0x200D, 0x2642, 0xFE0F,
  0x1F486, 0x1F3FF, 0x200D, 0x2640, 0xFE0F, 0x1F486, 0x1F3FF, 0x200D,
  0x2642, 0xFE0F, 0x1F487, 0x200D, 0x2640, 0xFE0F, 0x1F487, 0x200D,
  0x2642, 0xFE0F, 0x1F487, 0x1F3FB, 0x200D, 0x2640, 0xFE0F, 0x1F487,
  0x1F3FB, 0x200D, 0x2642, 0xFE0F, 0x1F487, 0x1F3FC, 0x200D, 0x2640,
  0xFE0F, 0x1F487, 0x1F3FC, 0x200D, 0x2642, 0xFE0F, 0x1F487, 0x1F3FD,
  0x200D, 0x2640, 0xFE0F, 0x1F487, 0x1F3FD, 0x200D, 0x2642, 0xFE0F,
  0x1F487, 0x1F3FE, 0x200D, 0x2640, 0xFE0F, 0x1F487, 0x1F3FE, 0x200D,
  0x2642, 0xFE0F, 0x1F487, 0x1F3FF, 0x200D, 0x2640, 0xFE0F, 0x1F487,
  0x1F3FF, 0x200D, 0x2642, 0xFE0F, 0x1F575, 0x1F3FB, 0x200D, 0x2640,
  0xFE0F, 0x1F575, 0x1F3FB, 0x200D, 0x2642, 0xFE0F, 0x1F575, 0x1F3FC,
  0x200D, 0x2640, 0xFE0F, 0x1F575, 0x1F3FC, 0x200D, 0x2642, 0xFE0F,
  0x1F575, 0x1F3FD, 0x200D, 0x2640, 0xFE0F, 0x1F575, 0x1F3FD, 0x200D,
  0x2642, 0xFE0F, 0x1F575, 0x1F3FE, 0x200D, 0x2640, 0xFE0F, 0x1F575,
  0x1F3FE, 0x200D, 0x2642, 0xFE0F, 0x1F575, 0x1F3FF, 0x200D, 0x2640,
  0xFE0F, 0x1F575, 0x1F3FF, 0x200D, 0x2642, 0xFE0F, 0x1F575, 0xFE0F,
  0x200D, 0x2640, 0xFE0F, 0x1F575, 0xFE0F, 0x200D, 0x2642, 0xFE0F,
  0x1F645, 0x200D, 0x2640, 0xFE0F, 0x1F645, 0x200D, 0x2642, 0xFE0F,
  0x1F645, 0x1F3FB, 0x200D, 0x2640, 0xFE0F, 0x1F645, 0x1F3FB, 0x200D,
  0x2642, 0xFE0F, 0x1F645, 0x1F3FC, 0x200D, 0x2640, 0xFE0F, 0x1F645,
  0x1F3FC, 0x200D, 0x2642, 0xFE0F, 0x1F645, 0x1F3FD, 0x200D, 0x2640,
  0xFE0F, 0x1F645, 0x1F3FD, 0x200D, 0x2642, 0xFE0F, 0x1F645, 0x1F3FE,
  0x200D, 0x2640, 0xFE0F, 0x1F645, 0x1F3FE, 0x200D, 0x2642, 0xFE0F,
  0x1F645, 0x1F3FF, 0x200D, 0x2640, 0xFE0F, 0x1F645, 0x1F3FF, 0x200D,
  0x2642, 0xFE0F, 0x1F646, 0x200D, 0x2640, 0xFE0F, 0x1F646, 0x200D,
  0x2642, 0xFE0F, 0x1F646, 0x1F3FB, 0x200D, 0x2640, 0xFE0F, 0x1F646,
  0x1F3FB, 0x200D, 0x2642, 0xFE0F, 0x1F646, 0x1F3FC, 0x200D, 0x2640,
  0xFE0F, 0x1F646, 0x1F3FC, 0x200D, 0x2642, 0xFE0F, 0x1F646, 0x1F3FD,
  0x200D, 0x2640, 0xFE0F, 0x1F646, 0x1F3FD, 0x200D, 0x2642, 0xFE0F,
  0x1F646, 0x1F3FE, 0x200D, 0x2640, 0xFE0F, 0x1F646, 0x1F3FE, 0x200D,
  0x2642, 0xFE0F, 0x1F646, 0x1F3FF, 0x200D, 0x2640, 0xFE0F, 0x1F646,
  0x1F3FF, 0x200D, 0x2642, 0xFE0F, 0x1F647, 0x200D, 0x2640, 0xFE0F,
  0x1F647, 0x200D, 0x2642, 0xFE0F, 0x1F647, 0x1F3FB, 0x200D, 0x2640,
  0xFE0F, 0x1F647, 0x1F3FB, 0x200D, 0x2642, 0xFE0F, 0x1F647, 0x1F3FC,
  0x200D, 0x2640, 0xFE0F, 0x1F647, 0x1F3FC, 0x200D, 0x2642, 0xFE0F,
  0x1F647, 0x1F3FD, 0x200D, 0x2640, 0xFE0F, 0x1F647, 0x1F3FD, 0x200D,
  0x2642, 0xFE0F, 0x1F647, 0x1F3FE, 0x200D, 0x2640, 0xFE0F, 0x1F647,
  0x1F3FE, 0x200D, 0x2642, 0xFE0F, 0x1F647, 0x1F3FF, 0x200D, 0x2640,
  0xFE0F, 0x1F647, 0x1F3FF, 0x200D, 0x2642, 0xFE0F, 0x1F64B, 0x200D,
  0x2640, 0xFE0F, 0x1F64B, 0x200D, 0x2642, 0xFE0F, 0x1F64B, 0x1F3FB,
  0x200D, 0x2640, 0xFE0F, 0x1F64B, 0x1F3FB, 0x200D, 0x2642, 0xFE0F,
  0x1F64B, 0x1F3FC, 0x200D, 0x2640, 0xFE0F, 0x1F64B, 0x1F3FC, 0x200D,
  0x2642, 0xFE0F, 0x1F64B, 0x1F3FD, 0x200D, 0x2640, 0xFE0F, 0x1F64B,
  0x1F3FD, 0x200D, 0x2642, 0xFE0F, 0x1F64B, 0x1F3FE, 0x200D, 0x2640,
  0xFE0F, 0x1F64B, 0x1F3FE, 0x200D, 0x2642, 0xFE0F, 0x1F64B, 0x1F3FF,
  0x200D, 0x2640, 0xFE0F, 0x1F64B, 0x1F3FF, 0x200D, 0x2642, 0xFE0F,
  0x1F64D, 0x200D, 0x2640, 0xFE0F, 0x1F64D, 0x200D, 0x2642, 0xFE0F,
  0x1F64D, 0x1F3FB, 0x200D, 0x2640, 0xFE0F, 0x1F64D, 0x1F3FB, 0x200D,
  0x2642, 0xFE0F, 0x1F64D, 0x1F3FC, 0x200D, 0x2640, 0xFE0F, 0x1F64D,
  0x1F3FC, 0x200D, 0x2642, 0xFE0F, 0x1F64D, 0x1F3FD, 0x200D, 0x2640,
  0xFE0F, 0x1F64D, 0x1F3FD, 0x200D, 0x2642, 0xFE0F, 0x1F64D, 0x1F3FE,
  0x200D, 0x2640, 0xFE0F, 0x1F64D, 0x1F3FE, 0x200D, 0x2642, 0xFE0F,
  0x1F64D, 0x1F3FF, 0x200D, 0x2640, 0xFE0F, 0x1F64D, 0x1F3FF, 0x200D,
  0x2642, 0xFE0F, 0x1F64E, 0x200D, 0x2640, 0xFE0F, 0x1F64E, 0x200D,
  0x2642, 0xFE0F, 0x1F64E, 0x1F3FB, 0x200D, 0x2640, 0xFE0F, 0x1F64E,
  0x1F3FB, 0x200D, 0x2642, 0xFE0F, 0x1F64E, 0x1F3FC, 0x200D, 0x2640,
  0xFE0F, 0x1F64E, 0x1F3FC, 0x200D, 0x2642, 0xFE0F, 0x1F64E, 0x1F3FD,
  0x200D, 0x2640, 0xFE0F, 0x1F64E, 0x1F3FD, 0x200D, 0x2642, 0xFE0F,
  0x1F64E, 0x1F3FE, 0x200D, 0x2640, 0xFE0F, 0x1F64E, 0x1F3FE, 0x200D,
  0x2642, 0xFE0F, 0x1F64E, 0x1F3FF, 0x200D, 0x2640, 0xFE0F, 0x1F64E,
  0x1F3FF, 0x200D, 0x2642, 0xFE0F, 0x1F6A3, 0x200D, 0x2640, 0xFE0F,
  0x1F6A3, 0x200D, 0x2642, 0xFE0F, 0x1F6A3, 0x1F3FB, 0x200D, 0x2640,
  0xFE0F, 0x1F6A3, 0x1F3FB, 0x200D, 0x2642, 0xFE0F, 0x1F6A3, 0x1F3FC,
  0x200D, 0x2640, 0xFE0F, 0x1F6A3, 0x1F3FC, 0x200D, 0x2642, 0xFE0F,
  0x1F6A3, 0x1F3FD, 0x200D, 0x2640, 0xFE0F, 0x1F6A3, 0x1F3FD, 0x200D,
  0x2642, 0xFE0F, 0x1F6A3, 0x1F3FE, 0x200D, 0x2640, 0xFE0F, 0x1F6A3,
  0x1F3FE, 0x200D, 0x2642, 0xFE0F, 0x1F6A3, 0x1F3FF, 0x200D, 0x2640,
  0xFE0F, 0x1F6A3, 0x1F3FF, 0x200D, 0x2642, 0xFE0F, 0x1F6B4, 0x200D,
  0x2640, 0xFE0F, 0x1F6B4, 0x200D, 0x2642, 0xFE0F, 0x1F6B4, 0x1F3FB,
  0x200D, 0x2640, 0xFE0F, 0x1F6B4, 0x1F3FB, 0x200D, 0x2642, 0xFE0F,
  0x1F6B4, 0x1F3FC, 0x200D, 0x2640, 0xFE0F, 0x1F6B4, 0x1F3FC, 0x200D,
  0x2642, 0xFE0F, 0x1F6B4, 0x1F3FD, 0x200D, 0x2640, 0xFE0F, 0x1F6B4,
  0x1F3FD, 0x200D, 0x2642, 0xFE0F, 0x1F6B4, 0x1F3FE, 0x200D, 0x2640,
  0xFE0F, 0x1F6B4, 0x1F3FE, 0x200D, 0x2642, 0xFE0F, 0x1F6B4, 0x1F3FF,
  0x200D, 0x2640, 0xFE0F, 0x1F6B4, 0x1F3FF, 0x200D, 0x2642, 0xFE0F,
  0x1F6B5, 0x200D, 0x2640, 0xFE0F, 0x1F6B5, 0x200D, 0x2642, 0xFE0F,
  0x1F6B5, 0x1F3FB, 0x200D, 0x2640, 0xFE0F, 0x1F6B5, 0x1F3FB, 0x200D,
  0x2642, 0xFE0F, 0x1F6B5, 0x1F3FC, 0x200D, 0x2640, 0xFE0F, 0x1F6B5,
  0x1F3FC, 0x200D, 0x2642, 0xFE0F, 0x1F6B5, 0x1F3FD, 0x200D, 0x2640,
  0xFE0F, 0x1F6B5, 0x1F3FD, 0x200D, 0x2642, 0xFE0F, 0x1F6B5, 0x1F3FE,
  0x200D, 0x2640, 0xFE0F, 0x1F6B5, 0x1F3FE, 0x200D, 0x2642, 0xFE0F,
  0x1F6B5, 0x1F3FF, 0x200D, 0x2640, 0xFE0F, 0x1F6B5, 0x1F3FF, 0x200D,
  0x2642, 0xFE0F, 0x1F6B6, 0x200D, 0x2640, 0xFE0F, 0x1F6B6, 0x200D,
  0x2640, 0xFE0F, 0x200D, 0x27A1, 0xFE0F, 0x1F6B6, 0x200D, 0x2642,
  0xFE0F, 0x1F6B6, 0x200D, 0x2642, 0xFE0F, 0x200D, 0x27A1, 0xFE0F,
  0x1F6B6, 0x1F3FB, 0x200D, 0x2640, 0xFE0F, 0x1F6B6, 0x1F3FB, 0x200D,
  0x2640, 0xFE0F, 0x200D, 0x27A1, 0xFE0F, 0x1F6B6, 0x1F3FB, 0x200D,
  0x2642, 0xFE0F, 0x1F6B6, 0x1F3FB, 0x200D, 0x2642, 0xFE0F, 0x200D,
  0x27A1, 0xFE0F, 0x1F6B6, 0x1F3FC, 0x200D, 0x2640, 0xFE0F, 0x1F6B6,
  0x1F3FC, 0x200D, 0x2640, 0xFE0F, 0x200D, 0x27A1, 0xFE0F, 0x1F6B6,
  0x1F3FC, 0x200D, 0x2642, 0xFE0F, 0x1F6B6, 0x1F3FC, 0x200D, 0x2642,
  0xFE0F, 0x200D, 0x27A1, 0xFE0F, 0x1F6B6, 0x1F3FD, 0x200D, 0x2640,
  0xFE0F, 0x1F6B6, 0x1F3FD, 0x200D, 0x2640, 0xFE0F, 0x200D, 0x27A1,
  0xFE0F, 0x1F6B6, 0x1F3FD, 0x200D, 0x2642, 0xFE0F, 0x1F6B6, 0x1F3FD,
  0x200D, 0x2642, 0xFE0F, 0x200D, 0x27A1, 0xFE0F, 0x1F6B6, 0x1F3FE,
  0x200D, 0x2640, 0xFE0F, 0x1F6B6, 0x1F3FE, 0x200D, 0x2640, 0xFE0F,
  0x200D, 0x27A1, 0xFE0F, 0x1F6B6, 0x1F3FE, 0x200D, 0x2642, 0xFE0F,
  0x1F6B6, 0x1F3FE, 0x200D, 0x2642, 0xFE0F, 0x200D, 0x27A1, 0xFE0F,
  0x1F6B6, 0x1F3FF, 0x200D, 0x2640, 0xFE0F, 0x1F6B6, 0x1F3FF, 0x200D,
  0x2640, 0xFE0F, 0x200D, 0x27A1, 0xFE0F, 0x1F6B6, 0x1F3FF, 0x200D,
  0x2642, 0xFE0F, 0x1F6B6, 0x1F3FF, 0x200D, 0x2642, 0xFE0F, 0x200D,
  0x27A1, 0xFE0F, 0x1F926, 0x200D, 0x2640, 0xFE0F, 0x1F926, 0x200D,
  0x2642, 0xFE0F, 0x1F926, 0x1F3FB, 0x200D, 0x2640, 0xFE0F, 0x1F926,
  0x1F3FB, 0x200D, 0x2642, 0xFE0F, 0x1F926, 0x1F3FC, 0x200D, 0x2640,
  0xFE0F, 0x1F926, 0x1F3FC, 0x200D, 0x2642, 0xFE0F, 0x1F926, 0x1F3FD,
  0x200D, 0x2640, 0xFE0F, 0x1F926, 0x1F3FD, 0x200D, 0x2642, 0xFE0F,
  0x1F926, 0x1F3FE, 0x200D, 0x2640, 0xFE0F, 0x1F926, 0x1F3FE, 0x200D,
  0x2642, 0xFE0F, 0x1F926, 0x1F3FF, 0x200D, 0x2640, 0xFE0F, 0x1F926,
  0x1F3FF, 0x200D, 0x2642, 0xFE0F, 0x1F935, 0x200D, 0x2640, 0xFE0F,
  0x1F935, 0x200D, 0x2642, 0xFE0F, 0x1F935, 0x1F3FB, 0x200D, 0x2640,
  0xFE0F, 0x1F935, 0x1F3FB, 0x200D, 0x2642, 0xFE0F, 0x1F935, 0x1F3FC,
  0x200D, 0x2640, 0xFE0F, 0x1F935, 0x1F3FC, 0x200D, 0x2642, 0xFE0F,
  0x1F935, 0x1F3FD, 0x200D, 0x2640, 0xFE0F, 0x1F935, 0x1F3FD, 0x200D,
  0x2642, 0xFE0F, 0x1F935, 0x1F3FE, 0x200D, 0x2640, 0xFE0F, 0x1F935,
  0x1F3FE, 0x200D, 0x2642, 0xFE0F, 0x1F935, 0x1F3FF, 0x200D, 0x2640,
  0xFE0F, 0x1F935, 0x1F3FF, 0x200D, 0x2642, 0xFE0F, 0x1F937, 0x200D,
  0x2640, 0xFE0F, 0x1F937, 0x200D, 0x2642, 0xFE0F, 0x1F937, 0x1F3FB,
  0x200D, 0x2640, 0xFE0F, 0x1F937, 0x1F3FB, 0x200D, 0x2642, 0xFE0F,
  0x1F937, 0x1F3FC, 0x200D, 0x2640, 0xFE0F, 0x1F937, 0x1F3FC, 0x200D,
  0x2642, 0xFE0F, 0x1F937, 0x1F3FD, 0x200D, 0x2640, 0xFE0F, 0x1F937,
  0x1F3FD, 0x200D, 0x2642, 0xFE0F, 0x1F937, 0x1F3FE, 0x200D, 0x2640,
  0xFE0F, 0x1F937, 0x1F3FE, 0x200D, 0x2642, 0xFE0F, 0x1F937, 0x1F3FF,
  0x200D, 0x2640, 0xFE0F, 0x1F937, 0x1F3FF, 0x200D, 0x2642, 0xFE0F,
  0x1F938, 0x200D, 0x2640, 0xFE0F, 0x1F938, 0x200D, 0x2642, 0xFE0F,
  0x1F938, 0x1F3FB, 0x200D, 0x2640, 0xFE0F, 0x1F938, 0x1F3FB, 0x200D,
  0x2642, 0xFE0F, 0x1F938, 0x1F3FC, 0x200D, 0x2640, 0xFE0F, 0x1F938,
  0x1F3FC, 0x200D, 0x2642, 0xFE0F, 0x1F938, 0x1F3FD, 0x200D, 0x2640,
  0xFE0F, 0x1F938, 0x1F3FD, 0x200D, 0x2642, 0xFE0F, 0x1F938, 0x1F3FE,
  0x200D, 0x2640, 0xFE0F, 0x1F938, 0x1F3FE, 0x200D, 0x2642, 0xFE0F,
  0x1F938, 0x1F3FF, 0x200D, 0x2640, 0xFE0F, 0x1F938, 0x1F3FF, 0x200D,
  0x2642, 0xFE0F, 0x1F939, 0x200D, 0x2640, 0xFE0F, 0x1F939, 0x200D,
  0x2642, 0xFE0F, 0x1F939, 0x1F3FB, 0x200D, 0x2640, 0xFE0F, 0x1F939,
  0x1F3FB, 0x200D, 0x2642, 0xFE0F, 0x1F939, 0x1F3FC, 0x200D, 0x2640,
  0xFE0F, 0x1F939, 0x1F3FC, 0x200D, 0x2642, 0xFE0F, 0x1F939, 0x1F3FD,
  0x200D, 0x2640, 0xFE0F, 0x1F939, 0x1F3FD, 0x200D, 0x2642, 0xFE0F,
  0x1F939, 0x1F3FE, 0x200D, 0x2640, 0xFE0F, 0x1F939, 0x1F3FE, 0x200D,
  0x2642, 0xFE0F, 0x1F939, 0x1F3FF, 0x200D, 0x2640, 0xFE0F, 0x1F939,
  0x1F3FF, 0x200D, 0x2642, 0xFE0F, 0x1F93C, 0x200D, 0x2640, 0xFE0F,
  0x1F93C, 0x200D, 0x2642, 0xFE0F, 0x1F93C, 0x1F3FB, 0x200D, 0x2640,
  0xFE0F, 0x1F93C, 0x1F3FB, 0x200D, 0x2642, 0xFE0F, 0x1F93C, 0x1F3FC,
  0x200D, 0x2640, 0xFE0F, 0x1F93C, 0x1F3FC, 0x200D, 0x2642, 0xFE0F,
  0x1F93C, 0x1F3FD, 0x200D, 0x2640, 0xFE0F, 0x1F93C, 0x1F3FD, 0x200D,
  0x2642, 0xFE0F, 0x1F93C, 0x1F3FE, 0x200D, 0x2640, 0xFE0F, 0x1F93C,
  0x1F3FE, 0x200D, 0x2642, 0xFE0F, 0x1F93C, 0x1F3FF, 0x200D, 0x2640,
  0xFE0F, 0x1F93C, 0x1F3FF, 0x200D, 0x2642, 0xFE0F, 0x1F93D, 0x200D,
  0x2640, 0xFE0F, 0x1F93D, 0x200D, 0x2642, 0xFE0F, 0x1F93D, 0x1F3FB,
  0x200D, 0x2640, 0xFE0F, 0x1F93D, 0x1F3FB, 0x200D, 0x2642, 0xFE0F,
  0x1F93D, 0x1F3FC, 0x200D, 0x2640, 0xFE0F, 0x1F93D, 0x1F3FC, 0x200D,
  0x2642, 0xFE0F, 0x1F93D, 0x1F3FD, 0x200D, 0x2640, 0xFE0F, 0x1F93D,
  0x1F3FD, 0x200D, 0x2642, 0xFE0F, 0x1F93D, 0x1F3FE, 0x200D, 0x2640,
  0xFE0F, 0x1F93D, 0x1F3FE, 0x200D, 0x2642, 0xFE0F, 0x1F93D, 0x1F3FF,
  0x200D, 0x2640, 0xFE0F, 0x1F93D, 0x1F3FF, 0x200D, 0x2642, 0xFE0F,
  0x1F93E, 0x200D, 0x2640, 0xFE0F, 0x1F93E, 0x200D, 0x2642, 0xFE0F,
  0x1F93E, 0x1F3FB, 0x200D, 0x2640, 0xFE0F, 0x1F93E, 0x1F3FB, 0x200D,
  0x2642, 0xFE0F, 0x1F93E, 0x1F3FC, 0x200D, 0x2640, 0xFE0F, 0x1F93E,
  0x1F3FC, 0x200D, 0x2642, 0xFE0F, 0x1F93E, 0x1F3FD, 0x200D, 0x2640,
  0xFE0F, 0x1F93E, 0x1F3FD, 0x200D, 0x2642, 0xFE0F, 0x1F93E, 0x1F3FE,
  0x200D, 0x2640, 0xFE0F, 0x1F93E, 0x1F3FE, 0x200D, 0x2642, 0xFE0F,
  0x1F93E, 0x1F3FF, 0x200D, 0x2640, 0xFE0F, 0x1F93E, 0x1F3FF, 0x200D,
  0x2642, 0xFE0F, 0x1F9B8, 0x200D, 0x2640, 0xFE0F, 0x1F9B8, 0x200D,
  0x2642, 0xFE0F, 0x1F9B8, 0x1F3FB, 0x200D, 0x2640, 0xFE0F, 0x1F9B8,
  0x1F3FB, 0x200D, 0x2642, 0xFE0F, 0x1F9B8, 0x1F3FC, 0x200D, 0x2640,
  0xFE0F, 0x1F9B8, 0x1F3FC, 0x200D, 0x2642, 0xFE0F, 0x1F9B8, 0x1F3FD,
  0x200D, 0x2640, 0xFE0F, 0x1F9B8, 0x1F3FD, 0x200D, 0x2642, 0xFE0F,
  0x1F9B8, 0x1F3FE, 0x200D, 0x2640, 0xFE0F, 0x1F9B8, 0x1F3FE, 0x200D,
  0x2642, 0xFE0F, 0x1F9B8, 0x1F3FF, 0x200D, 0x2640, 0xFE0F, 0x1F9B8,
  0x1F3FF, 0x200D, 0x2642, 0xFE0F, 0x1F9B9, 0x200D, 0x2640, 0xFE0F,
  0x1F9B9, 0x200D, 0x2642, 0xFE0F, 0x1F9B9, 0x1F3FB, 0x200D, 0x2640,
  0xFE0F, 0x1F9B9, 0x1F3FB, 0x200D, 0x2642, 0xFE0F, 0x1F9B9, 0x1F3FC,
  0x200D, 0x2640, 0xFE0F, 0x1F9B9, 0x1F3FC, 0x200D, 0x2642, 0xFE0F,
  0x1F9B9, 0x1F3FD, 0x200D, 0x2640, 0xFE0F, 0x1F9B9, 0x1F3FD, 0x200D,
  0x2642, 0xFE0F, 0x1F9B9, 0x1F3FE, 0x200D, 0x2640, 0xFE0F, 0x1F9B9,
  0x1F3FE, 0x200D, 0x2642, 0xFE0F, 0x1F9B9, 0x1F3FF, 0x200D, 0x2640,
  0xFE0F, 0x1F9B9, 0x1F3FF, 0x200D, 0x2642, 0xFE0F, 0x1F9CD, 0x200D,
  0x2640, 0xFE0F, 0x1F9CD, 0x200D, 0x2642, 0xFE0F, 0x1F9CD, 0x1F3FB,
  0x200D, 0x2640, 0xFE0F, 0x1F9CD, 0x1F3FB, 0x200D, 0x2642, 0xFE0F,
  0x1F9CD, 0x1F3FC, 0x200D, 0x2640, 0xFE0F, 0x1F9CD, 0x1F3FC, 0x200D,
  0x2642, 0xFE0F, 0x1F9CD, 0x1F3FD, 0x200D, 0x2640, 0xFE0F, 0x1F9CD,
  0x1F3FD, 0x200D, 0x2642, 0xFE0F, 0x1F9CD, 0x1F3FE, 0x200D, 0x2640,
  0xFE0F, 0x1F9CD, 0x1F3FE, 0x200D, 0x2642, 0xFE0F, 0x1F9CD, 0x1F3FF,
  0x200D, 0x2640, 0xFE0F, 0x1F9CD, 0x1F3FF, 0x200D, 0x2642, 0xFE0F,
  0x1F9CE, 0x200D, 0x2640, 0xFE0F, 0x1F9CE, 0x200D, 0x2640, 0xFE0F,
  0x200D, 0x27A1, 0xFE0F, 0x1F9CE, 0x200D, 0x2642, 0xFE0F, 0x1F9CE,
  0x200D, 0x2642, 0xFE0F, 0x200D, 0x27A1, 0xFE0F, 0x1F9CE, 0x1F3FB,
  0x200D, 0x2640, 0xFE0F, 0x1F9CE, 0x1F3FB, 0x200D, 0x2640, 0xFE0F,
  0x200D, 0x27A1, 0xFE0F, 0x1F9CE, 0x1F3FB, 0x200D, 0x2642, 0xFE0F,
  0x1F9CE, 0x1F3FB, 0x200D, 0x2642, 0xFE0F, 0x200D, 0x27A1, 0xFE0F,
  0x1F9CE, 0x1F3FC, 0x200D, 0x2640, 0xFE0F, 0x1F9CE, 0x1F3FC, 0x200D,
  0x2640, 0xFE0F, 0x200D, 0x27A1, 0xFE0F, 0x1F9CE, 0x1F3FC, 0x200D,
  0x2642, 0xFE0F, 0x1F9CE, 0x1F3FC, 0x200D, 0x2642, 0xFE0F, 0x200D,
  0x27A1, 0xFE0F, 0x1F9CE, 0x1F3FD, 0x200D, 0x2640, 0xFE0F, 0x1F9CE,
  0x1F3FD, 0x200D, 0x2640, 0xFE0F, 0x200D, 0x27A1, 0xFE0F, 0x1F9CE,
  0x1F3FD, 0x200D, 0x2642, 0xFE0F, 0x1F9CE, 0x1F3FD, 0x200D, 0x2642,
  0xFE0F, 0x200D, 0x27A1, 0xFE0F, 0x1F9CE, 0x1F3FE, 0x200D, 0x2640,
  0xFE0F, 0x1F9CE, 0x1F3FE, 0x200D, 0x2640, 0xFE0F, 0x200D, 0x27A1,
  0xFE0F, 0x1F9CE, 0x1F3FE, 0x200D, 0x2642, 0xFE0F, 0x1F9CE, 0x1F3FE,
  0x200D, 0x2642, 0xFE0F, 0x200D, 0x27A1, 0xFE0F, 0x1F9CE, 0x1F3FF,
  0x200D, 0x2640, 0xFE0F, 0x1F9CE, 0x1F3FF, 0x200D, 0x2640, 0xFE0F,
  0x200D, 0x27A1, 0xFE0F, 0x1F9CE, 0x1F3FF, 0x200D, 0x2642, 0xFE0F,
  0x1F9CE, 0x1F3FF, 0x200D, 0x2642, 0xFE0F, 0x200D, 0x27A1, 0xFE0F,
  0x1F9CF, 0x200D, 0x2640, 0xFE0F, 0x1F9CF, 0x200D, 0x2642, 0xFE0F,
  0x1F9CF, 0x1F3FB, 0x200D, 0x2640, 0xFE0F, 0x1F9CF, 0x1F3FB, 0x200D,
  0x2642, 0xFE0F, 0x1F9CF, 0x1F3FC, 0x200D, 0x2640, 0xFE0F, 0x1F9CF,
  0x1F3FC, 0x200D, 0x2642, 0xFE0F, 0x1F9CF, 0x1F3FD, 0x200D, 0x2640,
  0xFE0F, 0x1F9CF, 0x1F3FD, 0x200D, 0x2642, 0xFE0F, 0x1F9CF, 0x1F3FE,
  0x200D, 0x2640, 0xFE0F, 0x1F9CF, 0x1F3FE, 0x200D, 0x2642, 0xFE0F,
  0x1F9CF, 0x1F3FF, 0x200D, 0x2640, 0xFE0F, 0x1F9CF, 0x1F3FF, 0x200D,
  0x2642, 0xFE0F, 0x1F9D4, 0x200D, 0x2640, 0xFE0F, 0x1F9D4, 0x200D,
  0x2642, 0xFE0F, 0x1F9D4, 0x1F3FB, 0x200D, 0x2640, 0xFE0F, 0x1F9D4,
  0x1F3FB, 0x200D, 0x2642, 0xFE0F, 0x1F9D4, 0x1F3FC, 0x200D, 0x2640,
  0xFE0F, 0x1F9D4, 0x1F3FC, 0x200D, 0x2642, 0xFE0F, 0x1F9D4, 0x1F3FD,
  0x200D, 0x2640, 0xFE0F, 0x1F9D4, 0x1F3FD, 0x200D, 0x2642, 0xFE0F,
  0x1F9D4, 0x1F3FE, 0x200D, 0x2640, 0xFE0F, 0x1F9D4, 0x1F3FE, 0x200D,
  0x2642, 0xFE0F, 0x1F9D4, 0x1F3FF, 0x200D, 0x2640, 0xFE0F, 0x1F9D4,
  0x1F3FF, 0x200D, 0x2642, 0xFE0F, 0x1F9D6, 0x200D, 0x2640, 0xFE0F,
  0x1F9D6, 0x200D, 0x2642, 0xFE0F, 0x1F9D6, 0x1F3FB, 0x200D, 0x2640,
  0xFE0F, 0x1F9D6, 0x1F3FB, 0x200D, 0x2642, 0xFE0F, 0x1F9D6, 0x1F3FC,
  0x200D, 0x2640, 0xFE0F, 0x1F9D6, 0x1F3FC, 0x200D, 0x2642, 0xFE0F,
  0x1F9D6, 0x1F3FD, 0x200D, 0x2640, 0xFE0F, 0x1F9D6, 0x1F3FD, 0x200D,
  0x2642, 0xFE0F, 0x1F9D6, 0x1F3FE, 0x200D, 0x2640, 0xFE0F, 0x1F9D6,
  0x1F3FE, 0x200D, 0x2642, 0xFE0F, 0x1F9D6, 0x1F3FF, 0x200D, 0x2640,
  0xFE0F, 0x1F9D6, 0x1F3FF, 0x200D, 0x2642, 0xFE0F, 0x1F9D7, 0x200D,
  0x2640, 0xFE0F, 0x1F9D7, 0x200D, 0x2642, 0xFE0F, 0x1F9D7, 0x1F3FB,
  0x200D, 0x2640, 0xFE0F, 0x1F9D7, 0x1F3FB, 0x200D, 0x2642, 0xFE0F,
  0x1F9D7, 0x1F3FC, 0x200D, 0x2640, 0xFE0F, 0x1F9D7, 0x1F3FC, 0x200D,
  0x2642, 0xFE0F, 0x1F9D7, 0x1F3FD, 0x200D, 0x2640, 0xFE0F, 0x1F9D7,
  0x1F3FD, 0x200D, 0x2642, 0xFE0F, 0x1F9D7, 0x1F3FE, 0x200D, 0x2640,
  0xFE0F, 0x1F9D7, 0x1F3FE, 0x200D, 0x2642, 0xFE0F, 0x1F9D7, 0x1F3FF,
  0x200D, 0x2640, 0xFE0F, 0x1F9D7, 0x1F3FF, 0x200D, 0x2642, 0xFE0F,
  0x1F9D8, 0x200D, 0x2640, 0xFE0F, 0x1F9D8, 0x200D, 0x2642, 0xFE0F,
  0x1F9D8, 0x1F3FB, 0x200D, 0x2640, 0xFE0F, 0x1F9D8, 0x1F3FB, 0x200D,
  0x2642, 0xFE0F, 0x1F9D8, 0x1F3FC, 0x200D, 0x2640, 0xFE0F, 0x1F9D8,
  0x1F3FC, 0x200D, 0x2642, 0xFE0F, 0x1F9D8, 0x1F3FD, 0x200D, 0x2640,
  0xFE0F, 0x1F9D8, 0x1F3FD, 0x200D, 0x2642, 0xFE0F, 0x1F9D8, 0x1F3FE,
  0x200D, 0x2640, 0xFE0F, 0x1F9D8, 0x1F3FE, 0x200D, 0x2642, 0xFE0F,
  0x1F9D8, 0x1F3FF, 0x200D, 0x2640, 0xFE0F, 0x1F9D8, 0x1F3FF, 0x200D,
  0x2642, 0xFE0F, 0x1F9D9, 0x200D, 0x2640, 0xFE0F, 0x1F9D9, 0x200D,
  0x2642, 0xFE0F, 0x1F9D9, 0x1F3FB, 0x200D, 0x2640, 0xFE0F, 0x1F9D9,
  0x1F3FB, 0x200D, 0x2642, 0xFE0F, 0x1F9D9, 0x1F3FC, 0x200D, 0x2640,
  0xFE0F, 0x1F9D9, 0x1F3FC, 0x200D, 0x2642, 0xFE0F, 0x1F9D9, 0x1F3FD,
  0x200D, 0x2640, 0xFE0F, 0x1F9D9, 0x1F3FD, 0x200D, 0x2642, 0xFE0F,
  0x1F9D9, 0x1F3FE, 0x200D, 0x2640, 0xFE0F, 0x1F9D9, 0x1F3FE, 0x200D,
  0x2642, 0xFE0F, 0x1F9D9, 0x1F3FF, 0x200D, 0x2640, 0xFE0F, 0x1F9D9,
  0x1F3FF, 0x200D, 0x2642, 0xFE0F, 0x1F9DA, 0x200D, 0x2640, 0xFE0F,
  0x1F9DA, 0x200D, 0x2642, 0xFE0F, 0x1F9DA, 0x1F3FB, 0x200D, 0x2640,
  0xFE0F, 0x1F9DA, 0x1F3FB, 0x200D, 0x2642, 0xFE0F, 0x1F9DA, 0x1F3FC,
  0x200D, 0x2640, 0xFE0F, 0x1F9DA, 0x1F3FC, 0x200D, 0x2642, 0xFE0F,
  0x1F9DA, 0x1F3FD, 0x200D, 0x2640, 0xFE0F, 0x1F9DA, 0x1F3FD, 0x200D,
  0x2642, 0xFE0F, 0x1F9DA, 0x1F3FE, 0x200D, 0x2640, 0xFE0F, 0x1F9DA,
  0x1F3FE, 0x200D, 0x2642, 0xFE0F, 0x1F9DA, 0x1F3FF, 0x200D, 0x2640,
  0xFE0F, 0x1F9DA, 0x1F3FF, 0x200D, 0x2642, 0xFE0F, 0x1F9DB, 0x200D,
  0x2640, 0xFE0F, 0x1F9DB, 0x200D, 0x2642, 0xFE0F, 0x1F9DB, 0x1F3FB,
  0x200D, 0x2640, 0xFE0F, 0x1F9DB, 0x1F3FB, 0x200D, 0x2642, 0xFE0F,
  0x1F9DB, 0x1F3FC, 0x200D, 0x2640, 0xFE0F, 0x1F9DB, 0x1F3FC, 0x200D,
  0x2642, 0xFE0F, 0x1F9DB, 0x1F3FD, 0x200D, 0x2640, 0xFE0F, 0x1F9DB,
  0x1F3FD, 0x200D, 0x2642, 0xFE0F, 0x1F9DB, 0x1F3FE, 0x200D, 0x2640,
  0xFE0F, 0x1F9DB, 0x1F3FE, 0x200D, 0x2642, 0xFE0F, 0x1F9DB, 0x1F3FF,
  0x200D, 0x2640, 0xFE0F, 0x1F9DB, 0x1F3FF, 0x200D, 0x2642, 0xFE0F,
  0x1F9DC, 0x200D, 0x2640, 0xFE0F, 0x1F9DC, 0x200D, 0x2642, 0xFE0F,
  0x1F9DC, 0x1F3FB, 0x200D, 0x2640, 0xFE0F, 0x1F9DC, 0x1F3FB, 0x200D,
  0x2642, 0xFE0F, 0x1F9DC, 0x1F3FC, 0x200D, 0x2640, 0xFE0F, 0x1F9DC,
  0x1F3FC, 0x200D, 0x2642, 0xFE0F, 0x1F9DC, 0x1F3FD, 0x200D, 0x2640,
  0xFE0F, 0x1F9DC, 0x1F3FD, 0x200D, 0x2642, 0xFE0F, 0x1F9DC, 0x1F3FE,
  0x200D, 0x2640, 0xFE0F, 0x1F9DC, 0x1F3FE, 0x200D, 0x2642, 0xFE0F,
  0x1F9DC, 0x1F3FF, 0x200D, 0x2640, 0xFE0F, 0x1F9DC, 0x1F3FF, 0x200D,
  0x2642, 0xFE0F, 0x1F9DD, 0x200D, 0x2640, 0xFE0F, 0x1F9DD, 0x200D,
  0x2642, 0xFE0F, 0x1F9DD, 0x1F3FB, 0x200D, 0x2640, 0xFE0F, 0x1F9DD,
  0x1F3FB, 0x200D, 0x2642, 0xFE0F, 0x1F9DD, 0x1F3FC, 0x200D, 0x2640,
  0xFE0F, 0x1F9DD, 0x1F3FC, 0x200D, 0x2642, 0xFE0F, 0x1F9DD, 0x1F3FD,
  0x200D, 0x2640, 0xFE0F, 0x1F9DD, 0x1F3FD, 0x200D, 0x2642, 0xFE0F,
  0x1F9DD, 0x1F3FE, 0x200D, 0x2640, 0xFE0F, 0x1F9DD, 0x1F3FE, 0x200D,
  0x2642, 0xFE0F, 0x1F9DD, 0x1F3FF, 0x200D, 0x2640, 0xFE0F, 0x1F9DD,
  0x1F3FF, 0x200D, 0x2642, 0xFE0F, 0x1F9DE, 0x200D, 0x2640, 0xFE0F,
  0x1F9DE, 0x200D, 0x2642, 0xFE0F, 0x1F9DF, 0x200D, 0x2640, 0xFE0F,
  0x1F9DF, 0x200D, 0x2642, 0xFE0F, 0x1F468, 0x200D, 0x1F9B0, 0x1F468,
  0x200D, 0x1F9B1, 0x1F468, 0x200D, 0x1F9B2, 0x1F468, 0x200D, 0x1F9B3,
  0x1F468, 0x1F3FB, 0x200D, 0x1F9B0, 0x1F468, 0x1F3FB, 0x200D, 0x1F9B1,
  0x1F468, 0x1F3FB, 0x200D, 0x1F9B2, 0x1F468, 0x1F3FB, 0x200D, 0x1F9B3,
  0x1F468, 0x1F3FC, 0x200D, 0x1F9B0, 0x1F468, 0x1F3FC, 0x200D, 0x1F9B1,
  0x1F468, 0x1F3FC, 0x200D, 0x1F9B2, 0x1F468, 0x1F3FC, 0x200D, 0x1F9B3,
  0x1F468, 0x1F3FD, 0x200D, 0x1F9B0, 0x1F468, 0x1F3FD, 0x200D, 0x1F9B1,
  0x1F468, 0x1F3FD, 0x200D, 0x1F9B2, 0x1F468, 0x1F3FD, 0x200D, 0x1F9B3,
  0x1F468, 0x1F3FE, 0x200D, 0x1F9B0, 0x1F468, 0x1F3FE, 0x200D, 0x1F9B1,
  0x1F468, 0x1F3FE, 0x200D, 0x1F9B2, 0x1F468, 0x1F3FE, 0x200D, 0x1F9B3,
  0x1F468, 0x1F3FF, 0x200D, 0x1F9B0, 0x1F468, 0x1F3FF, 0x200D, 0x1F9B1,
  0x1F468, 0x1F3FF, 0x200D, 0x1F9B2, 0x1F468, 0x1F3FF, 0x200D, 0x1F9B3,
  0x1F469, 0x200D, 0x1F9B0, 0x1F469, 0x200D, 0x1F9B1, 0x1F469, 0x200D,
  0x1F9B2, 0x1F469, 0x200D, 0x1F9B3, 0x1F469, 0x1F3FB, 0x200D, 0x1F9B0,
  0x1F469, 0x1F3FB, 0x200D, 0x1F9B1, 0x1F469, 0x1F3FB, 0x200D, 0x1F9B2,
  0x1F469, 0x1F3FB, 0x200D, 0x1F9B3, 0x1F469, 0x1F3FC, 0x200D, 0x1F9B0,
  0x1F469, 0x1F3FC, 0x200D, 0x1F9B1, 0x1F469, 0x1F3FC, 0x200D, 0x1F9B2,
  0x1F469, 0x1F3FC, 0x200D, 0x1F9B3, 0x1F469, 0x1F3FD, 0x200D, 0x1F9B0,
  0x1F469, 0x1F3FD, 0x200D, 0x1F9B1, 0x1F469, 0x1F3FD, 0x200D, 0x1F9B2,
  0x1F469, 0x1F3FD, 0x200D, 0x1F9B3, 0x1F469, 0x1F3FE, 0x200D, 0x1F9B0,
  0x1F469, 0x1F3FE, 0x200D, 0x1F9B1, 0x1F469, 0x1F3FE, 0x200D, 0x1F9B2,
  0x1F469, 0x1F3FE, 0x200D, 0x1F9B3, 0x1F469, 0x1F3FF, 0x200D, 0x1F9B0,
  0x1F469, 0x1F3FF, 0x200D, 0x1F9B1, 0x1F469, 0x1F3FF, 0x200D, 0x1F9B2,
  0x1F469, 0x1F3FF, 0x200D, 0x1F9B3, 0x1F9D1, 0x200D, 0x1F9B0, 0x1F9D1,
  0x200D, 0x1F9B1, 0x1F9D1, 0x200D, 0x1F9B2, 0x1F9D1, 0x200D, 0x1F9B3,
  0x1F9D1, 0x1F3FB, 0x200D, 0x1F9B0, 0x1F9D1, 0x1F3FB, 0x200D, 0x1F9B1,
  0x1F9D1, 0x1F3FB, 0x200D, 0x1F9B2, 0x1F9D1, 0x1F3FB, 0x200D, 0x1F9B3,
  0x1F9D1, 0x1F3FC, 0x200D, 0x1F9B0, 0x1F9D1, 0x1F3FC, 0x200D, 0x1F9B1,
  0x1F9D1, 0x1F3FC, 0x200D, 0x1F9B2, 0x1F9D1, 0x1F3FC, 0x200D, 0x1F9B3,
  0x1F9D1, 0x1F3FD, 0x200D, 0x1F9B0, 0x1F9D1, 0x1F3FD, 0x200D, 0x1F9B1,
  0x1F9D1, 0x1F3FD, 0x200D, 0x1F9B2, 0x1F9D1, 0x1F3FD, 0x200D, 0x1F9B3,
  0x1F9D1, 0x1F3FE, 0x200D, 0x1F9B0, 0x1F9D1, 0x1F3FE, 0x200D, 0x1F9B1,
  0x1F9D1, 0x1F3FE, 0x200D, 0x1F9B2, 0x1F9D1, 0x1F3FE, 0x200D, 0x1F9B3,
  0x1F9D1, 0x1F3FF, 0x200D, 0x1F9B0, 0x1F9D1, 0x1F3FF, 0x200D, 0x1F9B1,
  0x1F9D1, 0x1F3FF, 0x200D, 0x1F9B2, 0x1F9D1, 0x1F3FF, 0x200D, 0x1F9B3,
  0x26D3, 0xFE0F, 0x200D, 0x1F4A5, 0x2764, 0xFE0F, 0x200D, 0x1F525,
  0x2764, 0xFE0F, 0x200D, 0x1FA79, 0x1F344, 0x200D, 0x1F7EB, 0x1F34B,
  0x200D, 0x1F7E9, 0x1F3F3, 0xFE0F, 0x200D, 0x26A7, 0xFE0F, 0x1F3F3,
  0xFE0F, 0x200D, 0x1F308, 0x1F3F4, 0x200D, 0x2620, 0xFE0F, 0x1F408,
  0x200D, 0x2B1B, 0x1F415, 0x200D, 0x1F9BA, 0x1F426, 0x200D, 0x2B1B,
  0x1F426, 0x200D, 0x1F525, 0x1F43B, 0x200D, 0x2744, 0xFE0F, 0x1F441,
  0xFE0F, 0x200D, 0x1F5E8, 0xFE0F, 0x1F62E, 0x200D, 0x1F4A8, 0x1F635,
  0x200D, 0x1F4AB, 0x1F636, 0x200D, 0x1F32B, 0xFE0F, 0x1F642, 0x200D,
  0x2194, 0xFE0F, 0x1F642, 0x200D, 0x2195, 0xFE0F, 0x1F9D1, 0x200D,
  0x1FA70, 0x1F9D1, 0x1F3FB, 0x200D, 0x1F430, 0x200D, 0x1F9D1, 0x1F3FC,
  0x1F9D1, 0x1F3FB, 0x200D, 0x1F430, 0x200D, 0x1F9D1, 0x1F3FD, 0x1F9D1,
  0x1F3FB, 0x200D, 0x1F430, 0x200D, 0x1F9D1, 0x1F3FE, 0x1F9D1, 0x1F3FB,
  0x200D, 0x1F430, 0x200D, 0x1F9D1, 0x1F3FF, 0x1F9D1, 0x1F3FB, 0x200D,
  0x1FA70, 0x1F9D1, 0x1F3FB, 0x200D, 0x1FAEF, 0x200D, 0x1F9D1, 0x1F3FC,
  0x1F9D1, 0x1F3FB, 0x200D, 0x1FAEF, 0x200D, 0x1F9D1, 0x1F3FD, 0x1F9D1,
  0x1F3FB, 0x200D, 0x1FAEF, 0x200D, 0x1F9D1, 0x1F3FE, 0x1F9D1, 0x1F3FB,
  0x200D, 0x1FAEF, 0x200D, 0x1F9D1, 0x1F3FF, 0x1F9D1, 0x1F3FC, 0x200D,
  0x1F430, 0x200D, 0x1F9D1, 0x1F3FB, 0x1F9D1, 0x1F3FC, 0x200D, 0x1F430,
  0x200D, 0x1F9D1, 0x1F3FD, 0x1F9D1, 0x1F3FC, 0x200D, 0x1F430, 0x200D,
  0x1F9D1, 0x1F3FE, 0x1F9D1, 0x1F3FC, 0x200D, 0x1F430, 0x200D, 0x1F9D1,
  0x1F3FF, 0x1F9D1, 0x1F3FC, 0x200D, 0x1FA70, 0x1F9D1, 0x1F3FC, 0x200D,
  0x1FAEF, 0x200D, 0x1F9D1, 0x1F3FB, 0x1F9D1, 0x1F3FC, 0x200D, 0x1FAEF,
  0x200D, 0x1F9D1, 0x1F3FD, 0x1F9D1, 0x1F3FC, 0x200D, 0x1FAEF, 0x200D,
  0x1F9D1, 0x1F3FE, 0x1F9D1, 0x1F3FC, 0x200D, 0x1FAEF, 0x200D, 0x1F9D1,
  0x1F3FF, 0x1F9D1, 0x1F3FD, 0x200D, 0x1F430, 0x200D, 0x1F9D1, 0x1F3FB,
  0x1F9D1, 0x1F3FD, 0x200D, 0x1F430, 0x200D, 0x1F9D1, 0x1F3FC, 0x1F9D1,
  0x1F3FD, 0x200D, 0x1F430, 0x200D, 0x1F9D1, 0x1F3FE, 0x1F9D1, 0x1F3FD,
  0x200D, 0x1F430, 0x200D, 0x1F9D1, 0x1F3FF, 0x1F9D1, 0x1F3FD, 0x200D,
  0x1FA70, 0x1F9D1, 0x1F3FD, 0x200D, 0x1FAEF, 0x200D, 0x1F9D1, 0x1F3FB,
  0x1F9D1, 0x1F3FD, 0x200D, 0x1FAEF, 0x200D, 0x1F9D1, 0x1F3FC, 0x1F9D1,
  0x1F3FD, 0x200D, 0x1FAEF, 0x200D, 0x1F9D1, 0x1F3FE, 0x1F9D1, 0x1F3FD,
  0x200D, 0x1FAEF, 0x200D, 0x1F9D1, 0x1F3FF, 0x1F9D1, 0x1F3FE, 0x200D,
  0x1F430, 0x200D, 0x1F9D1, 0x1F3FB, 0x1F9D1, 0x1F3FE, 0x200D, 0x1F430,
  0x200D, 0x1F9D1, 0x1F3FC, 0x1F9D1, 0x1F3FE, 0x200D, 0x1F430, 0x200D,
  0x1F9D1, 0x1F3FD, 0x1F9D1, 0x1F3FE, 0x200D, 0x1F430, 0x200D, 0x1F9D1,
  0x1F3FF, 0x1F9D1, 0x1F3FE, 0x200D, 0x1FA70, 0x1F9D1, 0x1F3FE, 0x200D,
  0x1FAEF, 0x200D, 0x1F9D1, 0x1F3FB, 0x1F9D1, 0x1F3FE, 0x200D, 0x1FAEF,
  0x200D, 0x1F9D1, 0x1F3FC, 0x1F9D1, 0x1F3FE, 0x200D, 0x1FAEF, 0x200D,
  0x1F9D1, 0x1F3FD, 0x1F9D1, 0x1F3FE, 0x200D, 0x1FAEF, 0x200D, 0x1F9D1,
  0x1F3FF, 0x1F9D1, 0x1F3FF, 0x200D, 0x1F430, 0x200D, 0x1F9D1, 0x1F3FB,
  0x1F9D1, 0x1F3FF, 0x200D, 0x1F430, 0x200D, 0x1F9D1, 0x1F3FC, 0x1F9D1,
  0x1F3FF, 0x200D, 0x1F430, 0x200D, 0x1F9D1, 0x1F3FD, 0x1F9D1, 0x1F3FF,
  0x200D, 0x1F430, 0x200D, 0x1F9D1, 0x1F3FE, 0x1F9D1, 0x1F3FF, 0x200D,
  0x1FA70, 0x1F9D1, 0x1F3FF, 0x200D, 0x1FAEF, 0x200D, 0x1F9D1, 0x1F3FB,
  0x1F9D1, 0x1F3FF, 0x200D, 0x1FAEF, 0x200D, 0x1F9D1, 0x1F3FC, 0x1F9D1,
  0x1F3FF, 0x200D, 0x1FAEF, 0x200D, 0x1F9D1, 0x1F3FD, 0x1F9D1, 0x1F3FF,
  0x200D, 0x1FAEF, 0x200D, 0x1F9D1, 0x1F3FE,
};
const size_t grx_unicode_string_point_count = 12389;

const GRX_UnicodeString grx_unicode_strings[] = {
  {0,1}, {1,1}, {2,1}, {3,1}, {4,1}, {5,1},
  {6,1}, {7,1}, {8,1}, {9,1}, {10,1}, {11,1},
  {12,1}, {13,1}, {14,1}, {15,1}, {16,1}, {17,1},
  {18,1}, {19,1}, {20,1}, {21,1}, {22,1}, {23,1},
  {24,1}, {25,1}, {26,1}, {27,1}, {28,1}, {29,1},
  {30,1}, {31,1}, {32,1}, {33,1}, {34,1}, {35,1},
  {36,1}, {37,1}, {38,1}, {39,1}, {40,1}, {41,1},
  {42,1}, {43,1}, {44,1}, {45,1}, {46,1}, {47,1},
  {48,1}, {49,1}, {50,1}, {51,1}, {52,1}, {53,1},
  {54,1}, {55,1}, {56,1}, {57,1}, {58,1}, {59,1},
  {60,1}, {61,1}, {62,1}, {63,1}, {64,1}, {65,1},
  {66,1}, {67,1}, {68,1}, {69,1}, {70,1}, {71,1},
  {72,1}, {73,1}, {74,1}, {75,1}, {76,1}, {77,1},
  {78,1}, {79,1}, {80,1}, {81,1}, {82,1}, {83,1},
  {84,1}, {85,1}, {86,1}, {87,1}, {88,1}, {89,1},
  {90,1}, {91,1}, {92,1}, {93,1}, {94,1}, {95,1},
  {96,1}, {97,1}, {98,1}, {99,1}, {100,1}, {101,1},
  {102,1}, {103,1}, {104,1}, {105,1}, {106,1}, {107,1},
  {108,1}, {109,1}, {110,1}, {111,1}, {112,1}, {113,1},
  {114,1}, {115,1}, {116,1}, {117,1}, {118,1}, {119,1},
  {120,1}, {121,1}, {122,1}, {123,1}, {124,1}, {125,1},
  {126,1}, {127,1}, {128,1}, {129,1}, {130,1}, {131,1},
  {132,1}, {133,1}, {134,1}, {135,1}, {136,1}, {137,1},
  {138,1}, {139,1}, {140,1}, {141,1}, {142,1}, {143,1},
  {144,1}, {145,1}, {146,1}, {147,1}, {148,1}, {149,1},
  {150,1}, {151,1}, {152,1}, {153,1}, {154,1}, {155,1},
  {156,1}, {157,1}, {158,1}, {159,1}, {160,1}, {161,1},
  {162,1}, {163,1}, {164,1}, {165,1}, {166,1}, {167,1},
  {168,1}, {169,1}, {170,1}, {171,1}, {172,1}, {173,1},
  {174,1}, {175,1}, {176,1}, {177,1}, {178,1}, {179,1},
  {180,1}, {181,1}, {182,1}, {183,1}, {184,1}, {185,1},
  {186,1}, {187,1}, {188,1}, {189,1}, {190,1}, {191,1},
  {192,1}, {193,1}, {194,1}, {195,1}, {196,1}, {197,1},
  {198,1}, {199,1}, {200,1}, {201,1}, {202,1}, {203,1},
  {204,1}, {205,1}, {206,1}, {207,1}, {208,1}, {209,1},
  {210,1}, {211,1}, {212,1}, {213,1}, {214,1}, {215,1},
  {216,1}, {217,1}, {218,1}, {219,1}, {220,1}, {221,1},
  {222,1}, {223,1}, {224,1}, {225,1}, {226,1}, {227,1},
  {228,1}, {229,1}, {230,1}, {231,1}, {232,1}, {233,1},
  {234,1}, {235,1}, {236,1}, {237,1}, {238,1}, {239,1},
  {240,1}, {241,1}, {242,1}, {243,1}, {244,1}, {245,1},
  {246,1}, {247,1}, {248,1}, {249,1}, {250,1}, {251,1},
  {252,1}, {253,1}, {254,1}, {255,1}, {256,1}, {257,1},
  {258,1}, {259,1}, {260,1}, {261,1}, {262,1}, {263,1},
  {264,1}, {265,1}, {266,1}, {267,1}, {268,1}, {269,1},
  {270,1}, {271,1}, {272,1}, {273,1}, {274,1}, {275,1},
  {276,1}, {277,1}, {278,1}, {279,1}, {280,1}, {281,1},
  {282,1}, {283,1}, {284,1}, {285,1}, {286,1}, {287,1},
  {288,1}, {289,1}, {290,1}, {291,1}, {292,1}, {293,1},
  {294,1}, {295,1}, {296,1}, {297,1}, {298,1}, {299,1},
  {300,1}, {301,1}, {302,1}, {303,1}, {304,1}, {305,1},
  {306,1}, {307,1}, {308,1}, {309,1}, {310,1}, {311,1},
  {312,1}, {313,1}, {314,1}, {315,1}, {316,1}, {317,1},
  {318,1}, {319,1}, {320,1}, {321,1}, {322,1}, {323,1},
  {324,1}, {325,1}, {326,1}, {327,1}, {328,1}, {329,1},
  {330,1}, {331,1}, {332,1}, {333,1}, {334,1}, {335,1},
  {336,1}, {337,1}, {338,1}, {339,1}, {340,1}, {341,1},
  {342,1}, {343,1}, {344,1}, {345,1}, {346,1}, {347,1},
  {348,1}, {349,1}, {350,1}, {351,1}, {352,1}, {353,1},
  {354,1}, {355,1}, {356,1}, {357,1}, {358,1}, {359,1},
  {360,1}, {361,1}, {362,1}, {363,1}, {364,1}, {365,1},
  {366,1}, {367,1}, {368,1}, {369,1}, {370,1}, {371,1},
  {372,1}, {373,1}, {374,1}, {375,1}, {376,1}, {377,1},
  {378,1}, {379,1}, {380,1}, {381,1}, {382,1}, {383,1},
  {384,1}, {385,1}, {386,1}, {387,1}, {388,1}, {389,1},
  {390,1}, {391,1}, {392,1}, {393,1}, {394,1}, {395,1},
  {396,1}, {397,1}, {398,1}, {399,1}, {400,1}, {401,1},
  {402,1}, {403,1}, {404,1}, {405,1}, {406,1}, {407,1},
  {408,1}, {409,1}, {410,1}, {411,1}, {412,1}, {413,1},
  {414,1}, {415,1}, {416,1}, {417,1}, {418,1}, {419,1},
  {420,1}, {421,1}, {422,1}, {423,1}, {424,1}, {425,1},
  {426,1}, {427,1}, {428,1}, {429,1}, {430,1}, {431,1},
  {432,1}, {433,1}, {434,1}, {435,1}, {436,1}, {437,1},
  {438,1}, {439,1}, {440,1}, {441,1}, {442,1}, {443,1},
  {444,1}, {445,1}, {446,1}, {447,1}, {448,1}, {449,1},
  {450,1}, {451,1}, {452,1}, {453,1}, {454,1}, {455,1},
  {456,1}, {457,1}, {458,1}, {459,1}, {460,1}, {461,1},
  {462,1}, {463,1}, {464,1}, {465,1}, {466,1}, {467,1},
  {468,1}, {469,1}, {470,1}, {471,1}, {472,1}, {473,1},
  {474,1}, {475,1}, {476,1}, {477,1}, {478,1}, {479,1},
  {480,1}, {481,1}, {482,1}, {483,1}, {484,1}, {485,1},
  {486,1}, {487,1}, {488,1}, {489,1}, {490,1}, {491,1},
  {492,1}, {493,1}, {494,1}, {495,1}, {496,1}, {497,1},
  {498,1}, {499,1}, {500,1}, {501,1}, {502,1}, {503,1},
  {504,1}, {505,1}, {506,1}, {507,1}, {508,1}, {509,1},
  {510,1}, {511,1}, {512,1}, {513,1}, {514,1}, {515,1},
  {516,1}, {517,1}, {518,1}, {519,1}, {520,1}, {521,1},
  {522,1}, {523,1}, {524,1}, {525,1}, {526,1}, {527,1},
  {528,1}, {529,1}, {530,1}, {531,1}, {532,1}, {533,1},
  {534,1}, {535,1}, {536,1}, {537,1}, {538,1}, {539,1},
  {540,1}, {541,1}, {542,1}, {543,1}, {544,1}, {545,1},
  {546,1}, {547,1}, {548,1}, {549,1}, {550,1}, {551,1},
  {552,1}, {553,1}, {554,1}, {555,1}, {556,1}, {557,1},
  {558,1}, {559,1}, {560,1}, {561,1}, {562,1}, {563,1},
  {564,1}, {565,1}, {566,1}, {567,1}, {568,1}, {569,1},
  {570,1}, {571,1}, {572,1}, {573,1}, {574,1}, {575,1},
  {576,1}, {577,1}, {578,1}, {579,1}, {580,1}, {581,1},
  {582,1}, {583,1}, {584,1}, {585,1}, {586,1}, {587,1},
  {588,1}, {589,1}, {590,1}, {591,1}, {592,1}, {593,1},
  {594,1}, {595,1}, {596,1}, {597,1}, {598,1}, {599,1},
  {600,1}, {601,1}, {602,1}, {603,1}, {604,1}, {605,1},
  {606,1}, {607,1}, {608,1}, {609,1}, {610,1}, {611,1},
  {612,1}, {613,1}, {614,1}, {615,1}, {616,1}, {617,1},
  {618,1}, {619,1}, {620,1}, {621,1}, {622,1}, {623,1},
  {624,1}, {625,1}, {626,1}, {627,1}, {628,1}, {629,1},
  {630,1}, {631,1}, {632,1}, {633,1}, {634,1}, {635,1},
  {636,1}, {637,1}, {638,1}, {639,1}, {640,1}, {641,1},
  {642,1}, {643,1}, {644,1}, {645,1}, {646,1}, {647,1},
  {648,1}, {649,1}, {650,1}, {651,1}, {652,1}, {653,1},
  {654,1}, {655,1}, {656,1}, {657,1}, {658,1}, {659,1},
  {660,1}, {661,1}, {662,1}, {663,1}, {664,1}, {665,1},
  {666,1}, {667,1}, {668,1}, {669,1}, {670,1}, {671,1},
  {672,1}, {673,1}, {674,1}, {675,1}, {676,1}, {677,1},
  {678,1}, {679,1}, {680,1}, {681,1}, {682,1}, {683,1},
  {684,1}, {685,1}, {686,1}, {687,1}, {688,1}, {689,1},
  {690,1}, {691,1}, {692,1}, {693,1}, {694,1}, {695,1},
  {696,1}, {697,1}, {698,1}, {699,1}, {700,1}, {701,1},
  {702,1}, {703,1}, {704,1}, {705,1}, {706,1}, {707,1},
  {708,1}, {709,1}, {710,1}, {711,1}, {712,1}, {713,1},
  {714,1}, {715,1}, {716,1}, {717,1}, {718,1}, {719,1},
  {720,1}, {721,1}, {722,1}, {723,1}, {724,1}, {725,1},
  {726,1}, {727,1}, {728,1}, {729,1}, {730,1}, {731,1},
  {732,1}, {733,1}, {734,1}, {735,1}, {736,1}, {737,1},
  {738,1}, {739,1}, {740,1}, {741,1}, {742,1}, {743,1},
  {744,1}, {745,1}, {746,1}, {747,1}, {748,1}, {749,1},
  {750,1}, {751,1}, {752,1}, {753,1}, {754,1}, {755,1},
  {756,1}, {757,1}, {758,1}, {759,1}, {760,1}, {761,1},
  {762,1}, {763,1}, {764,1}, {765,1}, {766,1}, {767,1},
  {768,1}, {769,1}, {770,1}, {771,1}, {772,1}, {773,1},
  {774,1}, {775,1}, {776,1}, {777,1}, {778,1}, {779,1},
  {780,1}, {781,1}, {782,1}, {783,1}, {784,1}, {785,1},
  {786,1}, {787,1}, {788,1}, {789,1}, {790,1}, {791,1},
  {792,1}, {793,1}, {794,1}, {795,1}, {796,1}, {797,1},
  {798,1}, {799,1}, {800,1}, {801,1}, {802,1}, {803,1},
  {804,1}, {805,1}, {806,1}, {807,1}, {808,1}, {809,1},
  {810,1}, {811,1}, {812,1}, {813,1}, {814,1}, {815,1},
  {816,1}, {817,1}, {818,1}, {819,1}, {820,1}, {821,1},
  {822,1}, {823,1}, {824,1}, {825,1}, {826,1}, {827,1},
  {828,1}, {829,1}, {830,1}, {831,1}, {832,1}, {833,1},
  {834,1}, {835,1}, {836,1}, {837,1}, {838,1}, {839,1},
  {840,1}, {841,1}, {842,1}, {843,1}, {844,1}, {845,1},
  {846,1}, {847,1}, {848,1}, {849,1}, {850,1}, {851,1},
  {852,1}, {853,1}, {854,1}, {855,1}, {856,1}, {857,1},
  {858,1}, {859,1}, {860,1}, {861,1}, {862,1}, {863,1},
  {864,1}, {865,1}, {866,1}, {867,1}, {868,1}, {869,1},
  {870,1}, {871,1}, {872,1}, {873,1}, {874,1}, {875,1},
  {876,1}, {877,1}, {878,1}, {879,1}, {880,1}, {881,1},
  {882,1}, {883,1}, {884,1}, {885,1}, {886,1}, {887,1},
  {888,1}, {889,1}, {890,1}, {891,1}, {892,1}, {893,1},
  {894,1}, {895,1}, {896,1}, {897,1}, {898,1}, {899,1},
  {900,1}, {901,1}, {902,1}, {903,1}, {904,1}, {905,1},
  {906,1}, {907,1}, {908,1}, {909,1}, {910,1}, {911,1},
  {912,1}, {913,1}, {914,1}, {915,1}, {916,1}, {917,1},
  {918,1}, {919,1}, {920,1}, {921,1}, {922,1}, {923,1},
  {924,1}, {925,1}, {926,1}, {927,1}, {928,1}, {929,1},
  {930,1}, {931,1}, {932,1}, {933,1}, {934,1}, {935,1},
  {936,1}, {937,1}, {938,1}, {939,1}, {940,1}, {941,1},
  {942,1}, {943,1}, {944,1}, {945,1}, {946,1}, {947,1},
  {948,1}, {949,1}, {950,1}, {951,1}, {952,1}, {953,1},
  {954,1}, {955,1}, {956,1}, {957,1}, {958,1}, {959,1},
  {960,1}, {961,1}, {962,1}, {963,1}, {964,1}, {965,1},
  {966,1}, {967,1}, {968,1}, {969,1}, {970,1}, {971,1},
  {972,1}, {973,1}, {974,1}, {975,1}, {976,1}, {977,1},
  {978,1}, {979,1}, {980,1}, {981,1}, {982,1}, {983,1},
  {984,1}, {985,1}, {986,1}, {987,1}, {988,1}, {989,1},
  {990,1}, {991,1}, {992,1}, {993,1}, {994,1}, {995,1},
  {996,1}, {997,1}, {998,1}, {999,1}, {1000,1}, {1001,1},
  {1002,1}, {1003,1}, {1004,1}, {1005,1}, {1006,1}, {1007,1},
  {1008,1}, {1009,1}, {1010,1}, {1011,1}, {1012,1}, {1013,1},
  {1014,1}, {1015,1}, {1016,1}, {1017,1}, {1018,1}, {1019,1},
  {1020,1}, {1021,1}, {1022,1}, {1023,1}, {1024,1}, {1025,1},
  {1026,1}, {1027,1}, {1028,1}, {1029,1}, {1030,1}, {1031,1},
  {1032,1}, {1033,1}, {1034,1}, {1035,1}, {1036,1}, {1037,1},
  {1038,1}, {1039,1}, {1040,1}, {1041,1}, {1042,1}, {1043,1},
  {1044,1}, {1045,1}, {1046,1}, {1047,1}, {1048,1}, {1049,1},
  {1050,1}, {1051,1}, {1052,1}, {1053,1}, {1054,1}, {1055,1},
  {1056,1}, {1057,1}, {1058,1}, {1059,1}, {1060,1}, {1061,1},
  {1062,1}, {1063,1}, {1064,1}, {1065,1}, {1066,1}, {1067,1},
  {1068,1}, {1069,1}, {1070,1}, {1071,1}, {1072,1}, {1073,1},
  {1074,1}, {1075,1}, {1076,1}, {1077,1}, {1078,1}, {1079,1},
  {1080,1}, {1081,1}, {1082,1}, {1083,1}, {1084,1}, {1085,1},
  {1086,1}, {1087,1}, {1088,1}, {1089,1}, {1090,1}, {1091,1},
  {1092,1}, {1093,1}, {1094,1}, {1095,1}, {1096,1}, {1097,1},
  {1098,1}, {1099,1}, {1100,1}, {1101,1}, {1102,1}, {1103,1},
  {1104,1}, {1105,1}, {1106,1}, {1107,1}, {1108,1}, {1109,1},
  {1110,1}, {1111,1}, {1112,1}, {1113,1}, {1114,1}, {1115,1},
  {1116,1}, {1117,1}, {1118,1}, {1119,1}, {1120,1}, {1121,1},
  {1122,1}, {1123,1}, {1124,1}, {1125,1}, {1126,1}, {1127,1},
  {1128,1}, {1129,1}, {1130,1}, {1131,1}, {1132,1}, {1133,1},
  {1134,1}, {1135,1}, {1136,1}, {1137,1}, {1138,1}, {1139,1},
  {1140,1}, {1141,1}, {1142,1}, {1143,1}, {1144,1}, {1145,1},
  {1146,1}, {1147,1}, {1148,1}, {1149,1}, {1150,1}, {1151,1},
  {1152,1}, {1153,1}, {1154,1}, {1155,1}, {1156,1}, {1157,1},
  {1158,1}, {1159,1}, {1160,1}, {1161,1}, {1162,1}, {1163,1},
  {1164,1}, {1165,1}, {1166,1}, {1167,1}, {1168,1}, {1169,1},
  {1170,1}, {1171,1}, {1172,1}, {1173,1}, {1174,1}, {1175,1},
  {1176,1}, {1177,1}, {1178,1}, {1179,1}, {1180,1}, {1181,1},
  {1182,1}, {1183,1}, {1184,1}, {1185,1}, {1186,1}, {1187,1},
  {1188,1}, {1189,1}, {1190,1}, {1191,1}, {1192,1}, {1193,2},
  {1195,2}, {1197,2}, {1199,2}, {1201,2}, {1203,2}, {1205,2},
  {1207,2}, {1209,2}, {1211,2}, {1213,2}, {1215,2}, {1217,2},
  {1219,2}, {1221,2}, {1223,2}, {1225,2}, {1227,2}, {1229,2},
  {1231,2}, {1233,2}, {1235,2}, {1237,2}, {1239,2}, {1241,2},
  {1243,2}, {1245,2}, {1247,2}, {1249,2}, {1251,2}, {1253,2},
  {1255,2}, {1257,2}, {1259,2}, {1261,2}, {1263,2}, {1265,2},
  {1267,2}, {1269,2}, {1271,2}, {1273,2}, {1275,2}, {1277,2},
  {1279,2}, {1281,2}, {1283,2}, {1285,2}, {1287,2}, {1289,2},
  {1291,2}, {1293,2}, {1295,2}, {1297,2}, {1299,2}, {1301,2},
  {1303,2}, {1305,2}, {1307,2}, {1309,2}, {1311,2}, {1313,2},
  {1315,2}, {1317,2}, {1319,2}, {1321,2}, {1323,2}, {1325,2},
  {1327,2}, {1329,2}, {1331,2}, {1333,2}, {1335,2}, {1337,2},
  {1339,2}, {1341,2}, {1343,2}, {1345,2}, {1347,2}, {1349,2},
  {1351,2}, {1353,2}, {1355,2}, {1357,2}, {1359,2}, {1361,2},
  {1363,2}, {1365,2}, {1367,2}, {1369,2}, {1371,2}, {1373,2},
  {1375,2}, {1377,2}, {1379,2}, {1381,2}, {1383,2}, {1385,2},
  {1387,2}, {1389,2}, {1391,2}, {1393,2}, {1395,2}, {1397,2},
  {1399,2}, {1401,2}, {1403,2}, {1405,2}, {1407,2}, {1409,2},
  {1411,2}, {1413,2}, {1415,2}, {1417,2}, {1419,2}, {1421,2},
  {1423,2}, {1425,2}, {1427,2}, {1429,2}, {1431,2}, {1433,2},
  {1435,2}, {1437,2}, {1439,2}, {1441,2}, {1443,2}, {1445,2},
  {1447,2}, {1449,2}, {1451,2}, {1453,2}, {1455,2}, {1457,2},
  {1459,2}, {1461,2}, {1463,2}, {1465,2}, {1467,2}, {1469,2},
  {1471,2}, {1473,2}, {1475,2}, {1477,2}, {1479,2}, {1481,2},
  {1483,2}, {1485,2}, {1487,2}, {1489,2}, {1491,2}, {1493,2},
  {1495,2}, {1497,2}, {1499,2}, {1501,2}, {1503,2}, {1505,2},
  {1507,2}, {1509,2}, {1511,2}, {1513,2}, {1515,2}, {1517,2},
  {1519,2}, {1521,2}, {1523,2}, {1525,2}, {1527,2}, {1529,2},
  {1531,2}, {1533,2}, {1535,2}, {1537,2}, {1539,2}, {1541,2},
  {1543,2}, {1545,2}, {1547,2}, {1549,2}, {1551,2}, {1553,2},
  {1555,2}, {1557,2}, {1559,2}, {1561,2}, {1563,2}, {1565,2},
  {1567,2}, {1569,2}, {1571,2}, {1573,2}, {1575,2}, {1577,2},
  {1579,2}, {1581,2}, {1583,2}, {1585,2}, {1587,2}, {1589,2},
  {1591,2}, {1593,2}, {1595,2}, {1597,2}, {1599,2}, {1601,2},
  {1603,2}, {1605,2}, {1607,3}, {1610,3}, {1613,3}, {1616,3},
  {1619,3}, {1622,3}, {1625,3}, {1628,3}, {1631,3}, {1634,3},
  {1637,3}, {1640,3}, {1643,2}, {1645,2}, {1647,2}, {1649,2},
  {1651,2}, {1653,2}, {1655,2}, {1657,2}, {1659,2}, {1661,2},
  {1663,2}, {1665,2}, {1667,2}, {1669,2}, {1671,2}, {1673,2},
  {1675,2}, {1677,2}, {1679,2}, {1681,2}, {1683,2}, {1685,2},
  {1687,2}, {1689,2}, {1691,2}, {1693,2}, {1695,2}, {1697,2},
  {1699,2}, {1701,2}, {1703,2}, {1705,2}, {1707,2}, {1709,2},
  {1711,2}, {1713,2}, {1715,2}, {1717,2}, {1719,2}, {1721,2},
  {1723,2}, {1725,2}, {1727,2}, {1729,2}, {1731,2}, {1733,2},
  {1735,2}, {1737,2}, {1739,2}, {1741,2}, {1743,2}, {1745,2},
  {1747,2}, {1749,2}, {1751,2}, {1753,2}, {1755,2}, {1757,2},
  {1759,2}, {1761,2}, {1763,2}, {1765,2}, {1767,2}, {1769,2},
  {1771,2}, {1773,2}, {1775,2}, {1777,2}, {1779,2}, {1781,2},
  {1783,2}, {1785,2}, {1787,2}, {1789,2}, {1791,2}, {1793,2},
  {1795,2}, {1797,2}, {1799,2}, {1801,2}, {1803,2}, {1805,2},
  {1807,2}, {1809,2}, {1811,2}, {1813,2}, {1815,2}, {1817,2},
  {1819,2}, {1821,2}, {1823,2}, {1825,2}, {1827,2}, {1829,2},
  {1831,2}, {1833,2}, {1835,2}, {1837,2}, {1839,2}, {1841,2},
  {1843,2}, {1845,2}, {1847,2}, {1849,2}, {1851,2}, {1853,2},
  {1855,2}, {1857,2}, {1859,2}, {1861,2}, {1863,2}, {1865,2},
  {1867,2}, {1869,2}, {1871,2}, {1873,2}, {1875,2}, {1877,2},
  {1879,2}, {1881,2}, {1883,2}, {1885,2}, {1887,2}, {1889,2},
  {1891,2}, {1893,2}, {1895,2}, {1897,2}, {1899,2}, {1901,2},
  {1903,2}, {1905,2}, {1907,2}, {1909,2}, {1911,2}, {1913,2},
  {1915,2}, {1917,2}, {1919,2}, {1921,2}, {1923,2}, {1925,2},
  {1927,2}, {1929,2}, {1931,2}, {1933,2}, {1935,2}, {1937,2},
  {1939,2}, {1941,2}, {1943,2}, {1945,2}, {1947,2}, {1949,2},
  {1951,2}, {1953,2}, {1955,2}, {1957,2}, {1959,2}, {1961,2},
  {1963,2}, {1965,2}, {1967,2}, {1969,2}, {1971,2}, {1973,2},
  {1975,2}, {1977,2}, {1979,2}, {1981,2}, {1983,2}, {1985,2},
  {1987,2}, {1989,2}, {1991,2}, {1993,2}, {1995,2}, {1997,2},
  {1999,2}, {2001,2}, {2003,2}, {2005,2}, {2007,2}, {2009,2},
  {2011,2}, {2013,2}, {2015,2}, {2017,2}, {2019,2}, {2021,2},
  {2023,2}, {2025,2}, {2027,2}, {2029,2}, {2031,2}, {2033,2},
  {2035,2}, {2037,2}, {2039,2}, {2041,2}, {2043,2}, {2045,2},
  {2047,2}, {2049,2}, {2051,2}, {2053,2}, {2055,2}, {2057,2},
  {2059,2}, {2061,2}, {2063,2}, {2065,2}, {2067,2}, {2069,2},
  {2071,2}, {2073,2}, {2075,2}, {2077,2}, {2079,2}, {2081,2},
  {2083,2}, {2085,2}, {2087,2}, {2089,2}, {2091,2}, {2093,2},
  {2095,2}, {2097,2}, {2099,2}, {2101,2}, {2103,2}, {2105,2},
  {2107,2}, {2109,2}, {2111,2}, {2113,2}, {2115,2}, {2117,2},
  {2119,2}, {2121,2}, {2123,2}, {2125,2}, {2127,2}, {2129,2},
  {2131,2}, {2133,2}, {2135,2}, {2137,2}, {2139,2}, {2141,2},
  {2143,2}, {2145,2}, {2147,2}, {2149,2}, {2151,2}, {2153,2},
  {2155,2}, {2157,2}, {2159,2}, {2161,2}, {2163,2}, {2165,2},
  {2167,2}, {2169,2}, {2171,2}, {2173,2}, {2175,2}, {2177,2},
  {2179,2}, {2181,2}, {2183,2}, {2185,2}, {2187,2}, {2189,2},
  {2191,2}, {2193,2}, {2195,2}, {2197,2}, {2199,2}, {2201,2},
  {2203,2}, {2205,2}, {2207,2}, {2209,2}, {2211,2}, {2213,2},
  {2215,2}, {2217,2}, {2219,2}, {2221,2}, {2223,2}, {2225,2},
  {2227,2}, {2229,2}, {2231,2}, {2233,2}, {2235,2}, {2237,2},
  {2239,2}, {2241,2}, {2243,2}, {2245,2}, {2247,2}, {2249,2},
  {2251,2}, {2253,2}, {2255,2}, {2257,2}, {2259,2}, {2261,2},
  {2263,2}, {2265,2}, {2267,2}, {2269,2}, {2271,2}, {2273,2},
  {2275,2}, {2277,2}, {2279,2}, {2281,2}, {2283,2}, {2285,2},
  {2287,2}, {2289,2}, {2291,2}, {2293,2}, {2295,2}, {2297,2},
  {2299,2}, {2301,2}, {2303,2}, {2305,2}, {2307,2}, {2309,2},
  {2311,2}, {2313,2}, {2315,2}, {2317,2}, {2319,2}, {2321,2},
  {2323,2}, {2325,2}, {2327,2}, {2329,2}, {2331,2}, {2333,2},
  {2335,2}, {2337,2}, {2339,2}, {2341,2}, {2343,2}, {2345,2},
  {2347,2}, {2349,2}, {2351,2}, {2353,2}, {2355,2}, {2357,2},
  {2359,2}, {2361,2}, {2363,2}, {2365,2}, {2367,2}, {2369,2},
  {2371,2}, {2373,2}, {2375,2}, {2377,2}, {2379,2}, {2381,2},
  {2383,2}, {2385,2}, {2387,2}, {2389,2}, {2391,2}, {2393,2},
  {2395,2}, {2397,2}, {2399,2}, {2401,2}, {2403,2}, {2405,2},
  {2407,2}, {2409,2}, {2411,2}, {2413,2}, {2415,2}, {2417,2},
  {2419,2}, {2421,2}, {2423,2}, {2425,2}, {2427,2}, {2429,2},
  {2431,2}, {2433,2}, {2435,2}, {2437,2}, {2439,2}, {2441,2},
  {2443,2}, {2445,2}, {2447,2}, {2449,2}, {2451,2}, {2453,2},
  {2455,2}, {2457,2}, {2459,2}, {2461,2}, {2463,2}, {2465,2},
  {2467,2}, {2469,2}, {2471,2}, {2473,2}, {2475,2}, {2477,2},
  {2479,2}, {2481,2}, {2483,2}, {2485,2}, {2487,2}, {2489,2},
  {2491,2}, {2493,2}, {2495,2}, {2497,2}, {2499,2}, {2501,2},
  {2503,2}, {2505,2}, {2507,2}, {2509,2}, {2511,2}, {2513,2},
  {2515,2}, {2517,2}, {2519,2}, {2521,2}, {2523,2}, {2525,2},
  {2527,2}, {2529,2}, {2531,2}, {2533,2}, {2535,2}, {2537,2},
  {2539,2}, {2541,2}, {2543,2}, {2545,2}, {2547,2}, {2549,2},
  {2551,2}, {2553,2}, {2555,2}, {2557,2}, {2559,2}, {2561,2},
  {2563,2}, {2565,2}, {2567,2}, {2569,2}, {2571,2}, {2573,2},
  {2575,2}, {2577,2}, {2579,2}, {2581,2}, {2583,2}, {2585,2},
  {2587,2}, {2589,2}, {2591,2}, {2593,2}, {2595,2}, {2597,2},
  {2599,2}, {2601,2}, {2603,2}, {2605,2}, {2607,2}, {2609,2},
  {2611,2}, {2613,2}, {2615,2}, {2617,2}, {2619,2}, {2621,2},
  {2623,2}, {2625,2}, {2627,2}, {2629,2}, {2631,2}, {2633,2},
  {2635,2}, {2637,2}, {2639,2}, {2641,2}, {2643,2}, {2645,2},
  {2647,2}, {2649,2}, {2651,2}, {2653,2}, {2655,2}, {2657,2},
  {2659,2}, {2661,2}, {2663,2}, {2665,2}, {2667,2}, {2669,2},
  {2671,2}, {2673,2}, {2675,2}, {2677,2}, {2679,2}, {2681,2},
  {2683,2}, {2685,2}, {2687,2}, {2689,2}, {2691,2}, {2693,2},
  {2695,2}, {2697,2}, {2699,2}, {2701,2}, {2703,2}, {2705,2},
  {2707,2}, {2709,2}, {2711,2}, {2713,2}, {2715,2}, {2717,2},
  {2719,2}, {2721,2}, {2723,2}, {2725,2}, {2727,2}, {2729,2},
  {2731,2}, {2733,2}, {2735,2}, {2737,2}, {2739,2}, {2741,2},
  {2743,2}, {2745,2}, {2747,2}, {2749,2}, {2751,2}, {2753,2},
  {2755,2}, {2757,2}, {2759,2}, {2761,2}, {2763,2}, {2765,2},
  {2767,2}, {2769,2}, {2771,2}, {2773,2}, {2775,2}, {2777,2},
  {2779,2}, {2781,2}, {2783,2}, {2785,2}, {2787,2}, {2789,2},
  {2791,2}, {2793,2}, {2795,2}, {2797,2}, {2799,2}, {2801,2},
  {2803,2}, {2805,2}, {2807,2}, {2809,2}, {2811,2}, {2813,2},
  {2815,2}, {2817,2}, {2819,2}, {2821,2}, {2823,2}, {2825,2},
  {2827,2}, {2829,2}, {2831,2}, {2833,2}, {2835,2}, {2837,2},
  {2839,2}, {2841,2}, {2843,2}, {2845,2}, {2847,2}, {2849,2},
  {2851,2}, {2853,2}, {2855,2}, {2857,2}, {2859,2}, {2861,2},
  {2863,2}, {2865,2}, {2867,2}, {2869,2}, {2871,2}, {2873,2},
  {2875,2}, {2877,2}, {2879,2}, {2881,2}, {2883,2}, {2885,2},
  {2887,2}, {2889,2}, {2891,2}, {2893,2}, {2895,2}, {2897,2},
  {2899,2}, {2901,2}, {2903,2}, {2905,2}, {2907,2}, {2909,2},
  {2911,2}, {2913,2}, {2915,2}, {2917,2}, {2919,2}, {2921,2},
  {2923,2}, {2925,2}, {2927,2}, {2929,2}, {2931,2}, {2933,2},
  {2935,2}, {2937,2}, {2939,2}, {2941,2}, {2943,2}, {2945,2},
  {2947,2}, {2949,2}, {2951,2}, {2953,2}, {2955,2}, {2957,2},
  {2959,2}, {2961,2}, {2963,2}, {2965,2}, {2967,2}, {2969,2},
  {2971,2}, {2973,2}, {2975,2}, {2977,2}, {2979,2}, {2981,2},
  {2983,2}, {2985,2}, {2987,2}, {2989,2}, {2991,2}, {2993,2},
  {2995,2}, {2997,2}, {2999,2}, {3001,2}, {3003,2}, {3005,2},
  {3007,2}, {3009,2}, {3011,2}, {3013,2}, {3015,2}, {3017,2},
  {3019,2}, {3021,2}, {3023,2}, {3025,2}, {3027,2}, {3029,2},
  {3031,2}, {3033,2}, {3035,2}, {3037,2}, {3039,2}, {3041,2},
  {3043,2}, {3045,2}, {3047,2}, {3049,2}, {3051,2}, {3053,2},
  {3055,2}, {3057,2}, {3059,2}, {3061,2}, {3063,2}, {3065,2},
  {3067,2}, {3069,2}, {3071,2}, {3073,2}, {3075,2}, {3077,2},
  {3079,2}, {3081,2}, {3083,2}, {3085,2}, {3087,2}, {3089,2},
  {3091,2}, {3093,2}, {3095,2}, {3097,2}, {3099,2}, {3101,2},
  {3103,2}, {3105,2}, {3107,2}, {3109,2}, {3111,2}, {3113,2},
  {3115,2}, {3117,2}, {3119,2}, {3121,2}, {3123,2}, {3125,2},
  {3127,2}, {3129,2}, {3131,2}, {3133,2}, {3135,2}, {3137,2},
  {3139,2}, {3141,2}, {3143,2}, {3145,2}, {3147,2}, {3149,2},
  {3151,2}, {3153,2}, {3155,2}, {3157,2}, {3159,2}, {3161,2},
  {3163,2}, {3165,2}, {3167,2}, {3169,2}, {3171,2}, {3173,2},
  {3175,2}, {3177,2}, {3179,2}, {3181,2}, {3183,2}, {3185,2},
  {3187,2}, {3189,2}, {3191,2}, {3193,2}, {3195,2}, {3197,2},
  {3199,2}, {3201,2}, {3203,2}, {3205,2}, {3207,2}, {3209,2},
  {3211,2}, {3213,2}, {3215,2}, {3217,2}, {3219,2}, {3221,2},
  {3223,2}, {3225,2}, {3227,2}, {3229,2}, {3231,2}, {3233,2},
  {3235,2}, {3237,2}, {3239,2}, {3241,2}, {3243,2}, {3245,2},
  {3247,2}, {3249,2}, {3251,2}, {3253,2}, {3255,2}, {3257,2},
  {3259,2}, {3261,2}, {3263,2}, {3265,2}, {3267,2}, {3269,2},
  {3271,2}, {3273,2}, {3275,2}, {3277,2}, {3279,2}, {3281,2},
  {3283,2}, {3285,2}, {3287,2}, {3289,2}, {3291,2}, {3293,2},
  {3295,2}, {3297,2}, {3299,2}, {3301,2}, {3303,2}, {3305,2},
  {3307,2}, {3309,2}, {3311,2}, {3313,2}, {3315,2}, {3317,2},
  {3319,2}, {3321,2}, {3323,2}, {3325,2}, {3327,2}, {3329,2},
  {3331,2}, {3333,2}, {3335,2}, {3337,2}, {3339,2}, {3341,2},
  {3343,2}, {3345,2}, {3347,2}, {3349,2}, {3351,2}, {3353,2},
  {3355,2}, {3357,2}, {3359,2}, {3361,2}, {3363,2}, {3365,2},
  {3367,2}, {3369,2}, {3371,2}, {3373,2}, {3375,2}, {3377,2},
  {3379,2}, {3381,2}, {3383,2}, {3385,2}, {3387,2}, {3389,2},
  {3391,2}, {3393,2}, {3395,2}, {3397,2}, {3399,2}, {3401,2},
  {3403,2}, {3405,2}, {3407,2}, {3409,2}, {3411,2}, {3413,2},
  {3415,2}, {3417,2}, {3419,2}, {3421,2}, {3423,2}, {3425,2},
  {3427,2}, {3429,2}, {3431,2}, {3433,2}, {3435,2}, {3437,2},
  {3439,2}, {3441,2}, {3443,2}, {3445,2}, {3447,2}, {3449,2},
  {3451,2}, {3453,2}, {3455,2}, {3457,2}, {3459,2}, {3461,2},
  {3463,2}, {3465,2}, {3467,2}, {3469,2}, {3471,2}, {3473,2},
  {3475,2}, {3477,2}, {3479,2}, {3481,2}, {3483,2}, {3485,2},
  {3487,2}, {3489,2}, {3491,7}, {3498,7}, {3505,7}, {3512,6},
  {3518,8}, {3526,3}, {3529,5}, {3534,3}, {3537,5}, {3542,5},
  {3547,5}, {3552,7}, {3559,5}, {3564,7}, {3571,7}, {3578,5},
  {3583,7}, {3590,5}, {3595,7}, {3602,7}, {3609,8}, {3617,8},
  {3625,8}, {3633,8}, {3641,8}, {3649,10}, {3659,10}, {3669,10},
  {3679,10}, {3689,10}, {3699,7}, {3706,7}, {3713,7}, {3720,7},
  {3727,7}, {3734,7}, {3741,7}, {3748,7}, {3755,7}, {3762,7},
  {3769,7}, {3776,7}, {3783,8}, {3791,8}, {3799,8}, {3807,8},
  {3815,8}, {3823,10}, {3833,10}, {3843,10}, {3853,10}, {3863,10},
  {3873,7}, {3880,7}, {3887,7}, {3894,7}, {3901,7}, {3908,7},
  {3915,7}, {3922,7}, {3929,7}, {3936,7}, {3943,7}, {3950,7},
  {3957,8}, {3965,8}, {3973,8}, {3981,8}, {3989,8}, {3997,10},
  {4007,10}, {4017,10}, {4027,10}, {4037,10}, {4047,7}, {4054,7},
  {4061,7}, {4068,7}, {4075,7}, {4082,7}, {4089,7}, {4096,7},
  {4103,7}, {4110,7}, {4117,7}, {4124,7}, {4131,8}, {4139,8},
  {4147,8}, {4155,8}, {4163,8}, {4171,10}, {4181,10}, {4191,10},
  {4201,10}, {4211,10}, {4221,7}, {4228,7}, {4235,7}, {4242,7},
  {4249,7}, {4256,7}, {4263,7}, {4270,7}, {4277,7}, {4284,7},
  {4291,7}, {4298,7}, {4305,8}, {4313,8}, {4321,8}, {4329,8},
  {4337,8}, {4345,10}, {4355,10}, {4365,10}, {4375,10}, {4385,10},
  {4395,7}, {4402,7}, {4409,7}, {4416,7}, {4423,7}, {4430,7},
  {4437,7}, {4444,7}, {4451,7}, {4458,7}, {4465,7}, {4472,7},
  {4479,6}, {4485,6}, {4491,8}, {4499,8}, {4507,3}, {4510,5},
  {4515,3}, {4518,5}, {4523,5}, {4528,5}, {4533,7}, {4540,5},
  {4545,7}, {4552,7}, {4559,8}, {4567,8}, {4575,8}, {4583,8},
  {4591,8}, {4599,8}, {4607,8}, {4615,8}, {4623,8}, {4631,8},
  {4639,10}, {4649,10}, {4659,10}, {4669,10}, {4679,10}, {4689,10},
  {4699,10}, {4709,10}, {4719,10}, {4729,10}, {4739,7}, {4746,7},
  {4753,7}, {4760,7}, {4767,7}, {4774,7}, {4781,7}, {4788,7},
  {4795,7}, {4802,7}, {4809,7}, {4816,7}, {4823,7}, {4830,7},
  {4837,7}, {4844,7}, {4851,8}, {4859,8}, {4867,8}, {4875,8},
  {4883,8}, {4891,8}, {4899,8}, {4907,8}, {4915,8}, {4923,8},
  {4931,10}, {4941,10}, {4951,10}, {4961,10}, {4971,10}, {4981,10},
  {4991,10}, {5001,10}, {5011,10}, {5021,10}, {5031,7}, {5038,7},
  {5045,7}, {5052,7}, {5059,7}, {5066,7}, {5073,7}, {5080,7},
  {5087,7}, {5094,7}, {5101,7}, {5108,7}, {5115,7}, {5122,7},
  {5129,7}, {5136,7}, {5143,8}, {5151,8}, {5159,8}, {5167,8},
  {5175,8}, {5183,8}, {5191,8}, {5199,8}, {5207,8}, {5215,8},
  {5223,10}, {5233,10}, {5243,10}, {5253,10}, {5263,10}, {5273,10},
  {5283,10}, {5293,10}, {5303,10}, {5313,10}, {5323,7}, {5330,7},
  {5337,7}, {5344,7}, {5351,7}, {5358,7}, {5365,7}, {5372,7},
  {5379,7}, {5386,7}, {5393,7}, {5400,7}, {5407,7}, {5414,7},
  {5421,7}, {5428,7}, {5435,8}, {5443,8}, {5451,8}, {5459,8},
  {5467,8}, {5475,8}, {5483,8}, {5491,8}, {5499,8}, {5507,8},
  {5515,10}, {5525,10}, {5535,10}, {5545,10}, {5555,10}, {5565,10},
  {5575,10}, {5585,10}, {5595,10}, {5605,10}, {5615,7}, {5622,7},
  {5629,7}, {5636,7}, {5643,7}, {5650,7}, {5657,7}, {5664,7},
  {5671,7}, {5678,7}, {5685,7}, {5692,7}, {5699,7}, {5706,7},
  {5713,7}, {5720,7}, {5727,8}, {5735,8}, {5743,8}, {5751,8},
  {5759,8}, {5767,8}, {5775,8}, {5783,8}, {5791,8}, {5799,8},
  {5807,10}, {5817,10}, {5827,10}, {5837,10}, {5847,10}, {5857,10},
  {5867,10}, {5877,10}, {5887,10}, {5897,10}, {5907,7}, {5914,7},
  {5921,7}, {5928,7}, {5935,7}, {5942,7}, {5949,7}, {5956,7},
  {5963,7}, {5970,7}, {5977,7}, {5984,7}, {5991,7}, {5998,7},
  {6005,7}, {6012,7}, {6019,5}, {6024,5}, {6029,7}, {6036,3},
  {6039,5}, {6044,10}, {6054,10}, {6064,10}, {6074,10}, {6084,8},
  {6092,8}, {6100,8}, {6108,8}, {6116,7}, {6123,7}, {6130,7},
  {6137,7}, {6144,7}, {6151,10}, {6161,10}, {6171,10}, {6181,10},
  {6191,8}, {6199,8}, {6207,8}, {6215,8}, {6223,7}, {6230,7},
  {6237,7}, {6244,7}, {6251,7}, {6258,10}, {6268,10}, {6278,10},
  {6288,10}, {6298,8}, {6306,8}, {6314,8}, {6322,8}, {6330,7},
  {6337,7}, {6344,7}, {6351,7}, {6358,7}, {6365,10}, {6375,10},
  {6385,10}, {6395,10}, {6405,8}, {6413,8}, {6421,8}, {6429,8},
  {6437,7}, {6444,7}, {6451,7}, {6458,7}, {6465,7}, {6472,10},
  {6482,10}, {6492,10}, {6502,10}, {6512,8}, {6520,8}, {6528,8},
  {6536,8}, {6544,7}, {6551,7}, {6558,7}, {6565,7}, {6572,7},
  {6579,5}, {6584,5}, {6589,5}, {6594,5}, {6599,5}, {6604,5},
  {6609,5}, {6614,5}, {6619,5}, {6624,5}, {6629,5}, {6634,5},
  {6639,5}, {6644,5}, {6649,5}, {6654,5}, {6659,5}, {6664,5},
  {6669,5}, {6674,5}, {6679,4}, {6683,5}, {6688,5}, {6693,5},
  {6698,5}, {6703,5}, {6708,4}, {6712,4}, {6716,4}, {6720,3},
  {6723,3}, {6726,3}, {6729,3}, {6732,3}, {6735,3}, {6738,3},
  {6741,3}, {6744,3}, {6747,3}, {6750,3}, {6753,3}, {6756,3},
  {6759,3}, {6762,3}, {6765,6}, {6771,3}, {6774,6}, {6780,3},
  {6783,6}, {6789,5}, {6794,5}, {6799,5}, {6804,4}, {6808,4},
  {6812,4}, {6816,4}, {6820,4}, {6824,4}, {6828,4}, {6832,4},
  {6836,4}, {6840,4}, {6844,4}, {6848,4}, {6852,4}, {6856,4},
  {6860,4}, {6864,7}, {6871,4}, {6875,7}, {6882,4}, {6886,7},
  {6893,5}, {6898,5}, {6903,5}, {6908,4}, {6912,4}, {6916,4},
  {6920,4}, {6924,4}, {6928,4}, {6932,4}, {6936,4}, {6940,4},
  {6944,4}, {6948,4}, {6952,4}, {6956,4}, {6960,4}, {6964,4},
  {6968,7}, {6975,4}, {6979,7}, {6986,4}, {6990,7}, {6997,5},
  {7002,5}, {7007,5}, {7012,4}, {7016,4}, {7020,4}, {7024,4},
  {7028,4}, {7032,4}, {7036,4}, {7040,4}, {7044,4}, {7048,4},
  {7052,4}, {7056,4}, {7060,4}, {7064,4}, {7068,4}, {7072,7},
  {7079,4}, {7083,7}, {7090,4}, {7094,7}, {7101,5}, {7106,5},
  {7111,5}, {7116,4}, {7120,4}, {7124,4}, {7128,4}, {7132,4},
  {7136,4}, {7140,4}, {7144,4}, {7148,4}, {7152,4}, {7156,4},
  {7160,4}, {7164,4}, {7168,4}, {7172,4}, {7176,7}, {7183,4},
  {7187,7}, {7194,4}, {7198,7}, {7205,5}, {7210,5}, {7215,5},
  {7220,4}, {7224,4}, {7228,4}, {7232,4}, {7236,4}, {7240,4},
  {7244,4}, {7248,4}, {7252,4}, {7256,4}, {7260,4}, {7264,4},
  {7268,4}, {7272,4}, {7276,4}, {7280,7}, {7287,4}, {7291,7},
  {7298,4}, {7302,7}, {7309,4}, {7313,4}, {7317,4}, {7321,3},
  {7324,3}, {7327,3}, {7330,3}, {7333,3}, {7336,3}, {7339,3},
  {7342,3}, {7345,3}, {7348,3}, {7351,3}, {7354,3}, {7357,3},
  {7360,3}, {7363,3}, {7366,6}, {7372,3}, {7375,6}, {7381,3},
  {7384,6}, {7390,5}, {7395,5}, {7400,5}, {7405,4}, {7409,4},
  {7413,4}, {7417,4}, {7421,4}, {7425,4}, {7429,4}, {7433,4},
  {7437,4}, {7441,4}, {7445,4}, {7449,4}, {7453,4}, {7457,4},
  {7461,4}, {7465,7}, {7472,4}, {7476,7}, {7483,4}, {7487,7},
  {7494,5}, {7499,5}, {7504,5}, {7509,4}, {7513,4}, {7517,4},
  {7521,4}, {7525,4}, {7529,4}, {7533,4}, {7537,4}, {7541,4},
  {7545,4}, {7549,4}, {7553,4}, {7557,4}, {7561,4}, {7565,4},
  {7569,7}, {7576,4}, {7580,7}, {7587,4}, {7591,7}, {7598,5},
  {7603,5}, {7608,5}, {7613,4}, {7617,4}, {7621,4}, {7625,4},
  {7629,4}, {7633,4}, {7637,4}, {7641,4}, {7645,4}, {7649,4},
  {7653,4}, {7657,4}, {7661,4}, {7665,4}, {7669,4}, {7673,7},
  {7680,4}, {7684,7}, {7691,4}, {7695,7}, {7702,5}, {7707,5},
  {7712,5}, {7717,4}, {7721,4}, {7725,4}, {7729,4}, {7733,4},
  {7737,4}, {7741,4}, {7745,4}, {7749,4}, {7753,4}, {7757,4},
  {7761,4}, {7765,4}, {7769,4}, {7773,4}, {7777,7}, {7784,4},
  {7788,7}, {7795,4}, {7799,7}, {7806,5}, {7811,5}, {7816,5},
  {7821,4}, {7825,4}, {7829,4}, {7833,4}, {7837,4}, {7841,4},
  {7845,4}, {7849,4}, {7853,4}, {7857,4}, {7861,4}, {7865,4},
  {7869,4}, {7873,4}, {7877,4}, {7881,7}, {7888,4}, {7892,7},
  {7899,4}, {7903,7}, {7910,4}, {7914,5}, {7919,5}, {7924,5},
  {7929,5}, {7934,5}, {7939,4}, {7943,5}, {7948,5}, {7953,5},
  {7958,5}, {7963,5}, {7968,4}, {7972,4}, {7976,4}, {7980,3},
  {7983,3}, {7986,3}, {7989,3}, {7992,3}, {7995,3}, {7998,3},
  {8001,3}, {8004,3}, {8007,3}, {8010,3}, {8013,3}, {8016,3},
  {8019,3}, {8022,3}, {8025,3}, {8028,6}, {8034,3}, {8037,6},
  {8043,3}, {8046,6}, {8052,5}, {8057,5}, {8062,5}, {8067,4},
  {8071,4}, {8075,4}, {8079,4}, {8083,4}, {8087,4}, {8091,4},
  {8095,4}, {8099,4}, {8103,4}, {8107,4}, {8111,4}, {8115,4},
  {8119,4}, {8123,4}, {8127,4}, {8131,7}, {8138,4}, {8142,7},
  {8149,4}, {8153,7}, {8160,5}, {8165,5}, {8170,5}, {8175,4},
  {8179,4}, {8183,4}, {8187,4}, {8191,4}, {8195,4}, {8199,4},
  {8203,4}, {8207,4}, {8211,4}, {8215,4}, {8219,4}, {8223,4},
  {8227,4}, {8231,4}, {8235,4}, {8239,7}, {8246,4}, {8250,7},
  {8257,4}, {8261,7}, {8268,5}, {8273,5}, {8278,5}, {8283,4},
  {8287,4}, {8291,4}, {8295,4}, {8299,4}, {8303,4}, {8307,4},
  {8311,4}, {8315,4}, {8319,4}, {8323,4}, {8327,4}, {8331,4},
  {8335,4}, {8339,4}, {8343,4}, {8347,7}, {8354,4}, {8358,7},
  {8365,4}, {8369,7}, {8376,5}, {8381,5}, {8386,5}, {8391,4},
  {8395,4}, {8399,4}, {8403,4}, {8407,4}, {8411,4}, {8415,4},
  {8419,4}, {8423,4}, {8427,4}, {8431,4}, {8435,4}, {8439,4},
  {8443,4}, {8447,4}, {8451,4}, {8455,7}, {8462,4}, {8466,7},
  {8473,4}, {8477,7}, {8484,5}, {8489,5}, {8494,5}, {8499,4},
  {8503,4}, {8507,4}, {8511,4}, {8515,4}, {8519,4}, {8523,4},
  {8527,4}, {8531,4}, {8535,4}, {8539,4}, {8543,4}, {8547,4},
  {8551,4}, {8555,4}, {8559,4}, {8563,7}, {8570,4}, {8574,7},
  {8581,4}, {8585,7}, {8592,5}, {8597,5}, {8602,5}, {8607,5},
  {8612,5}, {8617,5}, {8622,5}, {8627,5}, {8632,5}, {8637,5},
  {8642,5}, {8647,5}, {8652,4}, {8656,7}, {8663,4}, {8667,7},
  {8674,5}, {8679,8}, {8687,5}, {8692,8}, {8700,5}, {8705,8},
  {8713,5}, {8718,8}, {8726,5}, {8731,8}, {8739,5}, {8744,8},
  {8752,5}, {8757,8}, {8765,5}, {8770,8}, {8778,5}, {8783,8},
  {8791,5}, {8796,8}, {8804,4}, {8808,4}, {8812,5}, {8817,5},
  {8822,5}, {8827,5}, {8832,5}, {8837,5}, {8842,5}, {8847,5},
  {8852,5}, {8857,5}, {8862,4}, {8866,4}, {8870,5}, {8875,5},
  {8880,5}, {8885,5}, {8890,5}, {8895,5}, {8900,5}, {8905,5},
  {8910,5}, {8915,5}, {8920,5}, {8925,5}, {8930,5}, {8935,5},
  {8940,5}, {8945,5}, {8950,5}, {8955,5}, {8960,5}, {8965,5},
  {8970,5}, {8975,5}, {8980,5}, {8985,5}, {8990,5}, {8995,5},
  {9000,5}, {9005,5}, {9010,5}, {9015,5}, {9020,5}, {9025,5},
  {9030,5}, {9035,5}, {9040,4}, {9044,4}, {9048,5}, {9053,5},
  {9058,5}, {9063,5}, {9068,5}, {9073,5}, {9078,5}, {9083,5},
  {9088,5}, {9093,5}, {9098,4}, {9102,4}, {9106,5}, {9111,5},
  {9116,5}, {9121,5}, {9126,5}, {9131,5}, {9136,5}, {9141,5},
  {9146,5}, {9151,5}, {9156,4}, {9160,4}, {9164,5}, {9169,5},
  {9174,5}, {9179,5}, {9184,5}, {9189,5}, {9194,5}, {9199,5},
  {9204,5}, {9209,5}, {9214,4}, {9218,4}, {9222,5}, {9227,5},
  {9232,5}, {9237,5}, {9242,5}, {9247,5}, {9252,5}, {9257,5},
  {9262,5}, {9267,5}, {9272,4}, {9276,4}, {9280,5}, {9285,5},
  {9290,5}, {9295,5}, {9300,5}, {9305,5}, {9310,5}, {9315,5},
  {9320,5}, {9325,5}, {9330,4}, {9334,4}, {9338,5}, {9343,5},
  {9348,5}, {9353,5}, {9358,5}, {9363,5}, {9368,5}, {9373,5},
  {9378,5}, {9383,5}, {9388,4}, {9392,4}, {9396,5}, {9401,5},
  {9406,5}, {9411,5}, {9416,5}, {9421,5}, {9426,5}, {9431,5},
  {9436,5}, {9441,5}, {9446,4}, {9450,4}, {9454,5}, {9459,5},
  {9464,5}, {9469,5}, {9474,5}, {9479,5}, {9484,5}, {9489,5},
  {9494,5}, {9499,5}, {9504,4}, {9508,4}, {9512,5}, {9517,5},
  {9522,5}, {9527,5}, {9532,5}, {9537,5}, {9542,5}, {9547,5},
  {9552,5}, {9557,5}, {9562,4}, {9566,4}, {9570,5}, {9575,5},
  {9580,5}, {9585,5}, {9590,5}, {9595,5}, {9600,5}, {9605,5},
  {9610,5}, {9615,5}, {9620,5}, {9625,5}, {9630,5}, {9635,5},
  {9640,5}, {9645,5}, {9650,5}, {9655,5}, {9660,5}, {9665,5},
  {9670,5}, {9675,5}, {9680,4}, {9684,4}, {9688,5}, {9693,5},
  {9698,5}, {9703,5}, {9708,5}, {9713,5}, {9718,5}, {9723,5},
  {9728,5}, {9733,5}, {9738,4}, {9742,4}, {9746,5}, {9751,5},
  {9756,5}, {9761,5}, {9766,5}, {9771,5}, {9776,5}, {9781,5},
  {9786,5}, {9791,5}, {9796,4}, {9800,4}, {9804,5}, {9809,5},
  {9814,5}, {9819,5}, {9824,5}, {9829,5}, {9834,5}, {9839,5},
  {9844,5}, {9849,5}, {9854,4}, {9858,4}, {9862,5}, {9867,5},
  {9872,5}, {9877,5}, {9882,5}, {9887,5}, {9892,5}, {9897,5},
  {9902,5}, {9907,5}, {9912,4}, {9916,4}, {9920,5}, {9925,5},
  {9930,5}, {9935,5}, {9940,5}, {9945,5}, {9950,5}, {9955,5},
  {9960,5}, {9965,5}, {9970,4}, {9974,4}, {9978,5}, {9983,5},
  {9988,5}, {9993,5}, {9998,5}, {10003,5}, {10008,5}, {10013,5},
  {10018,5}, {10023,5}, {10028,4}, {10032,4}, {10036,5}, {10041,5},
  {10046,5}, {10051,5}, {10056,5}, {10061,5}, {10066,5}, {10071,5},
  {10076,5}, {10081,5}, {10086,4}, {10090,4}, {10094,5}, {10099,5},
  {10104,5}, {10109,5}, {10114,5}, {10119,5}, {10124,5}, {10129,5},
  {10134,5}, {10139,5}, {10144,4}, {10148,4}, {10152,5}, {10157,5},
  {10162,5}, {10167,5}, {10172,5}, {10177,5}, {10182,5}, {10187,5},
  {10192,5}, {10197,5}, {10202,4}, {10206,7}, {10213,4}, {10217,7},
  {10224,5}, {10229,8}, {10237,5}, {10242,8}, {10250,5}, {10255,8},
  {10263,5}, {10268,8}, {10276,5}, {10281,8}, {10289,5}, {10294,8},
  {10302,5}, {10307,8}, {10315,5}, {10320,8}, {10328,5}, {10333,8},
  {10341,5}, {10346,8}, {10354,4}, {10358,4}, {10362,5}, {10367,5},
  {10372,5}, {10377,5}, {10382,5}, {10387,5}, {10392,5}, {10397,5},
  {10402,5}, {10407,5}, {10412,4}, {10416,4}, {10420,5}, {10425,5},
  {10430,5}, {10435,5}, {10440,5}, {10445,5}, {10450,5}, {10455,5},
  {10460,5}, {10465,5}, {10470,4}, {10474,4}, {10478,5}, {10483,5},
  {10488,5}, {10493,5}, {10498,5}, {10503,5}, {10508,5}, {10513,5},
  {10518,5}, {10523,5}, {10528,4}, {10532,4}, {10536,5}, {10541,5},
  {10546,5}, {10551,5}, {10556,5}, {10561,5}, {10566,5}, {10571,5},
  {10576,5}, {10581,5}, {10586,4}, {10590,4}, {10594,5}, {10599,5},
  {10604,5}, {10609,5}, {10614,5}, {10619,5}, {10624,5}, {10629,5},
  {10634,5}, {10639,5}, {10644,4}, {10648,4}, {10652,5}, {10657,5},
  {10662,5}, {10667,5}, {10672,5}, {10677,5}, {10682,5}, {10687,5},
  {10692,5}, {10697,5}, {10702,4}, {10706,4}, {10710,5}, {10715,5},
  {10720,5}, {10725,5}, {10730,5}, {10735,5}, {10740,5}, {10745,5},
  {10750,5}, {10755,5}, {10760,4}, {10764,4}, {10768,5}, {10773,5},
  {10778,5}, {10783,5}, {10788,5}, {10793,5}, {10798,5}, {10803,5},
  {10808,5}, {10813,5}, {10818,4}, {10822,4}, {10826,5}, {10831,5},
  {10836,5}, {10841,5}, {10846,5}, {10851,5}, {10856,5}, {10861,5},
  {10866,5}, {10871,5}, {10876,4}, {10880,4}, {10884,5}, {10889,5},
  {10894,5}, {10899,5}, {10904,5}, {10909,5}, {10914,5}, {10919,5},
  {10924,5}, {10929,5}, {10934,4}, {10938,4}, {10942,5}, {10947,5},
  {10952,5}, {10957,5}, {10962,5}, {10967,5}, {10972,5}, {10977,5},
  {10982,5}, {10987,5}, {10992,4}, {10996,7}, {11003,4}, {11007,7},
  {11014,5}, {11019,8}, {11027,5}, {11032,8}, {11040,5}, {11045,8},
  {11053,5}, {11058,8}, {11066,5}, {11071,8}, {11079,5}, {11084,8},
  {11092,5}, {11097,8}, {11105,5}, {11110,8}, {11118,5}, {11123,8},
  {11131,5}, {11136,8}, {11144,4}, {11148,4}, {11152,5}, {11157,5},
  {11162,5}, {11167,5}, {11172,5}, {11177,5}, {11182,5}, {11187,5},
  {11192,5}, {11197,5}, {11202,4}, {11206,4}, {11210,5}, {11215,5},
  {11220,5}, {11225,5}, {11230,5}, {11235,5}, {11240,5}, {11245,5},
  {11250,5}, {11255,5}, {11260,4}, {11264,4}, {11268,5}, {11273,5},
  {11278,5}, {11283,5}, {11288,5}, {11293,5}, {11298,5}, {11303,5},
  {11308,5}, {11313,5}, {11318,4}, {11322,4}, {11326,5}, {11331,5},
  {11336,5}, {11341,5}, {11346,5}, {11351,5}, {11356,5}, {11361,5},
  {11366,5}, {11371,5}, {11376,4}, {11380,4}, {11384,5}, {11389,5},
  {11394,5}, {11399,5}, {11404,5}, {11409,5}, {11414,5}, {11419,5},
  {11424,5}, {11429,5}, {11434,4}, {11438,4}, {11442,5}, {11447,5},
  {11452,5}, {11457,5}, {11462,5}, {11467,5}, {11472,5}, {11477,5},
  {11482,5}, {11487,5}, {11492,4}, {11496,4}, {11500,5}, {11505,5},
  {11510,5}, {11515,5}, {11520,5}, {11525,5}, {11530,5}, {11535,5},
  {11540,5}, {11545,5}, {11550,4}, {11554,4}, {11558,5}, {11563,5},
  {11568,5}, {11573,5}, {11578,5}, {11583,5}, {11588,5}, {11593,5},
  {11598,5}, {11603,5}, {11608,4}, {11612,4}, {11616,5}, {11621,5},
  {11626,5}, {11631,5}, {11636,5}, {11641,5}, {11646,5}, {11651,5},
  {11656,5}, {11661,5}, {11666,4}, {11670,4}, {11674,5}, {11679,5},
  {11684,5}, {11689,5}, {11694,5}, {11699,5}, {11704,5}, {11709,5},
  {11714,5}, {11719,5}, {11724,4}, {11728,4}, {11732,4}, {11736,4},
  {11740,3}, {11743,3}, {11746,3}, {11749,3}, {11752,4}, {11756,4},
  {11760,4}, {11764,4}, {11768,4}, {11772,4}, {11776,4}, {11780,4},
  {11784,4}, {11788,4}, {11792,4}, {11796,4}, {11800,4}, {11804,4},
  {11808,4}, {11812,4}, {11816,4}, {11820,4}, {11824,4}, {11828,4},
  {11832,3}, {11835,3}, {11838,3}, {11841,3}, {11844,4}, {11848,4},
  {11852,4}, {11856,4}, {11860,4}, {11864,4}, {11868,4}, {11872,4},
  {11876,4}, {11880,4}, {11884,4}, {11888,4}, {11892,4}, {11896,4},
  {11900,4}, {11904,4}, {11908,4}, {11912,4}, {11916,4}, {11920,4},
  {11924,3}, {11927,3}, {11930,3}, {11933,3}, {11936,4}, {11940,4},
  {11944,4}, {11948,4}, {11952,4}, {11956,4}, {11960,4}, {11964,4},
  {11968,4}, {11972,4}, {11976,4}, {11980,4}, {11984,4}, {11988,4},
  {11992,4}, {11996,4}, {12000,4}, {12004,4}, {12008,4}, {12012,4},
  {12016,4}, {12020,4}, {12024,4}, {12028,3}, {12031,3}, {12034,5},
  {12039,4}, {12043,4}, {12047,3}, {12050,3}, {12053,3}, {12056,3},
  {12059,4}, {12063,5}, {12068,3}, {12071,3}, {12074,4}, {12078,4},
  {12082,4}, {12086,3}, {12089,7}, {12096,7}, {12103,7}, {12110,7},
  {12117,4}, {12121,7}, {12128,7}, {12135,7}, {12142,7}, {12149,7},
  {12156,7}, {12163,7}, {12170,7}, {12177,4}, {12181,7}, {12188,7},
  {12195,7}, {12202,7}, {12209,7}, {12216,7}, {12223,7}, {12230,7},
  {12237,4}, {12241,7}, {12248,7}, {12255,7}, {12262,7}, {12269,7},
  {12276,7}, {12283,7}, {12290,7}, {12297,4}, {12301,7}, {12308,7},
  {12315,7}, {12322,7}, {12329,7}, {12336,7}, {12343,7}, {12350,7},
  {12357,4}, {12361,7}, {12368,7}, {12375,7}, {12382,7},
};
const size_t grx_unicode_string_count = 3953;

const GRX_UnicodeStringSet grx_unicode_string_sets[] = {
  {"Basic_Emoji", 0, 1400},
  {"Emoji_Keycap_Sequence", 1400, 12},
  {"RGI_Emoji_Flag_Sequence", 1412, 259},
  {"RGI_Emoji_Modifier_Sequence", 1671, 665},
  {"RGI_Emoji_Tag_Sequence", 2336, 3},
  {"RGI_Emoji_ZWJ_Sequence", 2339, 1614},
  {"RGI_Emoji", 0, 3953},
};
const size_t grx_unicode_string_set_count = 7;
