/**
 * @file
 *
 * GENERATED by tools/unicode/gen_tables.py from UCD 17.0.0. Do not edit.
 *
 * Regenerate with:  tools/unicode/gen_tables.py
 * Verify with:      make check-unicode-tables
 *
 * Copyright 2026 by Corey Pennycuff
 */

#include "tables_internal.h"

const GRX_UnicodeBreakRange grx_unicode_gcb_ranges[] = {
  {0x0000,0x0009,3}, {0x000A,0x000A,2}, {0x000B,0x000C,3},
  {0x000D,0x000D,1}, {0x000E,0x001F,3}, {0x007F,0x009F,3},
  {0x00AD,0x00AD,3}, {0x0300,0x036F,4}, {0x0483,0x0489,4},
  {0x0591,0x05BD,4}, {0x05BF,0x05BF,4}, {0x05C1,0x05C2,4},
  {0x05C4,0x05C5,4}, {0x05C7,0x05C7,4}, {0x0600,0x0605,7},
  {0x0610,0x061A,4}, {0x061C,0x061C,3}, {0x064B,0x065F,4},
  {0x0670,0x0670,4}, {0x06D6,0x06DC,4}, {0x06DD,0x06DD,7},
  {0x06DF,0x06E4,4}, {0x06E7,0x06E8,4}, {0x06EA,0x06ED,4},
  {0x070F,0x070F,7}, {0x0711,0x0711,4}, {0x0730,0x074A,4},
  {0x07A6,0x07B0,4}, {0x07EB,0x07F3,4}, {0x07FD,0x07FD,4},
  {0x0816,0x0819,4}, {0x081B,0x0823,4}, {0x0825,0x0827,4},
  {0x0829,0x082D,4}, {0x0859,0x085B,4}, {0x0890,0x0891,7},
  {0x0897,0x089F,4}, {0x08CA,0x08E1,4}, {0x08E2,0x08E2,7},
  {0x08E3,0x0902,4}, {0x0903,0x0903,8}, {0x093A,0x093A,4},
  {0x093B,0x093B,8}, {0x093C,0x093C,4}, {0x093E,0x0940,8},
  {0x0941,0x0948,4}, {0x0949,0x094C,8}, {0x094D,0x094D,4},
  {0x094E,0x094F,8}, {0x0951,0x0957,4}, {0x0962,0x0963,4},
  {0x0981,0x0981,4}, {0x0982,0x0983,8}, {0x09BC,0x09BC,4},
  {0x09BE,0x09BE,4}, {0x09BF,0x09C0,8}, {0x09C1,0x09C4,4},
  {0x09C7,0x09C8,8}, {0x09CB,0x09CC,8}, {0x09CD,0x09CD,4},
  {0x09D7,0x09D7,4}, {0x09E2,0x09E3,4}, {0x09FE,0x09FE,4},
  {0x0A01,0x0A02,4}, {0x0A03,0x0A03,8}, {0x0A3C,0x0A3C,4},
  {0x0A3E,0x0A40,8}, {0x0A41,0x0A42,4}, {0x0A47,0x0A48,4},
  {0x0A4B,0x0A4D,4}, {0x0A51,0x0A51,4}, {0x0A70,0x0A71,4},
  {0x0A75,0x0A75,4}, {0x0A81,0x0A82,4}, {0x0A83,0x0A83,8},
  {0x0ABC,0x0ABC,4}, {0x0ABE,0x0AC0,8}, {0x0AC1,0x0AC5,4},
  {0x0AC7,0x0AC8,4}, {0x0AC9,0x0AC9,8}, {0x0ACB,0x0ACC,8},
  {0x0ACD,0x0ACD,4}, {0x0AE2,0x0AE3,4}, {0x0AFA,0x0AFF,4},
  {0x0B01,0x0B01,4}, {0x0B02,0x0B03,8}, {0x0B3C,0x0B3C,4},
  {0x0B3E,0x0B3F,4}, {0x0B40,0x0B40,8}, {0x0B41,0x0B44,4},
  {0x0B47,0x0B48,8}, {0x0B4B,0x0B4C,8}, {0x0B4D,0x0B4D,4},
  {0x0B55,0x0B57,4}, {0x0B62,0x0B63,4}, {0x0B82,0x0B82,4},
  {0x0BBE,0x0BBE,4}, {0x0BBF,0x0BBF,8}, {0x0BC0,0x0BC0,4},
  {0x0BC1,0x0BC2,8}, {0x0BC6,0x0BC8,8}, {0x0BCA,0x0BCC,8},
  {0x0BCD,0x0BCD,4}, {0x0BD7,0x0BD7,4}, {0x0C00,0x0C00,4},
  {0x0C01,0x0C03,8}, {0x0C04,0x0C04,4}, {0x0C3C,0x0C3C,4},
  {0x0C3E,0x0C40,4}, {0x0C41,0x0C44,8}, {0x0C46,0x0C48,4},
  {0x0C4A,0x0C4D,4}, {0x0C55,0x0C56,4}, {0x0C62,0x0C63,4},
  {0x0C81,0x0C81,4}, {0x0C82,0x0C83,8}, {0x0CBC,0x0CBC,4},
  {0x0CBE,0x0CBE,8}, {0x0CBF,0x0CC0,4}, {0x0CC1,0x0CC1,8},
  {0x0CC2,0x0CC2,4}, {0x0CC3,0x0CC4,8}, {0x0CC6,0x0CC8,4},
  {0x0CCA,0x0CCD,4}, {0x0CD5,0x0CD6,4}, {0x0CE2,0x0CE3,4},
  {0x0CF3,0x0CF3,8}, {0x0D00,0x0D01,4}, {0x0D02,0x0D03,8},
  {0x0D3B,0x0D3C,4}, {0x0D3E,0x0D3E,4}, {0x0D3F,0x0D40,8},
  {0x0D41,0x0D44,4}, {0x0D46,0x0D48,8}, {0x0D4A,0x0D4C,8},
  {0x0D4D,0x0D4D,4}, {0x0D4E,0x0D4E,7}, {0x0D57,0x0D57,4},
  {0x0D62,0x0D63,4}, {0x0D81,0x0D81,4}, {0x0D82,0x0D83,8},
  {0x0DCA,0x0DCA,4}, {0x0DCF,0x0DCF,4}, {0x0DD0,0x0DD1,8},
  {0x0DD2,0x0DD4,4}, {0x0DD6,0x0DD6,4}, {0x0DD8,0x0DDE,8},
  {0x0DDF,0x0DDF,4}, {0x0DF2,0x0DF3,8}, {0x0E31,0x0E31,4},
  {0x0E33,0x0E33,8}, {0x0E34,0x0E3A,4}, {0x0E47,0x0E4E,4},
  {0x0EB1,0x0EB1,4}, {0x0EB3,0x0EB3,8}, {0x0EB4,0x0EBC,4},
  {0x0EC8,0x0ECE,4}, {0x0F18,0x0F19,4}, {0x0F35,0x0F35,4},
  {0x0F37,0x0F37,4}, {0x0F39,0x0F39,4}, {0x0F3E,0x0F3F,8},
  {0x0F71,0x0F7E,4}, {0x0F7F,0x0F7F,8}, {0x0F80,0x0F84,4},
  {0x0F86,0x0F87,4}, {0x0F8D,0x0F97,4}, {0x0F99,0x0FBC,4},
  {0x0FC6,0x0FC6,4}, {0x102D,0x1030,4}, {0x1031,0x1031,8},
  {0x1032,0x1037,4}, {0x1039,0x103A,4}, {0x103B,0x103C,8},
  {0x103D,0x103E,4}, {0x1056,0x1057,8}, {0x1058,0x1059,4},
  {0x105E,0x1060,4}, {0x1071,0x1074,4}, {0x1082,0x1082,4},
  {0x1084,0x1084,8}, {0x1085,0x1086,4}, {0x108D,0x108D,4},
  {0x109D,0x109D,4}, {0x1100,0x115F,9}, {0x1160,0x11A7,10},
  {0x11A8,0x11FF,11}, {0x135D,0x135F,4}, {0x1712,0x1715,4},
  {0x1732,0x1734,4}, {0x1752,0x1753,4}, {0x1772,0x1773,4},
  {0x17B4,0x17B5,4}, {0x17B6,0x17B6,8}, {0x17B7,0x17BD,4},
  {0x17BE,0x17C5,8}, {0x17C6,0x17C6,4}, {0x17C7,0x17C8,8},
  {0x17C9,0x17D3,4}, {0x17DD,0x17DD,4}, {0x180B,0x180D,4},
  {0x180E,0x180E,3}, {0x180F,0x180F,4}, {0x1885,0x1886,4},
  {0x18A9,0x18A9,4}, {0x1920,0x1922,4}, {0x1923,0x1926,8},
  {0x1927,0x1928,4}, {0x1929,0x192B,8}, {0x1930,0x1931,8},
  {0x1932,0x1932,4}, {0x1933,0x1938,8}, {0x1939,0x193B,4},
  {0x1A17,0x1A18,4}, {0x1A19,0x1A1A,8}, {0x1A1B,0x1A1B,4},
  {0x1A55,0x1A55,8}, {0x1A56,0x1A56,4}, {0x1A57,0x1A57,8},
  {0x1A58,0x1A5E,4}, {0x1A60,0x1A60,4}, {0x1A62,0x1A62,4},
  {0x1A65,0x1A6C,4}, {0x1A6D,0x1A72,8}, {0x1A73,0x1A7C,4},
  {0x1A7F,0x1A7F,4}, {0x1AB0,0x1ADD,4}, {0x1AE0,0x1AEB,4},
  {0x1B00,0x1B03,4}, {0x1B04,0x1B04,8}, {0x1B34,0x1B3D,4},
  {0x1B3E,0x1B41,8}, {0x1B42,0x1B44,4}, {0x1B6B,0x1B73,4},
  {0x1B80,0x1B81,4}, {0x1B82,0x1B82,8}, {0x1BA1,0x1BA1,8},
  {0x1BA2,0x1BA5,4}, {0x1BA6,0x1BA7,8}, {0x1BA8,0x1BAD,4},
  {0x1BE6,0x1BE6,4}, {0x1BE7,0x1BE7,8}, {0x1BE8,0x1BE9,4},
  {0x1BEA,0x1BEC,8}, {0x1BED,0x1BED,4}, {0x1BEE,0x1BEE,8},
  {0x1BEF,0x1BF3,4}, {0x1C24,0x1C2B,8}, {0x1C2C,0x1C33,4},
  {0x1C34,0x1C35,8}, {0x1C36,0x1C37,4}, {0x1CD0,0x1CD2,4},
  {0x1CD4,0x1CE0,4}, {0x1CE1,0x1CE1,8}, {0x1CE2,0x1CE8,4},
  {0x1CED,0x1CED,4}, {0x1CF4,0x1CF4,4}, {0x1CF7,0x1CF7,8},
  {0x1CF8,0x1CF9,4}, {0x1DC0,0x1DFF,4}, {0x200B,0x200B,3},
  {0x200C,0x200C,4}, {0x200D,0x200D,5}, {0x200E,0x200F,3},
  {0x2028,0x202E,3}, {0x2060,0x206F,3}, {0x20D0,0x20F0,4},
  {0x2CEF,0x2CF1,4}, {0x2D7F,0x2D7F,4}, {0x2DE0,0x2DFF,4},
  {0x302A,0x302F,4}, {0x3099,0x309A,4}, {0xA66F,0xA672,4},
  {0xA674,0xA67D,4}, {0xA69E,0xA69F,4}, {0xA6F0,0xA6F1,4},
  {0xA802,0xA802,4}, {0xA806,0xA806,4}, {0xA80B,0xA80B,4},
  {0xA823,0xA824,8}, {0xA825,0xA826,4}, {0xA827,0xA827,8},
  {0xA82C,0xA82C,4}, {0xA880,0xA881,8}, {0xA8B4,0xA8C3,8},
  {0xA8C4,0xA8C5,4}, {0xA8E0,0xA8F1,4}, {0xA8FF,0xA8FF,4},
  {0xA926,0xA92D,4}, {0xA947,0xA951,4}, {0xA952,0xA952,8},
  {0xA953,0xA953,4}, {0xA960,0xA97C,9}, {0xA980,0xA982,4},
  {0xA983,0xA983,8}, {0xA9B3,0xA9B3,4}, {0xA9B4,0xA9B5,8},
  {0xA9B6,0xA9B9,4}, {0xA9BA,0xA9BB,8}, {0xA9BC,0xA9BD,4},
  {0xA9BE,0xA9BF,8}, {0xA9C0,0xA9C0,4}, {0xA9E5,0xA9E5,4},
  {0xAA29,0xAA2E,4}, {0xAA2F,0xAA30,8}, {0xAA31,0xAA32,4},
  {0xAA33,0xAA34,8}, {0xAA35,0xAA36,4}, {0xAA43,0xAA43,4},
  {0xAA4C,0xAA4C,4}, {0xAA4D,0xAA4D,8}, {0xAA7C,0xAA7C,4},
  {0xAAB0,0xAAB0,4}, {0xAAB2,0xAAB4,4}, {0xAAB7,0xAAB8,4},
  {0xAABE,0xAABF,4}, {0xAAC1,0xAAC1,4}, {0xAAEB,0xAAEB,8},
  {0xAAEC,0xAAED,4}, {0xAAEE,0xAAEF,8}, {0xAAF5,0xAAF5,8},
  {0xAAF6,0xAAF6,4}, {0xABE3,0xABE4,8}, {0xABE5,0xABE5,4},
  {0xABE6,0xABE7,8}, {0xABE8,0xABE8,4}, {0xABE9,0xABEA,8},
  {0xABEC,0xABEC,8}, {0xABED,0xABED,4}, {0xAC00,0xAC00,12},
  {0xAC01,0xAC1B,13}, {0xAC1C,0xAC1C,12}, {0xAC1D,0xAC37,13},
  {0xAC38,0xAC38,12}, {0xAC39,0xAC53,13}, {0xAC54,0xAC54,12},
  {0xAC55,0xAC6F,13}, {0xAC70,0xAC70,12}, {0xAC71,0xAC8B,13},
  {0xAC8C,0xAC8C,12}, {0xAC8D,0xACA7,13}, {0xACA8,0xACA8,12},
  {0xACA9,0xACC3,13}, {0xACC4,0xACC4,12}, {0xACC5,0xACDF,13},
  {0xACE0,0xACE0,12}, {0xACE1,0xACFB,13}, {0xACFC,0xACFC,12},
  {0xACFD,0xAD17,13}, {0xAD18,0xAD18,12}, {0xAD19,0xAD33,13},
  {0xAD34,0xAD34,12}, {0xAD35,0xAD4F,13}, {0xAD50,0xAD50,12},
  {0xAD51,0xAD6B,13}, {0xAD6C,0xAD6C,12}, {0xAD6D,0xAD87,13},
  {0xAD88,0xAD88,12}, {0xAD89,0xADA3,13}, {0xADA4,0xADA4,12},
  {0xADA5,0xADBF,13}, {0xADC0,0xADC0,12}, {0xADC1,0xADDB,13},
  {0xADDC,0xADDC,12}, {0xADDD,0xADF7,13}, {0xADF8,0xADF8,12},
  {0xADF9,0xAE13,13}, {0xAE14,0xAE14,12}, {0xAE15,0xAE2F,13},
  {0xAE30,0xAE30,12}, {0xAE31,0xAE4B,13}, {0xAE4C,0xAE4C,12},
  {0xAE4D,0xAE67,13}, {0xAE68,0xAE68,12}, {0xAE69,0xAE83,13},
  {0xAE84,0xAE84,12}, {0xAE85,0xAE9F,13}, {0xAEA0,0xAEA0,12},
  {0xAEA1,0xAEBB,13}, {0xAEBC,0xAEBC,12}, {0xAEBD,0xAED7,13},
  {0xAED8,0xAED8,12}, {0xAED9,0xAEF3,13}, {0xAEF4,0xAEF4,12},
  {0xAEF5,0xAF0F,13}, {0xAF10,0xAF10,12}, {0xAF11,0xAF2B,13},
  {0xAF2C,0xAF2C,12}, {0xAF2D,0xAF47,13}, {0xAF48,0xAF48,12},
  {0xAF49,0xAF63,13}, {0xAF64,0xAF64,12}, {0xAF65,0xAF7F,13},
  {0xAF80,0xAF80,12}, {0xAF81,0xAF9B,13}, {0xAF9C,0xAF9C,12},
  {0xAF9D,0xAFB7,13}, {0xAFB8,0xAFB8,12}, {0xAFB9,0xAFD3,13},
  {0xAFD4,0xAFD4,12}, {0xAFD5,0xAFEF,13}, {0xAFF0,0xAFF0,12},
  {0xAFF1,0xB00B,13}, {0xB00C,0xB00C,12}, {0xB00D,0xB027,13},
  {0xB028,0xB028,12}, {0xB029,0xB043,13}, {0xB044,0xB044,12},
  {0xB045,0xB05F,13}, {0xB060,0xB060,12}, {0xB061,0xB07B,13},
  {0xB07C,0xB07C,12}, {0xB07D,0xB097,13}, {0xB098,0xB098,12},
  {0xB099,0xB0B3,13}, {0xB0B4,0xB0B4,12}, {0xB0B5,0xB0CF,13},
  {0xB0D0,0xB0D0,12}, {0xB0D1,0xB0EB,13}, {0xB0EC,0xB0EC,12},
  {0xB0ED,0xB107,13}, {0xB108,0xB108,12}, {0xB109,0xB123,13},
  {0xB124,0xB124,12}, {0xB125,0xB13F,13}, {0xB140,0xB140,12},
  {0xB141,0xB15B,13}, {0xB15C,0xB15C,12}, {0xB15D,0xB177,13},
  {0xB178,0xB178,12}, {0xB179,0xB193,13}, {0xB194,0xB194,12},
  {0xB195,0xB1AF,13}, {0xB1B0,0xB1B0,12}, {0xB1B1,0xB1CB,13},
  {0xB1CC,0xB1CC,12}, {0xB1CD,0xB1E7,13}, {0xB1E8,0xB1E8,12},
  {0xB1E9,0xB203,13}, {0xB204,0xB204,12}, {0xB205,0xB21F,13},
  {0xB220,0xB220,12}, {0xB221,0xB23B,13}, {0xB23C,0xB23C,12},
  {0xB23D,0xB257,13}, {0xB258,0xB258,12}, {0xB259,0xB273,13},
  {0xB274,0xB274,12}, {0xB275,0xB28F,13}, {0xB290,0xB290,12},
  {0xB291,0xB2AB,13}, {0xB2AC,0xB2AC,12}, {0xB2AD,0xB2C7,13},
  {0xB2C8,0xB2C8,12}, {0xB2C9,0xB2E3,13}, {0xB2E4,0xB2E4,12},
  {0xB2E5,0xB2FF,13}, {0xB300,0xB300,12}, {0xB301,0xB31B,13},
  {0xB31C,0xB31C,12}, {0xB31D,0xB337,13}, {0xB338,0xB338,12},
  {0xB339,0xB353,13}, {0xB354,0xB354,12}, {0xB355,0xB36F,13},
  {0xB370,0xB370,12}, {0xB371,0xB38B,13}, {0xB38C,0xB38C,12},
  {0xB38D,0xB3A7,13}, {0xB3A8,0xB3A8,12}, {0xB3A9,0xB3C3,13},
  {0xB3C4,0xB3C4,12}, {0xB3C5,0xB3DF,13}, {0xB3E0,0xB3E0,12},
  {0xB3E1,0xB3FB,13}, {0xB3FC,0xB3FC,12}, {0xB3FD,0xB417,13},
  {0xB418,0xB418,12}, {0xB419,0xB433,13}, {0xB434,0xB434,12},
  {0xB435,0xB44F,13}, {0xB450,0xB450,12}, {0xB451,0xB46B,13},
  {0xB46C,0xB46C,12}, {0xB46D,0xB487,13}, {0xB488,0xB488,12},
  {0xB489,0xB4A3,13}, {0xB4A4,0xB4A4,12}, {0xB4A5,0xB4BF,13},
  {0xB4C0,0xB4C0,12}, {0xB4C1,0xB4DB,13}, {0xB4DC,0xB4DC,12},
  {0xB4DD,0xB4F7,13}, {0xB4F8,0xB4F8,12}, {0xB4F9,0xB513,13},
  {0xB514,0xB514,12}, {0xB515,0xB52F,13}, {0xB530,0xB530,12},
  {0xB531,0xB54B,13}, {0xB54C,0xB54C,12}, {0xB54D,0xB567,13},
  {0xB568,0xB568,12}, {0xB569,0xB583,13}, {0xB584,0xB584,12},
  {0xB585,0xB59F,13}, {0xB5A0,0xB5A0,12}, {0xB5A1,0xB5BB,13},
  {0xB5BC,0xB5BC,12}, {0xB5BD,0xB5D7,13}, {0xB5D8,0xB5D8,12},
  {0xB5D9,0xB5F3,13}, {0xB5F4,0xB5F4,12}, {0xB5F5,0xB60F,13},
  {0xB610,0xB610,12}, {0xB611,0xB62B,13}, {0xB62C,0xB62C,12},
  {0xB62D,0xB647,13}, {0xB648,0xB648,12}, {0xB649,0xB663,13},
  {0xB664,0xB664,12}, {0xB665,0xB67F,13}, {0xB680,0xB680,12},
  {0xB681,0xB69B,13}, {0xB69C,0xB69C,12}, {0xB69D,0xB6B7,13},
  {0xB6B8,0xB6B8,12}, {0xB6B9,0xB6D3,13}, {0xB6D4,0xB6D4,12},
  {0xB6D5,0xB6EF,13}, {0xB6F0,0xB6F0,12}, {0xB6F1,0xB70B,13},
  {0xB70C,0xB70C,12}, {0xB70D,0xB727,13}, {0xB728,0xB728,12},
  {0xB729,0xB743,13}, {0xB744,0xB744,12}, {0xB745,0xB75F,13},
  {0xB760,0xB760,12}, {0xB761,0xB77B,13}, {0xB77C,0xB77C,12},
  {0xB77D,0xB797,13}, {0xB798,0xB798,12}, {0xB799,0xB7B3,13},
  {0xB7B4,0xB7B4,12}, {0xB7B5,0xB7CF,13}, {0xB7D0,0xB7D0,12},
  {0xB7D1,0xB7EB,13}, {0xB7EC,0xB7EC,12}, {0xB7ED,0xB807,13},
  {0xB808,0xB808,12}, {0xB809,0xB823,13}, {0xB824,0xB824,12},
  {0xB825,0xB83F,13}, {0xB840,0xB840,12}, {0xB841,0xB85B,13},
  {0xB85C,0xB85C,12}, {0xB85D,0xB877,13}, {0xB878,0xB878,12},
  {0xB879,0xB893,13}, {0xB894,0xB894,12}, {0xB895,0xB8AF,13},
  {0xB8B0,0xB8B0,12}, {0xB8B1,0xB8CB,13}, {0xB8CC,0xB8CC,12},
  {0xB8CD,0xB8E7,13}, {0xB8E8,0xB8E8,12}, {0xB8E9,0xB903,13},
  {0xB904,0xB904,12}, {0xB905,0xB91F,13}, {0xB920,0xB920,12},
  {0xB921,0xB93B,13}, {0xB93C,0xB93C,12}, {0xB93D,0xB957,13},
  {0xB958,0xB958,12}, {0xB959,0xB973,13}, {0xB974,0xB974,12},
  {0xB975,0xB98F,13}, {0xB990,0xB990,12}, {0xB991,0xB9AB,13},
  {0xB9AC,0xB9AC,12}, {0xB9AD,0xB9C7,13}, {0xB9C8,0xB9C8,12},
  {0xB9C9,0xB9E3,13}, {0xB9E4,0xB9E4,12}, {0xB9E5,0xB9FF,13},
  {0xBA00,0xBA00,12}, {0xBA01,0xBA1B,13}, {0xBA1C,0xBA1C,12},
  {0xBA1D,0xBA37,13}, {0xBA38,0xBA38,12}, {0xBA39,0xBA53,13},
  {0xBA54,0xBA54,12}, {0xBA55,0xBA6F,13}, {0xBA70,0xBA70,12},
  {0xBA71,0xBA8B,13}, {0xBA8C,0xBA8C,12}, {0xBA8D,0xBAA7,13},
  {0xBAA8,0xBAA8,12}, {0xBAA9,0xBAC3,13}, {0xBAC4,0xBAC4,12},
  {0xBAC5,0xBADF,13}, {0xBAE0,0xBAE0,12}, {0xBAE1,0xBAFB,13},
  {0xBAFC,0xBAFC,12}, {0xBAFD,0xBB17,13}, {0xBB18,0xBB18,12},
  {0xBB19,0xBB33,13}, {0xBB34,0xBB34,12}, {0xBB35,0xBB4F,13},
  {0xBB50,0xBB50,12}, {0xBB51,0xBB6B,13}, {0xBB6C,0xBB6C,12},
  {0xBB6D,0xBB87,13}, {0xBB88,0xBB88,12}, {0xBB89,0xBBA3,13},
  {0xBBA4,0xBBA4,12}, {0xBBA5,0xBBBF,13}, {0xBBC0,0xBBC0,12},
  {0xBBC1,0xBBDB,13}, {0xBBDC,0xBBDC,12}, {0xBBDD,0xBBF7,13},
  {0xBBF8,0xBBF8,12}, {0xBBF9,0xBC13,13}, {0xBC14,0xBC14,12},
  {0xBC15,0xBC2F,13}, {0xBC30,0xBC30,12}, {0xBC31,0xBC4B,13},
  {0xBC4C,0xBC4C,12}, {0xBC4D,0xBC67,13}, {0xBC68,0xBC68,12},
  {0xBC69,0xBC83,13}, {0xBC84,0xBC84,12}, {0xBC85,0xBC9F,13},
  {0xBCA0,0xBCA0,12}, {0xBCA1,0xBCBB,13}, {0xBCBC,0xBCBC,12},
  {0xBCBD,0xBCD7,13}, {0xBCD8,0xBCD8,12}, {0xBCD9,0xBCF3,13},
  {0xBCF4,0xBCF4,12}, {0xBCF5,0xBD0F,13}, {0xBD10,0xBD10,12},
  {0xBD11,0xBD2B,13}, {0xBD2C,0xBD2C,12}, {0xBD2D,0xBD47,13},
  {0xBD48,0xBD48,12}, {0xBD49,0xBD63,13}, {0xBD64,0xBD64,12},
  {0xBD65,0xBD7F,13}, {0xBD80,0xBD80,12}, {0xBD81,0xBD9B,13},
  {0xBD9C,0xBD9C,12}, {0xBD9D,0xBDB7,13}, {0xBDB8,0xBDB8,12},
  {0xBDB9,0xBDD3,13}, {0xBDD4,0xBDD4,12}, {0xBDD5,0xBDEF,13},
  {0xBDF0,0xBDF0,12}, {0xBDF1,0xBE0B,13}, {0xBE0C,0xBE0C,12},
  {0xBE0D,0xBE27,13}, {0xBE28,0xBE28,12}, {0xBE29,0xBE43,13},
  {0xBE44,0xBE44,12}, {0xBE45,0xBE5F,13}, {0xBE60,0xBE60,12},
  {0xBE61,0xBE7B,13}, {0xBE7C,0xBE7C,12}, {0xBE7D,0xBE97,13},
  {0xBE98,0xBE98,12}, {0xBE99,0xBEB3,13}, {0xBEB4,0xBEB4,12},
  {0xBEB5,0xBECF,13}, {0xBED0,0xBED0,12}, {0xBED1,0xBEEB,13},
  {0xBEEC,0xBEEC,12}, {0xBEED,0xBF07,13}, {0xBF08,0xBF08,12},
  {0xBF09,0xBF23,13}, {0xBF24,0xBF24,12}, {0xBF25,0xBF3F,13},
  {0xBF40,0xBF40,12}, {0xBF41,0xBF5B,13}, {0xBF5C,0xBF5C,12},
  {0xBF5D,0xBF77,13}, {0xBF78,0xBF78,12}, {0xBF79,0xBF93,13},
  {0xBF94,0xBF94,12}, {0xBF95,0xBFAF,13}, {0xBFB0,0xBFB0,12},
  {0xBFB1,0xBFCB,13}, {0xBFCC,0xBFCC,12}, {0xBFCD,0xBFE7,13},
  {0xBFE8,0xBFE8,12}, {0xBFE9,0xC003,13}, {0xC004,0xC004,12},
  {0xC005,0xC01F,13}, {0xC020,0xC020,12}, {0xC021,0xC03B,13},
  {0xC03C,0xC03C,12}, {0xC03D,0xC057,13}, {0xC058,0xC058,12},
  {0xC059,0xC073,13}, {0xC074,0xC074,12}, {0xC075,0xC08F,13},
  {0xC090,0xC090,12}, {0xC091,0xC0AB,13}, {0xC0AC,0xC0AC,12},
  {0xC0AD,0xC0C7,13}, {0xC0C8,0xC0C8,12}, {0xC0C9,0xC0E3,13},
  {0xC0E4,0xC0E4,12}, {0xC0E5,0xC0FF,13}, {0xC100,0xC100,12},
  {0xC101,0xC11B,13}, {0xC11C,0xC11C,12}, {0xC11D,0xC137,13},
  {0xC138,0xC138,12}, {0xC139,0xC153,13}, {0xC154,0xC154,12},
  {0xC155,0xC16F,13}, {0xC170,0xC170,12}, {0xC171,0xC18B,13},
  {0xC18C,0xC18C,12}, {0xC18D,0xC1A7,13}, {0xC1A8,0xC1A8,12},
  {0xC1A9,0xC1C3,13}, {0xC1C4,0xC1C4,12}, {0xC1C5,0xC1DF,13},
  {0xC1E0,0xC1E0,12}, {0xC1E1,0xC1FB,13}, {0xC1FC,0xC1FC,12},
  {0xC1FD,0xC217,13}, {0xC218,0xC218,12}, {0xC219,0xC233,13},
  {0xC234,0xC234,12}, {0xC235,0xC24F,13}, {0xC250,0xC250,12},
  {0xC251,0xC26B,13}, {0xC26C,0xC26C,12}, {0xC26D,0xC287,13},
  {0xC288,0xC288,12}, {0xC289,0xC2A3,13}, {0xC2A4,0xC2A4,12},
  {0xC2A5,0xC2BF,13}, {0xC2C0,0xC2C0,12}, {0xC2C1,0xC2DB,13},
  {0xC2DC,0xC2DC,12}, {0xC2DD,0xC2F7,13}, {0xC2F8,0xC2F8,12},
  {0xC2F9,0xC313,13}, {0xC314,0xC314,12}, {0xC315,0xC32F,13},
  {0xC330,0xC330,12}, {0xC331,0xC34B,13}, {0xC34C,0xC34C,12},
  {0xC34D,0xC367,13}, {0xC368,0xC368,12}, {0xC369,0xC383,13},
  {0xC384,0xC384,12}, {0xC385,0xC39F,13}, {0xC3A0,0xC3A0,12},
  {0xC3A1,0xC3BB,13}, {0xC3BC,0xC3BC,12}, {0xC3BD,0xC3D7,13},
  {0xC3D8,0xC3D8,12}, {0xC3D9,0xC3F3,13}, {0xC3F4,0xC3F4,12},
  {0xC3F5,0xC40F,13}, {0xC410,0xC410,12}, {0xC411,0xC42B,13},
  {0xC42C,0xC42C,12}, {0xC42D,0xC447,13}, {0xC448,0xC448,12},
  {0xC449,0xC463,13}, {0xC464,0xC464,12}, {0xC465,0xC47F,13},
  {0xC480,0xC480,12}, {0xC481,0xC49B,13}, {0xC49C,0xC49C,12},
  {0xC49D,0xC4B7,13}, {0xC4B8,0xC4B8,12}, {0xC4B9,0xC4D3,13},
  {0xC4D4,0xC4D4,12}, {0xC4D5,0xC4EF,13}, {0xC4F0,0xC4F0,12},
  {0xC4F1,0xC50B,13}, {0xC50C,0xC50C,12}, {0xC50D,0xC527,13},
  {0xC528,0xC528,12}, {0xC529,0xC543,13}, {0xC544,0xC544,12},
  {0xC545,0xC55F,13}, {0xC560,0xC560,12}, {0xC561,0xC57B,13},
  {0xC57C,0xC57C,12}, {0xC57D,0xC597,13}, {0xC598,0xC598,12},
  {0xC599,0xC5B3,13}, {0xC5B4,0xC5B4,12}, {0xC5B5,0xC5CF,13},
  {0xC5D0,0xC5D0,12}, {0xC5D1,0xC5EB,13}, {0xC5EC,0xC5EC,12},
  {0xC5ED,0xC607,13}, {0xC608,0xC608,12}, {0xC609,0xC623,13},
  {0xC624,0xC624,12}, {0xC625,0xC63F,13}, {0xC640,0xC640,12},
  {0xC641,0xC65B,13}, {0xC65C,0xC65C,12}, {0xC65D,0xC677,13},
  {0xC678,0xC678,12}, {0xC679,0xC693,13}, {0xC694,0xC694,12},
  {0xC695,0xC6AF,13}, {0xC6B0,0xC6B0,12}, {0xC6B1,0xC6CB,13},
  {0xC6CC,0xC6CC,12}, {0xC6CD,0xC6E7,13}, {0xC6E8,0xC6E8,12},
  {0xC6E9,0xC703,13}, {0xC704,0xC704,12}, {0xC705,0xC71F,13},
  {0xC720,0xC720,12}, {0xC721,0xC73B,13}, {0xC73C,0xC73C,12},
  {0xC73D,0xC757,13}, {0xC758,0xC758,12}, {0xC759,0xC773,13},
  {0xC774,0xC774,12}, {0xC775,0xC78F,13}, {0xC790,0xC790,12},
  {0xC791,0xC7AB,13}, {0xC7AC,0xC7AC,12}, {0xC7AD,0xC7C7,13},
  {0xC7C8,0xC7C8,12}, {0xC7C9,0xC7E3,13}, {0xC7E4,0xC7E4,12},
  {0xC7E5,0xC7FF,13}, {0xC800,0xC800,12}, {0xC801,0xC81B,13},
  {0xC81C,0xC81C,12}, {0xC81D,0xC837,13}, {0xC838,0xC838,12},
  {0xC839,0xC853,13}, {0xC854,0xC854,12}, {0xC855,0xC86F,13},
  {0xC870,0xC870,12}, {0xC871,0xC88B,13}, {0xC88C,0xC88C,12},
  {0xC88D,0xC8A7,13}, {0xC8A8,0xC8A8,12}, {0xC8A9,0xC8C3,13},
  {0xC8C4,0xC8C4,12}, {0xC8C5,0xC8DF,13}, {0xC8E0,0xC8E0,12},
  {0xC8E1,0xC8FB,13}, {0xC8FC,0xC8FC,12}, {0xC8FD,0xC917,13},
  {0xC918,0xC918,12}, {0xC919,0xC933,13}, {0xC934,0xC934,12},
  {0xC935,0xC94F,13}, {0xC950,0xC950,12}, {0xC951,0xC96B,13},
  {0xC96C,0xC96C,12}, {0xC96D,0xC987,13}, {0xC988,0xC988,12},
  {0xC989,0xC9A3,13}, {0xC9A4,0xC9A4,12}, {0xC9A5,0xC9BF,13},
  {0xC9C0,0xC9C0,12}, {0xC9C1,0xC9DB,13}, {0xC9DC,0xC9DC,12},
  {0xC9DD,0xC9F7,13}, {0xC9F8,0xC9F8,12}, {0xC9F9,0xCA13,13},
  {0xCA14,0xCA14,12}, {0xCA15,0xCA2F,13}, {0xCA30,0xCA30,12},
  {0xCA31,0xCA4B,13}, {0xCA4C,0xCA4C,12}, {0xCA4D,0xCA67,13},
  {0xCA68,0xCA68,12}, {0xCA69,0xCA83,13}, {0xCA84,0xCA84,12},
  {0xCA85,0xCA9F,13}, {0xCAA0,0xCAA0,12}, {0xCAA1,0xCABB,13},
  {0xCABC,0xCABC,12}, {0xCABD,0xCAD7,13}, {0xCAD8,0xCAD8,12},
  {0xCAD9,0xCAF3,13}, {0xCAF4,0xCAF4,12}, {0xCAF5,0xCB0F,13},
  {0xCB10,0xCB10,12}, {0xCB11,0xCB2B,13}, {0xCB2C,0xCB2C,12},
  {0xCB2D,0xCB47,13}, {0xCB48,0xCB48,12}, {0xCB49,0xCB63,13},
  {0xCB64,0xCB64,12}, {0xCB65,0xCB7F,13}, {0xCB80,0xCB80,12},
  {0xCB81,0xCB9B,13}, {0xCB9C,0xCB9C,12}, {0xCB9D,0xCBB7,13},
  {0xCBB8,0xCBB8,12}, {0xCBB9,0xCBD3,13}, {0xCBD4,0xCBD4,12},
  {0xCBD5,0xCBEF,13}, {0xCBF0,0xCBF0,12}, {0xCBF1,0xCC0B,13},
  {0xCC0C,0xCC0C,12}, {0xCC0D,0xCC27,13}, {0xCC28,0xCC28,12},
  {0xCC29,0xCC43,13}, {0xCC44,0xCC44,12}, {0xCC45,0xCC5F,13},
  {0xCC60,0xCC60,12}, {0xCC61,0xCC7B,13}, {0xCC7C,0xCC7C,12},
  {0xCC7D,0xCC97,13}, {0xCC98,0xCC98,12}, {0xCC99,0xCCB3,13},
  {0xCCB4,0xCCB4,12}, {0xCCB5,0xCCCF,13}, {0xCCD0,0xCCD0,12},
  {0xCCD1,0xCCEB,13}, {0xCCEC,0xCCEC,12}, {0xCCED,0xCD07,13},
  {0xCD08,0xCD08,12}, {0xCD09,0xCD23,13}, {0xCD24,0xCD24,12},
  {0xCD25,0xCD3F,13}, {0xCD40,0xCD40,12}, {0xCD41,0xCD5B,13},
  {0xCD5C,0xCD5C,12}, {0xCD5D,0xCD77,13}, {0xCD78,0xCD78,12},
  {0xCD79,0xCD93,13}, {0xCD94,0xCD94,12}, {0xCD95,0xCDAF,13},
  {0xCDB0,0xCDB0,12}, {0xCDB1,0xCDCB,13}, {0xCDCC,0xCDCC,12},
  {0xCDCD,0xCDE7,13}, {0xCDE8,0xCDE8,12}, {0xCDE9,0xCE03,13},
  {0xCE04,0xCE04,12}, {0xCE05,0xCE1F,13}, {0xCE20,0xCE20,12},
  {0xCE21,0xCE3B,13}, {0xCE3C,0xCE3C,12}, {0xCE3D,0xCE57,13},
  {0xCE58,0xCE58,12}, {0xCE59,0xCE73,13}, {0xCE74,0xCE74,12},
  {0xCE75,0xCE8F,13}, {0xCE90,0xCE90,12}, {0xCE91,0xCEAB,13},
  {0xCEAC,0xCEAC,12}, {0xCEAD,0xCEC7,13}, {0xCEC8,0xCEC8,12},
  {0xCEC9,0xCEE3,13}, {0xCEE4,0xCEE4,12}, {0xCEE5,0xCEFF,13},
  {0xCF00,0xCF00,12}, {0xCF01,0xCF1B,13}, {0xCF1C,0xCF1C,12},
  {0xCF1D,0xCF37,13}, {0xCF38,0xCF38,12}, {0xCF39,0xCF53,13},
  {0xCF54,0xCF54,12}, {0xCF55,0xCF6F,13}, {0xCF70,0xCF70,12},
  {0xCF71,0xCF8B,13}, {0xCF8C,0xCF8C,12}, {0xCF8D,0xCFA7,13},
  {0xCFA8,0xCFA8,12}, {0xCFA9,0xCFC3,13}, {0xCFC4,0xCFC4,12},
  {0xCFC5,0xCFDF,13}, {0xCFE0,0xCFE0,12}, {0xCFE1,0xCFFB,13},
  {0xCFFC,0xCFFC,12}, {0xCFFD,0xD017,13}, {0xD018,0xD018,12},
  {0xD019,0xD033,13}, {0xD034,0xD034,12}, {0xD035,0xD04F,13},
  {0xD050,0xD050,12}, {0xD051,0xD06B,13}, {0xD06C,0xD06C,12},
  {0xD06D,0xD087,13}, {0xD088,0xD088,12}, {0xD089,0xD0A3,13},
  {0xD0A4,0xD0A4,12}, {0xD0A5,0xD0BF,13}, {0xD0C0,0xD0C0,12},
  {0xD0C1,0xD0DB,13}, {0xD0DC,0xD0DC,12}, {0xD0DD,0xD0F7,13},
  {0xD0F8,0xD0F8,12}, {0xD0F9,0xD113,13}, {0xD114,0xD114,12},
  {0xD115,0xD12F,13}, {0xD130,0xD130,12}, {0xD131,0xD14B,13},
  {0xD14C,0xD14C,12}, {0xD14D,0xD167,13}, {0xD168,0xD168,12},
  {0xD169,0xD183,13}, {0xD184,0xD184,12}, {0xD185,0xD19F,13},
  {0xD1A0,0xD1A0,12}, {0xD1A1,0xD1BB,13}, {0xD1BC,0xD1BC,12},
  {0xD1BD,0xD1D7,13}, {0xD1D8,0xD1D8,12}, {0xD1D9,0xD1F3,13},
  {0xD1F4,0xD1F4,12}, {0xD1F5,0xD20F,13}, {0xD210,0xD210,12},
  {0xD211,0xD22B,13}, {0xD22C,0xD22C,12}, {0xD22D,0xD247,13},
  {0xD248,0xD248,12}, {0xD249,0xD263,13}, {0xD264,0xD264,12},
  {0xD265,0xD27F,13}, {0xD280,0xD280,12}, {0xD281,0xD29B,13},
  {0xD29C,0xD29C,12}, {0xD29D,0xD2B7,13}, {0xD2B8,0xD2B8,12},
  {0xD2B9,0xD2D3,13}, {0xD2D4,0xD2D4,12}, {0xD2D5,0xD2EF,13},
  {0xD2F0,0xD2F0,12}, {0xD2F1,0xD30B,13}, {0xD30C,0xD30C,12},
  {0xD30D,0xD327,13}, {0xD328,0xD328,12}, {0xD329,0xD343,13},
  {0xD344,0xD344,12}, {0xD345,0xD35F,13}, {0xD360,0xD360,12},
  {0xD361,0xD37B,13}, {0xD37C,0xD37C,12}, {0xD37D,0xD397,13},
  {0xD398,0xD398,12}, {0xD399,0xD3B3,13}, {0xD3B4,0xD3B4,12},
  {0xD3B5,0xD3CF,13}, {0xD3D0,0xD3D0,12}, {0xD3D1,0xD3EB,13},
  {0xD3EC,0xD3EC,12}, {0xD3ED,0xD407,13}, {0xD408,0xD408,12},
  {0xD409,0xD423,13}, {0xD424,0xD424,12}, {0xD425,0xD43F,13},
  {0xD440,0xD440,12}, {0xD441,0xD45B,13}, {0xD45C,0xD45C,12},
  {0xD45D,0xD477,13}, {0xD478,0xD478,12}, {0xD479,0xD493,13},
  {0xD494,0xD494,12}, {0xD495,0xD4AF,13}, {0xD4B0,0xD4B0,12},
  {0xD4B1,0xD4CB,13}, {0xD4CC,0xD4CC,12}, {0xD4CD,0xD4E7,13},
  {0xD4E8,0xD4E8,12}, {0xD4E9,0xD503,13}, {0xD504,0xD504,12},
  {0xD505,0xD51F,13}, {0xD520,0xD520,12}, {0xD521,0xD53B,13},
  {0xD53C,0xD53C,12}, {0xD53D,0xD557,13}, {0xD558,0xD558,12},
  {0xD559,0xD573,13}, {0xD574,0xD574,12}, {0xD575,0xD58F,13},
  {0xD590,0xD590,12}, {0xD591,0xD5AB,13}, {0xD5AC,0xD5AC,12},
  {0xD5AD,0xD5C7,13}, {0xD5C8,0xD5C8,12}, {0xD5C9,0xD5E3,13},
  {0xD5E4,0xD5E4,12}, {0xD5E5,0xD5FF,13}, {0xD600,0xD600,12},
  {0xD601,0xD61B,13}, {0xD61C,0xD61C,12}, {0xD61D,0xD637,13},
  {0xD638,0xD638,12}, {0xD639,0xD653,13}, {0xD654,0xD654,12},
  {0xD655,0xD66F,13}, {0xD670,0xD670,12}, {0xD671,0xD68B,13},
  {0xD68C,0xD68C,12}, {0xD68D,0xD6A7,13}, {0xD6A8,0xD6A8,12},
  {0xD6A9,0xD6C3,13}, {0xD6C4,0xD6C4,12}, {0xD6C5,0xD6DF,13},
  {0xD6E0,0xD6E0,12}, {0xD6E1,0xD6FB,13}, {0xD6FC,0xD6FC,12},
  {0xD6FD,0xD717,13}, {0xD718,0xD718,12}, {0xD719,0xD733,13},
  {0xD734,0xD734,12}, {0xD735,0xD74F,13}, {0xD750,0xD750,12},
  {0xD751,0xD76B,13}, {0xD76C,0xD76C,12}, {0xD76D,0xD787,13},
  {0xD788,0xD788,12}, {0xD789,0xD7A3,13}, {0xD7B0,0xD7C6,10},
  {0xD7CB,0xD7FB,11}, {0xFB1E,0xFB1E,4}, {0xFE00,0xFE0F,4},
  {0xFE20,0xFE2F,4}, {0xFEFF,0xFEFF,3}, {0xFF9E,0xFF9F,4},
  {0xFFF0,0xFFFB,3}, {0x101FD,0x101FD,4}, {0x102E0,0x102E0,4},
  {0x10376,0x1037A,4}, {0x10A01,0x10A03,4}, {0x10A05,0x10A06,4},
  {0x10A0C,0x10A0F,4}, {0x10A38,0x10A3A,4}, {0x10A3F,0x10A3F,4},
  {0x10AE5,0x10AE6,4}, {0x10D24,0x10D27,4}, {0x10D69,0x10D6D,4},
  {0x10EAB,0x10EAC,4}, {0x10EFA,0x10EFF,4}, {0x10F46,0x10F50,4},
  {0x10F82,0x10F85,4}, {0x11000,0x11000,8}, {0x11001,0x11001,4},
  {0x11002,0x11002,8}, {0x11038,0x11046,4}, {0x11070,0x11070,4},
  {0x11073,0x11074,4}, {0x1107F,0x11081,4}, {0x11082,0x11082,8},
  {0x110B0,0x110B2,8}, {0x110B3,0x110B6,4}, {0x110B7,0x110B8,8},
  {0x110B9,0x110BA,4}, {0x110BD,0x110BD,7}, {0x110C2,0x110C2,4},
  {0x110CD,0x110CD,7}, {0x11100,0x11102,4}, {0x11127,0x1112B,4},
  {0x1112C,0x1112C,8}, {0x1112D,0x11134,4}, {0x11145,0x11146,8},
  {0x11173,0x11173,4}, {0x11180,0x11181,4}, {0x11182,0x11182,8},
  {0x111B3,0x111B5,8}, {0x111B6,0x111BE,4}, {0x111BF,0x111BF,8},
  {0x111C0,0x111C0,4}, {0x111C2,0x111C3,7}, {0x111C9,0x111CC,4},
  {0x111CE,0x111CE,8}, {0x111CF,0x111CF,4}, {0x1122C,0x1122E,8},
  {0x1122F,0x11231,4}, {0x11232,0x11233,8}, {0x11234,0x11237,4},
  {0x1123E,0x1123E,4}, {0x11241,0x11241,4}, {0x112DF,0x112DF,4},
  {0x112E0,0x112E2,8}, {0x112E3,0x112EA,4}, {0x11300,0x11301,4},
  {0x11302,0x11303,8}, {0x1133B,0x1133C,4}, {0x1133E,0x1133E,4},
  {0x1133F,0x1133F,8}, {0x11340,0x11340,4}, {0x11341,0x11344,8},
  {0x11347,0x11348,8}, {0x1134B,0x1134C,8}, {0x1134D,0x1134D,4},
  {0x11357,0x11357,4}, {0x11362,0x11363,8}, {0x11366,0x1136C,4},
  {0x11370,0x11374,4}, {0x113B8,0x113B8,4}, {0x113B9,0x113BA,8},
  {0x113BB,0x113C0,4}, {0x113C2,0x113C2,4}, {0x113C5,0x113C5,4},
  {0x113C7,0x113C9,4}, {0x113CA,0x113CA,8}, {0x113CC,0x113CD,8},
  {0x113CE,0x113D0,4}, {0x113D1,0x113D1,7}, {0x113D2,0x113D2,4},
  {0x113E1,0x113E2,4}, {0x11435,0x11437,8}, {0x11438,0x1143F,4},
  {0x11440,0x11441,8}, {0x11442,0x11444,4}, {0x11445,0x11445,8},
  {0x11446,0x11446,4}, {0x1145E,0x1145E,4}, {0x114B0,0x114B0,4},
  {0x114B1,0x114B2,8}, {0x114B3,0x114B8,4}, {0x114B9,0x114B9,8},
  {0x114BA,0x114BA,4}, {0x114BB,0x114BC,8}, {0x114BD,0x114BD,4},
  {0x114BE,0x114BE,8}, {0x114BF,0x114C0,4}, {0x114C1,0x114C1,8},
  {0x114C2,0x114C3,4}, {0x115AF,0x115AF,4}, {0x115B0,0x115B1,8},
  {0x115B2,0x115B5,4}, {0x115B8,0x115BB,8}, {0x115BC,0x115BD,4},
  {0x115BE,0x115BE,8}, {0x115BF,0x115C0,4}, {0x115DC,0x115DD,4},
  {0x11630,0x11632,8}, {0x11633,0x1163A,4}, {0x1163B,0x1163C,8},
  {0x1163D,0x1163D,4}, {0x1163E,0x1163E,8}, {0x1163F,0x11640,4},
  {0x116AB,0x116AB,4}, {0x116AC,0x116AC,8}, {0x116AD,0x116AD,4},
  {0x116AE,0x116AF,8}, {0x116B0,0x116B7,4}, {0x1171D,0x1171D,4},
  {0x1171E,0x1171E,8}, {0x1171F,0x1171F,4}, {0x11722,0x11725,4},
  {0x11726,0x11726,8}, {0x11727,0x1172B,4}, {0x1182C,0x1182E,8},
  {0x1182F,0x11837,4}, {0x11838,0x11838,8}, {0x11839,0x1183A,4},
  {0x11930,0x11930,4}, {0x11931,0x11935,8}, {0x11937,0x11938,8},
  {0x1193B,0x1193E,4}, {0x1193F,0x1193F,7}, {0x11940,0x11940,8},
  {0x11941,0x11941,7}, {0x11942,0x11942,8}, {0x11943,0x11943,4},
  {0x119D1,0x119D3,8}, {0x119D4,0x119D7,4}, {0x119DA,0x119DB,4},
  {0x119DC,0x119DF,8}, {0x119E0,0x119E0,4}, {0x119E4,0x119E4,8},
  {0x11A01,0x11A0A,4}, {0x11A33,0x11A38,4}, {0x11A39,0x11A39,8},
  {0x11A3B,0x11A3E,4}, {0x11A47,0x11A47,4}, {0x11A51,0x11A56,4},
  {0x11A57,0x11A58,8}, {0x11A59,0x11A5B,4}, {0x11A84,0x11A89,7},
  {0x11A8A,0x11A96,4}, {0x11A97,0x11A97,8}, {0x11A98,0x11A99,4},
  {0x11B60,0x11B60,4}, {0x11B61,0x11B61,8}, {0x11B62,0x11B64,4},
  {0x11B65,0x11B65,8}, {0x11B66,0x11B66,4}, {0x11B67,0x11B67,8},
  {0x11C2F,0x11C2F,8}, {0x11C30,0x11C36,4}, {0x11C38,0x11C3D,4},
  {0x11C3E,0x11C3E,8}, {0x11C3F,0x11C3F,4}, {0x11C92,0x11CA7,4},
  {0x11CA9,0x11CA9,8}, {0x11CAA,0x11CB0,4}, {0x11CB1,0x11CB1,8},
  {0x11CB2,0x11CB3,4}, {0x11CB4,0x11CB4,8}, {0x11CB5,0x11CB6,4},
  {0x11D31,0x11D36,4}, {0x11D3A,0x11D3A,4}, {0x11D3C,0x11D3D,4},
  {0x11D3F,0x11D45,4}, {0x11D46,0x11D46,7}, {0x11D47,0x11D47,4},
  {0x11D8A,0x11D8E,8}, {0x11D90,0x11D91,4}, {0x11D93,0x11D94,8},
  {0x11D95,0x11D95,4}, {0x11D96,0x11D96,8}, {0x11D97,0x11D97,4},
  {0x11EF3,0x11EF4,4}, {0x11EF5,0x11EF6,8}, {0x11F00,0x11F01,4},
  {0x11F02,0x11F02,7}, {0x11F03,0x11F03,8}, {0x11F34,0x11F35,8},
  {0x11F36,0x11F3A,4}, {0x11F3E,0x11F3F,8}, {0x11F40,0x11F42,4},
  {0x11F5A,0x11F5A,4}, {0x13430,0x1343F,3}, {0x13440,0x13440,4},
  {0x13447,0x13455,4}, {0x1611E,0x16129,4}, {0x1612A,0x1612C,8},
  {0x1612D,0x1612F,4}, {0x16AF0,0x16AF4,4}, {0x16B30,0x16B36,4},
  {0x16D63,0x16D63,10}, {0x16D67,0x16D6A,10}, {0x16F4F,0x16F4F,4},
  {0x16F51,0x16F87,8}, {0x16F8F,0x16F92,4}, {0x16FE4,0x16FE4,4},
  {0x16FF0,0x16FF1,4}, {0x1BC9D,0x1BC9E,4}, {0x1BCA0,0x1BCA3,3},
  {0x1CF00,0x1CF2D,4}, {0x1CF30,0x1CF46,4}, {0x1D165,0x1D169,4},
  {0x1D16D,0x1D172,4}, {0x1D173,0x1D17A,3}, {0x1D17B,0x1D182,4},
  {0x1D185,0x1D18B,4}, {0x1D1AA,0x1D1AD,4}, {0x1D242,0x1D244,4},
  {0x1DA00,0x1DA36,4}, {0x1DA3B,0x1DA6C,4}, {0x1DA75,0x1DA75,4},
  {0x1DA84,0x1DA84,4}, {0x1DA9B,0x1DA9F,4}, {0x1DAA1,0x1DAAF,4},
  {0x1E000,0x1E006,4}, {0x1E008,0x1E018,4}, {0x1E01B,0x1E021,4},
  {0x1E023,0x1E024,4}, {0x1E026,0x1E02A,4}, {0x1E08F,0x1E08F,4},
  {0x1E130,0x1E136,4}, {0x1E2AE,0x1E2AE,4}, {0x1E2EC,0x1E2EF,4},
  {0x1E4EC,0x1E4EF,4}, {0x1E5EE,0x1E5EF,4}, {0x1E6E3,0x1E6E3,4},
  {0x1E6E6,0x1E6E6,4}, {0x1E6EE,0x1E6EF,4}, {0x1E6F5,0x1E6F5,4},
  {0x1E8D0,0x1E8D6,4}, {0x1E944,0x1E94A,4}, {0x1F1E6,0x1F1FF,6},
  {0x1F3FB,0x1F3FF,4}, {0xE0000,0xE001F,3}, {0xE0020,0xE007F,4},
  {0xE0080,0xE00FF,3}, {0xE0100,0xE01EF,4}, {0xE01F0,0xE0FFF,3},
};
const size_t grx_unicode_gcb_range_count = 1386;

const GRX_UnicodeBreakRange grx_unicode_wb_ranges[] = {
  {0x000A,0x000A,2}, {0x000B,0x000C,3}, {0x000D,0x000D,1},
  {0x0020,0x0020,18}, {0x0022,0x0022,12}, {0x0027,0x0027,11},
  {0x002C,0x002C,15}, {0x002E,0x002E,13}, {0x0030,0x0039,16},
  {0x003A,0x003A,14}, {0x003B,0x003B,15}, {0x0041,0x005A,10},
  {0x005F,0x005F,17}, {0x0061,0x007A,10}, {0x0085,0x0085,3},
  {0x00AA,0x00AA,10}, {0x00AD,0x00AD,7}, {0x00B5,0x00B5,10},
  {0x00B7,0x00B7,14}, {0x00B8,0x00B8,10}, {0x00BA,0x00BA,10},
  {0x00C0,0x00D6,10}, {0x00D8,0x00F6,10}, {0x00F8,0x02D7,10},
  {0x02DE,0x02FF,10}, {0x0300,0x036F,4}, {0x0370,0x0374,10},
  {0x0376,0x0377,10}, {0x037A,0x037D,10}, {0x037E,0x037E,15},
  {0x037F,0x037F,10}, {0x0386,0x0386,10}, {0x0387,0x0387,14},
  {0x0388,0x038A,10}, {0x038C,0x038C,10}, {0x038E,0x03A1,10},
  {0x03A3,0x03F5,10}, {0x03F7,0x0481,10}, {0x0483,0x0489,4},
  {0x048A,0x052F,10}, {0x0531,0x0556,10}, {0x0559,0x055C,10},
  {0x055E,0x055E,10}, {0x055F,0x055F,14}, {0x0560,0x0588,10},
  {0x0589,0x0589,15}, {0x058A,0x058A,10}, {0x0591,0x05BD,4},
  {0x05BF,0x05BF,4}, {0x05C1,0x05C2,4}, {0x05C4,0x05C5,4},
  {0x05C7,0x05C7,4}, {0x05D0,0x05EA,9}, {0x05EF,0x05F2,9},
  {0x05F3,0x05F3,10}, {0x05F4,0x05F4,14}, {0x0600,0x0605,16},
  {0x060C,0x060D,15}, {0x0610,0x061A,4}, {0x061C,0x061C,7},
  {0x0620,0x064A,10}, {0x064B,0x065F,4}, {0x0660,0x0669,16},
  {0x066B,0x066B,16}, {0x066C,0x066C,15}, {0x066E,0x066F,10},
  {0x0670,0x0670,4}, {0x0671,0x06D3,10}, {0x06D5,0x06D5,10},
  {0x06D6,0x06DC,4}, {0x06DD,0x06DD,16}, {0x06DF,0x06E4,4},
  {0x06E5,0x06E6,10}, {0x06E7,0x06E8,4}, {0x06EA,0x06ED,4},
  {0x06EE,0x06EF,10}, {0x06F0,0x06F9,16}, {0x06FA,0x06FC,10},
  {0x06FF,0x06FF,10}, {0x070F,0x0710,10}, {0x0711,0x0711,4},
  {0x0712,0x072F,10}, {0x0730,0x074A,4}, {0x074D,0x07A5,10},
  {0x07A6,0x07B0,4}, {0x07B1,0x07B1,10}, {0x07C0,0x07C9,16},
  {0x07CA,0x07EA,10}, {0x07EB,0x07F3,4}, {0x07F4,0x07F5,10},
  {0x07F8,0x07F8,15}, {0x07FA,0x07FA,10}, {0x07FD,0x07FD,4},
  {0x0800,0x0815,10}, {0x0816,0x0819,4}, {0x081A,0x081A,10},
  {0x081B,0x0823,4}, {0x0824,0x0824,10}, {0x0825,0x0827,4},
  {0x0828,0x0828,10}, {0x0829,0x082D,4}, {0x0840,0x0858,10},
  {0x0859,0x085B,4}, {0x0860,0x086A,10}, {0x0870,0x0887,10},
  {0x0889,0x088F,10}, {0x0890,0x0891,16}, {0x0897,0x089F,4},
  {0x08A0,0x08C9,10}, {0x08CA,0x08E1,4}, {0x08E2,0x08E2,16},
  {0x08E3,0x0903,4}, {0x0904,0x0939,10}, {0x093A,0x093C,4},
  {0x093D,0x093D,10}, {0x093E,0x094F,4}, {0x0950,0x0950,10},
  {0x0951,0x0957,4}, {0x0958,0x0961,10}, {0x0962,0x0963,4},
  {0x0966,0x096F,16}, {0x0971,0x0980,10}, {0x0981,0x0983,4},
  {0x0985,0x098C,10}, {0x098F,0x0990,10}, {0x0993,0x09A8,10},
  {0x09AA,0x09B0,10}, {0x09B2,0x09B2,10}, {0x09B6,0x09B9,10},
  {0x09BC,0x09BC,4}, {0x09BD,0x09BD,10}, {0x09BE,0x09C4,4},
  {0x09C7,0x09C8,4}, {0x09CB,0x09CD,4}, {0x09CE,0x09CE,10},
  {0x09D7,0x09D7,4}, {0x09DC,0x09DD,10}, {0x09DF,0x09E1,10},
  {0x09E2,0x09E3,4}, {0x09E6,0x09EF,16}, {0x09F0,0x09F1,10},
  {0x09FC,0x09FC,10}, {0x09FE,0x09FE,4}, {0x0A01,0x0A03,4},
  {0x0A05,0x0A0A,10}, {0x0A0F,0x0A10,10}, {0x0A13,0x0A28,10},
  {0x0A2A,0x0A30,10}, {0x0A32,0x0A33,10}, {0x0A35,0x0A36,10},
  {0x0A38,0x0A39,10}, {0x0A3C,0x0A3C,4}, {0x0A3E,0x0A42,4},
  {0x0A47,0x0A48,4}, {0x0A4B,0x0A4D,4}, {0x0A51,0x0A51,4},
  {0x0A59,0x0A5C,10}, {0x0A5E,0x0A5E,10}, {0x0A66,0x0A6F,16},
  {0x0A70,0x0A71,4}, {0x0A72,0x0A74,10}, {0x0A75,0x0A75,4},
  {0x0A81,0x0A83,4}, {0x0A85,0x0A8D,10}, {0x0A8F,0x0A91,10},
  {0x0A93,0x0AA8,10}, {0x0AAA,0x0AB0,10}, {0x0AB2,0x0AB3,10},
  {0x0AB5,0x0AB9,10}, {0x0ABC,0x0ABC,4}, {0x0ABD,0x0ABD,10},
  {0x0ABE,0x0AC5,4}, {0x0AC7,0x0AC9,4}, {0x0ACB,0x0ACD,4},
  {0x0AD0,0x0AD0,10}, {0x0AE0,0x0AE1,10}, {0x0AE2,0x0AE3,4},
  {0x0AE6,0x0AEF,16}, {0x0AF9,0x0AF9,10}, {0x0AFA,0x0AFF,4},
  {0x0B01,0x0B03,4}, {0x0B05,0x0B0C,10}, {0x0B0F,0x0B10,10},
  {0x0B13,0x0B28,10}, {0x0B2A,0x0B30,10}, {0x0B32,0x0B33,10},
  {0x0B35,0x0B39,10}, {0x0B3C,0x0B3C,4}, {0x0B3D,0x0B3D,10},
  {0x0B3E,0x0B44,4}, {0x0B47,0x0B48,4}, {0x0B4B,0x0B4D,4},
  {0x0B55,0x0B57,4}, {0x0B5C,0x0B5D,10}, {0x0B5F,0x0B61,10},
  {0x0B62,0x0B63,4}, {0x0B66,0x0B6F,16}, {0x0B71,0x0B71,10},
  {0x0B82,0x0B82,4}, {0x0B83,0x0B83,10}, {0x0B85,0x0B8A,10},
  {0x0B8E,0x0B90,10}, {0x0B92,0x0B95,10}, {0x0B99,0x0B9A,10},
  {0x0B9C,0x0B9C,10}, {0x0B9E,0x0B9F,10}, {0x0BA3,0x0BA4,10},
  {0x0BA8,0x0BAA,10}, {0x0BAE,0x0BB9,10}, {0x0BBE,0x0BC2,4},
  {0x0BC6,0x0BC8,4}, {0x0BCA,0x0BCD,4}, {0x0BD0,0x0BD0,10},
  {0x0BD7,0x0BD7,4}, {0x0BE6,0x0BEF,16}, {0x0C00,0x0C04,4},
  {0x0C05,0x0C0C,10}, {0x0C0E,0x0C10,10}, {0x0C12,0x0C28,10},
  {0x0C2A,0x0C39,10}, {0x0C3C,0x0C3C,4}, {0x0C3D,0x0C3D,10},
  {0x0C3E,0x0C44,4}, {0x0C46,0x0C48,4}, {0x0C4A,0x0C4D,4},
  {0x0C55,0x0C56,4}, {0x0C58,0x0C5A,10}, {0x0C5C,0x0C5D,10},
  {0x0C60,0x0C61,10}, {0x0C62,0x0C63,4}, {0x0C66,0x0C6F,16},
  {0x0C80,0x0C80,10}, {0x0C81,0x0C83,4}, {0x0C85,0x0C8C,10},
  {0x0C8E,0x0C90,10}, {0x0C92,0x0CA8,10}, {0x0CAA,0x0CB3,10},
  {0x0CB5,0x0CB9,10}, {0x0CBC,0x0CBC,4}, {0x0CBD,0x0CBD,10},
  {0x0CBE,0x0CC4,4}, {0x0CC6,0x0CC8,4}, {0x0CCA,0x0CCD,4},
  {0x0CD5,0x0CD6,4}, {0x0CDC,0x0CDE,10}, {0x0CE0,0x0CE1,10},
  {0x0CE2,0x0CE3,4}, {0x0CE6,0x0CEF,16}, {0x0CF1,0x0CF2,10},
  {0x0CF3,0x0CF3,4}, {0x0D00,0x0D03,4}, {0x0D04,0x0D0C,10},
  {0x0D0E,0x0D10,10}, {0x0D12,0x0D3A,10}, {0x0D3B,0x0D3C,4},
  {0x0D3D,0x0D3D,10}, {0x0D3E,0x0D44,4}, {0x0D46,0x0D48,4},
  {0x0D4A,0x0D4D,4}, {0x0D4E,0x0D4E,10}, {0x0D54,0x0D56,10},
  {0x0D57,0x0D57,4}, {0x0D5F,0x0D61,10}, {0x0D62,0x0D63,4},
  {0x0D66,0x0D6F,16}, {0x0D7A,0x0D7F,10}, {0x0D81,0x0D83,4},
  {0x0D85,0x0D96,10}, {0x0D9A,0x0DB1,10}, {0x0DB3,0x0DBB,10},
  {0x0DBD,0x0DBD,10}, {0x0DC0,0x0DC6,10}, {0x0DCA,0x0DCA,4},
  {0x0DCF,0x0DD4,4}, {0x0DD6,0x0DD6,4}, {0x0DD8,0x0DDF,4},
  {0x0DE6,0x0DEF,16}, {0x0DF2,0x0DF3,4}, {0x0E31,0x0E31,4},
  {0x0E34,0x0E3A,4}, {0x0E47,0x0E4E,4}, {0x0E50,0x0E59,16},
  {0x0EB1,0x0EB1,4}, {0x0EB4,0x0EBC,4}, {0x0EC8,0x0ECE,4},
  {0x0ED0,0x0ED9,16}, {0x0F00,0x0F00,10}, {0x0F18,0x0F19,4},
  {0x0F20,0x0F29,16}, {0x0F35,0x0F35,4}, {0x0F37,0x0F37,4},
  {0x0F39,0x0F39,4}, {0x0F3E,0x0F3F,4}, {0x0F40,0x0F47,10},
  {0x0F49,0x0F6C,10}, {0x0F71,0x0F84,4}, {0x0F86,0x0F87,4},
  {0x0F88,0x0F8C,10}, {0x0F8D,0x0F97,4}, {0x0F99,0x0FBC,4},
  {0x0FC6,0x0FC6,4}, {0x102B,0x103E,4}, {0x1040,0x1049,16},
  {0x1056,0x1059,4}, {0x105E,0x1060,4}, {0x1062,0x1064,4},
  {0x1067,0x106D,4}, {0x1071,0x1074,4}, {0x1082,0x108D,4},
  {0x108F,0x108F,4}, {0x1090,0x1099,16}, {0x109A,0x109D,4},
  {0x10A0,0x10C5,10}, {0x10C7,0x10C7,10}, {0x10CD,0x10CD,10},
  {0x10D0,0x10FA,10}, {0x10FC,0x1248,10}, {0x124A,0x124D,10},
  {0x1250,0x1256,10}, {0x1258,0x1258,10}, {0x125A,0x125D,10},
  {0x1260,0x1288,10}, {0x128A,0x128D,10}, {0x1290,0x12B0,10},
  {0x12B2,0x12B5,10}, {0x12B8,0x12BE,10}, {0x12C0,0x12C0,10},
  {0x12C2,0x12C5,10}, {0x12C8,0x12D6,10}, {0x12D8,0x1310,10},
  {0x1312,0x1315,10}, {0x1318,0x135A,10}, {0x135D,0x135F,4},
  {0x1380,0x138F,10}, {0x13A0,0x13F5,10}, {0x13F8,0x13FD,10},
  {0x1401,0x166C,10}, {0x166F,0x167F,10}, {0x1680,0x1680,18},
  {0x1681,0x169A,10}, {0x16A0,0x16EA,10}, {0x16EE,0x16F8,10},
  {0x1700,0x1711,10}, {0x1712,0x1715,4}, {0x171F,0x1731,10},
  {0x1732,0x1734,4}, {0x1740,0x1751,10}, {0x1752,0x1753,4},
  {0x1760,0x176C,10}, {0x176E,0x1770,10}, {0x1772,0x1773,4},
  {0x17B4,0x17D3,4}, {0x17DD,0x17DD,4}, {0x17E0,0x17E9,16},
  {0x180B,0x180D,4}, {0x180E,0x180E,7}, {0x180F,0x180F,4},
  {0x1810,0x1819,16}, {0x1820,0x1878,10}, {0x1880,0x1884,10},
  {0x1885,0x1886,4}, {0x1887,0x18A8,10}, {0x18A9,0x18A9,4},
  {0x18AA,0x18AA,10}, {0x18B0,0x18F5,10}, {0x1900,0x191E,10},
  {0x1920,0x192B,4}, {0x1930,0x193B,4}, {0x1946,0x194F,16},
  {0x19D0,0x19DA,16}, {0x1A00,0x1A16,10}, {0x1A17,0x1A1B,4},
  {0x1A55,0x1A5E,4}, {0x1A60,0x1A7C,4}, {0x1A7F,0x1A7F,4},
  {0x1A80,0x1A89,16}, {0x1A90,0x1A99,16}, {0x1AB0,0x1ADD,4},
  {0x1AE0,0x1AEB,4}, {0x1B00,0x1B04,4}, {0x1B05,0x1B33,10},
  {0x1B34,0x1B44,4}, {0x1B45,0x1B4C,10}, {0x1B50,0x1B59,16},
  {0x1B6B,0x1B73,4}, {0x1B80,0x1B82,4}, {0x1B83,0x1BA0,10},
  {0x1BA1,0x1BAD,4}, {0x1BAE,0x1BAF,10}, {0x1BB0,0x1BB9,16},
  {0x1BBA,0x1BE5,10}, {0x1BE6,0x1BF3,4}, {0x1C00,0x1C23,10},
  {0x1C24,0x1C37,4}, {0x1C40,0x1C49,16}, {0x1C4D,0x1C4F,10},
  {0x1C50,0x1C59,16}, {0x1C5A,0x1C7D,10}, {0x1C80,0x1C8A,10},
  {0x1C90,0x1CBA,10}, {0x1CBD,0x1CBF,10}, {0x1CD0,0x1CD2,4},
  {0x1CD4,0x1CE8,4}, {0x1CE9,0x1CEC,10}, {0x1CED,0x1CED,4},
  {0x1CEE,0x1CF3,10}, {0x1CF4,0x1CF4,4}, {0x1CF5,0x1CF6,10},
  {0x1CF7,0x1CF9,4}, {0x1CFA,0x1CFA,10}, {0x1D00,0x1DBF,10},
  {0x1DC0,0x1DFF,4}, {0x1E00,0x1F15,10}, {0x1F18,0x1F1D,10},
  {0x1F20,0x1F45,10}, {0x1F48,0x1F4D,10}, {0x1F50,0x1F57,10},
  {0x1F59,0x1F59,10}, {0x1F5B,0x1F5B,10}, {0x1F5D,0x1F5D,10},
  {0x1F5F,0x1F7D,10}, {0x1F80,0x1FB4,10}, {0x1FB6,0x1FBC,10},
  {0x1FBE,0x1FBE,10}, {0x1FC2,0x1FC4,10}, {0x1FC6,0x1FCC,10},
  {0x1FD0,0x1FD3,10}, {0x1FD6,0x1FDB,10}, {0x1FE0,0x1FEC,10},
  {0x1FF2,0x1FF4,10}, {0x1FF6,0x1FFC,10}, {0x2000,0x2006,18},
  {0x2008,0x200A,18}, {0x200C,0x200C,4}, {0x200D,0x200D,5},
  {0x200E,0x200F,7}, {0x2018,0x2019,13}, {0x2024,0x2024,13},
  {0x2027,0x2027,14}, {0x2028,0x2029,3}, {0x202A,0x202E,7},
  {0x202F,0x202F,17}, {0x203F,0x2040,17}, {0x2044,0x2044,15},
  {0x2054,0x2054,17}, {0x205F,0x205F,18}, {0x2060,0x2064,7},
  {0x2066,0x206F,7}, {0x2071,0x2071,10}, {0x207F,0x207F,10},
  {0x2090,0x209C,10}, {0x20D0,0x20F0,4}, {0x2102,0x2102,10},
  {0x2107,0x2107,10}, {0x210A,0x2113,10}, {0x2115,0x2115,10},
  {0x2119,0x211D,10}, {0x2124,0x2124,10}, {0x2126,0x2126,10},
  {0x2128,0x2128,10}, {0x212A,0x212D,10}, {0x212F,0x2139,10},
  {0x213C,0x213F,10}, {0x2145,0x2149,10}, {0x214E,0x214E,10},
  {0x2160,0x2188,10}, {0x24B6,0x24E9,10}, {0x2C00,0x2CE4,10},
  {0x2CEB,0x2CEE,10}, {0x2CEF,0x2CF1,4}, {0x2CF2,0x2CF3,10},
  {0x2D00,0x2D25,10}, {0x2D27,0x2D27,10}, {0x2D2D,0x2D2D,10},
  {0x2D30,0x2D67,10}, {0x2D6F,0x2D6F,10}, {0x2D7F,0x2D7F,4},
  {0x2D80,0x2D96,10}, {0x2DA0,0x2DA6,10}, {0x2DA8,0x2DAE,10},
  {0x2DB0,0x2DB6,10}, {0x2DB8,0x2DBE,10}, {0x2DC0,0x2DC6,10},
  {0x2DC8,0x2DCE,10}, {0x2DD0,0x2DD6,10}, {0x2DD8,0x2DDE,10},
  {0x2DE0,0x2DFF,4}, {0x2E2F,0x2E2F,10}, {0x3000,0x3000,18},
  {0x3005,0x3005,10}, {0x302A,0x302F,4}, {0x3031,0x3035,8},
  {0x303B,0x303C,10}, {0x3099,0x309A,4}, {0x309B,0x309C,8},
  {0x30A0,0x30FA,8}, {0x30FC,0x30FF,8}, {0x3105,0x312F,10},
  {0x3131,0x318E,10}, {0x31A0,0x31BF,10}, {0x31F0,0x31FF,8},
  {0x32D0,0x32FE,8}, {0x3300,0x3357,8}, {0xA000,0xA48C,10},
  {0xA4D0,0xA4FD,10}, {0xA500,0xA60C,10}, {0xA610,0xA61F,10},
  {0xA620,0xA629,16}, {0xA62A,0xA62B,10}, {0xA640,0xA66E,10},
  {0xA66F,0xA672,4}, {0xA674,0xA67D,4}, {0xA67F,0xA69D,10},
  {0xA69E,0xA69F,4}, {0xA6A0,0xA6EF,10}, {0xA6F0,0xA6F1,4},
  {0xA708,0xA7DC,10}, {0xA7F1,0xA801,10}, {0xA802,0xA802,4},
  {0xA803,0xA805,10}, {0xA806,0xA806,4}, {0xA807,0xA80A,10},
  {0xA80B,0xA80B,4}, {0xA80C,0xA822,10}, {0xA823,0xA827,4},
  {0xA82C,0xA82C,4}, {0xA840,0xA873,10}, {0xA880,0xA881,4},
  {0xA882,0xA8B3,10}, {0xA8B4,0xA8C5,4}, {0xA8D0,0xA8D9,16},
  {0xA8E0,0xA8F1,4}, {0xA8F2,0xA8F7,10}, {0xA8FB,0xA8FB,10},
  {0xA8FD,0xA8FE,10}, {0xA8FF,0xA8FF,4}, {0xA900,0xA909,16},
  {0xA90A,0xA925,10}, {0xA926,0xA92D,4}, {0xA930,0xA946,10},
  {0xA947,0xA953,4}, {0xA960,0xA97C,10}, {0xA980,0xA983,4},
  {0xA984,0xA9B2,10}, {0xA9B3,0xA9C0,4}, {0xA9CF,0xA9CF,10},
  {0xA9D0,0xA9D9,16}, {0xA9E5,0xA9E5,4}, {0xA9F0,0xA9F9,16},
  {0xAA00,0xAA28,10}, {0xAA29,0xAA36,4}, {0xAA40,0xAA42,10},
  {0xAA43,0xAA43,4}, {0xAA44,0xAA4B,10}, {0xAA4C,0xAA4D,4},
  {0xAA50,0xAA59,16}, {0xAA7B,0xAA7D,4}, {0xAAB0,0xAAB0,4},
  {0xAAB2,0xAAB4,4}, {0xAAB7,0xAAB8,4}, {0xAABE,0xAABF,4},
  {0xAAC1,0xAAC1,4}, {0xAAE0,0xAAEA,10}, {0xAAEB,0xAAEF,4},
  {0xAAF2,0xAAF4,10}, {0xAAF5,0xAAF6,4}, {0xAB01,0xAB06,10},
  {0xAB09,0xAB0E,10}, {0xAB11,0xAB16,10}, {0xAB20,0xAB26,10},
  {0xAB28,0xAB2E,10}, {0xAB30,0xAB69,10}, {0xAB70,0xABE2,10},
  {0xABE3,0xABEA,4}, {0xABEC,0xABED,4}, {0xABF0,0xABF9,16},
  {0xAC00,0xD7A3,10}, {0xD7B0,0xD7C6,10}, {0xD7CB,0xD7FB,10},
  {0xFB00,0xFB06,10}, {0xFB13,0xFB17,10}, {0xFB1D,0xFB1D,9},
  {0xFB1E,0xFB1E,4}, {0xFB1F,0xFB28,9}, {0xFB2A,0xFB36,9},
  {0xFB38,0xFB3C,9}, {0xFB3E,0xFB3E,9}, {0xFB40,0xFB41,9},
  {0xFB43,0xFB44,9}, {0xFB46,0xFB4F,9}, {0xFB50,0xFBB1,10},
  {0xFBD3,0xFD3D,10}, {0xFD50,0xFD8F,10}, {0xFD92,0xFDC7,10},
  {0xFDF0,0xFDFB,10}, {0xFE00,0xFE0F,4}, {0xFE13,0xFE13,14},
  {0xFE20,0xFE2F,4}, {0xFE33,0xFE34,17}, {0xFE4D,0xFE4F,17},
  {0xFE50,0xFE50,15}, {0xFE52,0xFE52,13}, {0xFE54,0xFE54,15},
  {0xFE55,0xFE55,14}, {0xFE70,0xFE74,10}, {0xFE76,0xFEFC,10},
  {0xFEFF,0xFEFF,7}, {0xFF07,0xFF07,13}, {0xFF0C,0xFF0C,15},
  {0xFF0E,0xFF0E,13}, {0xFF10,0xFF19,16}, {0xFF1A,0xFF1A,14},
  {0xFF1B,0xFF1B,15}, {0xFF21,0xFF3A,10}, {0xFF3F,0xFF3F,17},
  {0xFF41,0xFF5A,10}, {0xFF66,0xFF9D,8}, {0xFF9E,0xFF9F,4},
  {0xFFA0,0xFFBE,10}, {0xFFC2,0xFFC7,10}, {0xFFCA,0xFFCF,10},
  {0xFFD2,0xFFD7,10}, {0xFFDA,0xFFDC,10}, {0xFFF9,0xFFFB,7},
  {0x10000,0x1000B,10}, {0x1000D,0x10026,10}, {0x10028,0x1003A,10},
  {0x1003C,0x1003D,10}, {0x1003F,0x1004D,10}, {0x10050,0x1005D,10},
  {0x10080,0x100FA,10}, {0x10140,0x10174,10}, {0x101FD,0x101FD,4},
  {0x10280,0x1029C,10}, {0x102A0,0x102D0,10}, {0x102E0,0x102E0,4},
  {0x10300,0x1031F,10}, {0x1032D,0x1034A,10}, {0x10350,0x10375,10},
  {0x10376,0x1037A,4}, {0x10380,0x1039D,10}, {0x103A0,0x103C3,10},
  {0x103C8,0x103CF,10}, {0x103D1,0x103D5,10}, {0x10400,0x1049D,10},
  {0x104A0,0x104A9,16}, {0x104B0,0x104D3,10}, {0x104D8,0x104FB,10},
  {0x10500,0x10527,10}, {0x10530,0x10563,10}, {0x10570,0x1057A,10},
  {0x1057C,0x1058A,10}, {0x1058C,0x10592,10}, {0x10594,0x10595,10},
  {0x10597,0x105A1,10}, {0x105A3,0x105B1,10}, {0x105B3,0x105B9,10},
  {0x105BB,0x105BC,10}, {0x105C0,0x105F3,10}, {0x10600,0x10736,10},
  {0x10740,0x10755,10}, {0x10760,0x10767,10}, {0x10780,0x10785,10},
  {0x10787,0x107B0,10}, {0x107B2,0x107BA,10}, {0x10800,0x10805,10},
  {0x10808,0x10808,10}, {0x1080A,0x10835,10}, {0x10837,0x10838,10},
  {0x1083C,0x1083C,10}, {0x1083F,0x10855,10}, {0x10860,0x10876,10},
  {0x10880,0x1089E,10}, {0x108E0,0x108F2,10}, {0x108F4,0x108F5,10},
  {0x10900,0x10915,10}, {0x10920,0x10939,10}, {0x10940,0x10959,10},
  {0x10980,0x109B7,10}, {0x109BE,0x109BF,10}, {0x10A00,0x10A00,10},
  {0x10A01,0x10A03,4}, {0x10A05,0x10A06,4}, {0x10A0C,0x10A0F,4},
  {0x10A10,0x10A13,10}, {0x10A15,0x10A17,10}, {0x10A19,0x10A35,10},
  {0x10A38,0x10A3A,4}, {0x10A3F,0x10A3F,4}, {0x10A60,0x10A7C,10},
  {0x10A80,0x10A9C,10}, {0x10AC0,0x10AC7,10}, {0x10AC9,0x10AE4,10},
  {0x10AE5,0x10AE6,4}, {0x10B00,0x10B35,10}, {0x10B40,0x10B55,10},
  {0x10B60,0x10B72,10}, {0x10B80,0x10B91,10}, {0x10C00,0x10C48,10},
  {0x10C80,0x10CB2,10}, {0x10CC0,0x10CF2,10}, {0x10D00,0x10D23,10},
  {0x10D24,0x10D27,4}, {0x10D30,0x10D39,16}, {0x10D40,0x10D49,16},
  {0x10D4A,0x10D65,10}, {0x10D69,0x10D6D,4}, {0x10D6F,0x10D85,10},
  {0x10E80,0x10EA9,10}, {0x10EAB,0x10EAC,4}, {0x10EB0,0x10EB1,10},
  {0x10EC2,0x10EC7,10}, {0x10EFA,0x10EFF,4}, {0x10F00,0x10F1C,10},
  {0x10F27,0x10F27,10}, {0x10F30,0x10F45,10}, {0x10F46,0x10F50,4},
  {0x10F70,0x10F81,10}, {0x10F82,0x10F85,4}, {0x10FB0,0x10FC4,10},
  {0x10FE0,0x10FF6,10}, {0x11000,0x11002,4}, {0x11003,0x11037,10},
  {0x11038,0x11046,4}, {0x11066,0x1106F,16}, {0x11070,0x11070,4},
  {0x11071,0x11072,10}, {0x11073,0x11074,4}, {0x11075,0x11075,10},
  {0x1107F,0x11082,4}, {0x11083,0x110AF,10}, {0x110B0,0x110BA,4},
  {0x110BD,0x110BD,16}, {0x110C2,0x110C2,4}, {0x110CD,0x110CD,16},
  {0x110D0,0x110E8,10}, {0x110F0,0x110F9,16}, {0x11100,0x11102,4},
  {0x11103,0x11126,10}, {0x11127,0x11134,4}, {0x11136,0x1113F,16},
  {0x11144,0x11144,10}, {0x11145,0x11146,4}, {0x11147,0x11147,10},
  {0x11150,0x11172,10}, {0x11173,0x11173,4}, {0x11176,0x11176,10},
  {0x11180,0x11182,4}, {0x11183,0x111B2,10}, {0x111B3,0x111C0,4},
  {0x111C1,0x111C4,10}, {0x111C9,0x111CC,4}, {0x111CE,0x111CF,4},
  {0x111D0,0x111D9,16}, {0x111DA,0x111DA,10}, {0x111DC,0x111DC,10},
  {0x11200,0x11211,10}, {0x11213,0x1122B,10}, {0x1122C,0x11237,4},
  {0x1123E,0x1123E,4}, {0x1123F,0x11240,10}, {0x11241,0x11241,4},
  {0x11280,0x11286,10}, {0x11288,0x11288,10}, {0x1128A,0x1128D,10},
  {0x1128F,0x1129D,10}, {0x1129F,0x112A8,10}, {0x112B0,0x112DE,10},
  {0x112DF,0x112EA,4}, {0x112F0,0x112F9,16}, {0x11300,0x11303,4},
  {0x11305,0x1130C,10}, {0x1130F,0x11310,10}, {0x11313,0x11328,10},
  {0x1132A,0x11330,10}, {0x11332,0x11333,10}, {0x11335,0x11339,10},
  {0x1133B,0x1133C,4}, {0x1133D,0x1133D,10}, {0x1133E,0x11344,4},
  {0x11347,0x11348,4}, {0x1134B,0x1134D,4}, {0x11350,0x11350,10},
  {0x11357,0x11357,4}, {0x1135D,0x11361,10}, {0x11362,0x11363,4},
  {0x11366,0x1136C,4}, {0x11370,0x11374,4}, {0x11380,0x11389,10},
  {0x1138B,0x1138B,10}, {0x1138E,0x1138E,10}, {0x11390,0x113B5,10},
  {0x113B7,0x113B7,10}, {0x113B8,0x113C0,4}, {0x113C2,0x113C2,4},
  {0x113C5,0x113C5,4}, {0x113C7,0x113CA,4}, {0x113CC,0x113D0,4},
  {0x113D1,0x113D1,10}, {0x113D2,0x113D2,4}, {0x113D3,0x113D3,10},
  {0x113E1,0x113E2,4}, {0x11400,0x11434,10}, {0x11435,0x11446,4},
  {0x11447,0x1144A,10}, {0x11450,0x11459,16}, {0x1145E,0x1145E,4},
  {0x1145F,0x11461,10}, {0x11480,0x114AF,10}, {0x114B0,0x114C3,4},
  {0x114C4,0x114C5,10}, {0x114C7,0x114C7,10}, {0x114D0,0x114D9,16},
  {0x11580,0x115AE,10}, {0x115AF,0x115B5,4}, {0x115B8,0x115C0,4},
  {0x115D8,0x115DB,10}, {0x115DC,0x115DD,4}, {0x11600,0x1162F,10},
  {0x11630,0x11640,4}, {0x11644,0x11644,10}, {0x11650,0x11659,16},
  {0x11680,0x116AA,10}, {0x116AB,0x116B7,4}, {0x116B8,0x116B8,10},
  {0x116C0,0x116C9,16}, {0x116D0,0x116E3,16}, {0x1171D,0x1172B,4},
  {0x11730,0x11739,16}, {0x11800,0x1182B,10}, {0x1182C,0x1183A,4},
  {0x118A0,0x118DF,10}, {0x118E0,0x118E9,16}, {0x118FF,0x11906,10},
  {0x11909,0x11909,10}, {0x1190C,0x11913,10}, {0x11915,0x11916,10},
  {0x11918,0x1192F,10}, {0x11930,0x11935,4}, {0x11937,0x11938,4},
  {0x1193B,0x1193E,4}, {0x1193F,0x1193F,10}, {0x11940,0x11940,4},
  {0x11941,0x11941,10}, {0x11942,0x11943,4}, {0x11950,0x11959,16},
  {0x119A0,0x119A7,10}, {0x119AA,0x119D0,10}, {0x119D1,0x119D7,4},
  {0x119DA,0x119E0,4}, {0x119E1,0x119E1,10}, {0x119E3,0x119E3,10},
  {0x119E4,0x119E4,4}, {0x11A00,0x11A00,10}, {0x11A01,0x11A0A,4},
  {0x11A0B,0x11A32,10}, {0x11A33,0x11A39,4}, {0x11A3A,0x11A3A,10},
  {0x11A3B,0x11A3E,4}, {0x11A47,0x11A47,4}, {0x11A50,0x11A50,10},
  {0x11A51,0x11A5B,4}, {0x11A5C,0x11A89,10}, {0x11A8A,0x11A99,4},
  {0x11A9D,0x11A9D,10}, {0x11AB0,0x11AF8,10}, {0x11B60,0x11B67,4},
  {0x11BC0,0x11BE0,10}, {0x11BF0,0x11BF9,16}, {0x11C00,0x11C08,10},
  {0x11C0A,0x11C2E,10}, {0x11C2F,0x11C36,4}, {0x11C38,0x11C3F,4},
  {0x11C40,0x11C40,10}, {0x11C50,0x11C59,16}, {0x11C72,0x11C8F,10},
  {0x11C92,0x11CA7,4}, {0x11CA9,0x11CB6,4}, {0x11D00,0x11D06,10},
  {0x11D08,0x11D09,10}, {0x11D0B,0x11D30,10}, {0x11D31,0x11D36,4},
  {0x11D3A,0x11D3A,4}, {0x11D3C,0x11D3D,4}, {0x11D3F,0x11D45,4},
  {0x11D46,0x11D46,10}, {0x11D47,0x11D47,4}, {0x11D50,0x11D59,16},
  {0x11D60,0x11D65,10}, {0x11D67,0x11D68,10}, {0x11D6A,0x11D89,10},
  {0x11D8A,0x11D8E,4}, {0x11D90,0x11D91,4}, {0x11D93,0x11D97,4},
  {0x11D98,0x11D98,10}, {0x11DA0,0x11DA9,16}, {0x11DB0,0x11DDB,10},
  {0x11DE0,0x11DE9,16}, {0x11EE0,0x11EF2,10}, {0x11EF3,0x11EF6,4},
  {0x11F00,0x11F01,4}, {0x11F02,0x11F02,10}, {0x11F03,0x11F03,4},
  {0x11F04,0x11F10,10}, {0x11F12,0x11F33,10}, {0x11F34,0x11F3A,4},
  {0x11F3E,0x11F42,4}, {0x11F50,0x11F59,16}, {0x11F5A,0x11F5A,4},
  {0x11FB0,0x11FB0,10}, {0x12000,0x12399,10}, {0x12400,0x1246E,10},
  {0x12480,0x12543,10}, {0x12F90,0x12FF0,10}, {0x13000,0x1342F,10},
  {0x13430,0x1343F,7}, {0x13440,0x13440,4}, {0x13441,0x13446,10},
  {0x13447,0x13455,4}, {0x13460,0x143FA,10}, {0x14400,0x14646,10},
  {0x16100,0x1611D,10}, {0x1611E,0x1612F,4}, {0x16130,0x16139,16},
  {0x16800,0x16A38,10}, {0x16A40,0x16A5E,10}, {0x16A60,0x16A69,16},
  {0x16A70,0x16ABE,10}, {0x16AC0,0x16AC9,16}, {0x16AD0,0x16AED,10},
  {0x16AF0,0x16AF4,4}, {0x16B00,0x16B2F,10}, {0x16B30,0x16B36,4},
  {0x16B40,0x16B43,10}, {0x16B50,0x16B59,16}, {0x16B63,0x16B77,10},
  {0x16B7D,0x16B8F,10}, {0x16D40,0x16D6C,10}, {0x16D70,0x16D79,16},
  {0x16E40,0x16E7F,10}, {0x16EA0,0x16EB8,10}, {0x16EBB,0x16ED3,10},
  {0x16F00,0x16F4A,10}, {0x16F4F,0x16F4F,4}, {0x16F50,0x16F50,10},
  {0x16F51,0x16F87,4}, {0x16F8F,0x16F92,4}, {0x16F93,0x16F9F,10},
  {0x16FE0,0x16FE1,10}, {0x16FE3,0x16FE3,10}, {0x16FE4,0x16FE4,4},
  {0x16FF0,0x16FF1,4}, {0x1AFF0,0x1AFF3,8}, {0x1AFF5,0x1AFFB,8},
  {0x1AFFD,0x1AFFE,8}, {0x1B000,0x1B000,8}, {0x1B120,0x1B122,8},
  {0x1B155,0x1B155,8}, {0x1B164,0x1B167,8}, {0x1BC00,0x1BC6A,10},
  {0x1BC70,0x1BC7C,10}, {0x1BC80,0x1BC88,10}, {0x1BC90,0x1BC99,10},
  {0x1BC9D,0x1BC9E,4}, {0x1BCA0,0x1BCA3,7}, {0x1CCF0,0x1CCF9,16},
  {0x1CF00,0x1CF2D,4}, {0x1CF30,0x1CF46,4}, {0x1D165,0x1D169,4},
  {0x1D16D,0x1D172,4}, {0x1D173,0x1D17A,7}, {0x1D17B,0x1D182,4},
  {0x1D185,0x1D18B,4}, {0x1D1AA,0x1D1AD,4}, {0x1D242,0x1D244,4},
  {0x1D400,0x1D454,10}, {0x1D456,0x1D49C,10}, {0x1D49E,0x1D49F,10},
  {0x1D4A2,0x1D4A2,10}, {0x1D4A5,0x1D4A6,10}, {0x1D4A9,0x1D4AC,10},
  {0x1D4AE,0x1D4B9,10}, {0x1D4BB,0x1D4BB,10}, {0x1D4BD,0x1D4C3,10},
  {0x1D4C5,0x1D505,10}, {0x1D507,0x1D50A,10}, {0x1D50D,0x1D514,10},
  {0x1D516,0x1D51C,10}, {0x1D51E,0x1D539,10}, {0x1D53B,0x1D53E,10},
  {0x1D540,0x1D544,10}, {0x1D546,0x1D546,10}, {0x1D54A,0x1D550,10},
  {0x1D552,0x1D6A5,10}, {0x1D6A8,0x1D6C0,10}, {0x1D6C2,0x1D6DA,10},
  {0x1D6DC,0x1D6FA,10}, {0x1D6FC,0x1D714,10}, {0x1D716,0x1D734,10},
  {0x1D736,0x1D74E,10}, {0x1D750,0x1D76E,10}, {0x1D770,0x1D788,10},
  {0x1D78A,0x1D7A8,10}, {0x1D7AA,0x1D7C2,10}, {0x1D7C4,0x1D7CB,10},
  {0x1D7CE,0x1D7FF,16}, {0x1DA00,0x1DA36,4}, {0x1DA3B,0x1DA6C,4},
  {0x1DA75,0x1DA75,4}, {0x1DA84,0x1DA84,4}, {0x1DA9B,0x1DA9F,4},
  {0x1DAA1,0x1DAAF,4}, {0x1DF00,0x1DF1E,10}, {0x1DF25,0x1DF2A,10},
  {0x1E000,0x1E006,4}, {0x1E008,0x1E018,4}, {0x1E01B,0x1E021,4},
  {0x1E023,0x1E024,4}, {0x1E026,0x1E02A,4}, {0x1E030,0x1E06D,10},
  {0x1E08F,0x1E08F,4}, {0x1E100,0x1E12C,10}, {0x1E130,0x1E136,4},
  {0x1E137,0x1E13D,10}, {0x1E140,0x1E149,16}, {0x1E14E,0x1E14E,10},
  {0x1E290,0x1E2AD,10}, {0x1E2AE,0x1E2AE,4}, {0x1E2C0,0x1E2EB,10},
  {0x1E2EC,0x1E2EF,4}, {0x1E2F0,0x1E2F9,16}, {0x1E4D0,0x1E4EB,10},
  {0x1E4EC,0x1E4EF,4}, {0x1E4F0,0x1E4F9,16}, {0x1E5D0,0x1E5ED,10},
  {0x1E5EE,0x1E5EF,4}, {0x1E5F0,0x1E5F0,10}, {0x1E5F1,0x1E5FA,16},
  {0x1E6C0,0x1E6DE,10}, {0x1E6E0,0x1E6E2,10}, {0x1E6E3,0x1E6E3,4},
  {0x1E6E4,0x1E6E5,10}, {0x1E6E6,0x1E6E6,4}, {0x1E6E7,0x1E6ED,10},
  {0x1E6EE,0x1E6EF,4}, {0x1E6F0,0x1E6F4,10}, {0x1E6F5,0x1E6F5,4},
  {0x1E6FE,0x1E6FF,10}, {0x1E7E0,0x1E7E6,10}, {0x1E7E8,0x1E7EB,10},
  {0x1E7ED,0x1E7EE,10}, {0x1E7F0,0x1E7FE,10}, {0x1E800,0x1E8C4,10},
  {0x1E8D0,0x1E8D6,4}, {0x1E900,0x1E943,10}, {0x1E944,0x1E94A,4},
  {0x1E94B,0x1E94B,10}, {0x1E950,0x1E959,16}, {0x1EE00,0x1EE03,10},
  {0x1EE05,0x1EE1F,10}, {0x1EE21,0x1EE22,10}, {0x1EE24,0x1EE24,10},
  {0x1EE27,0x1EE27,10}, {0x1EE29,0x1EE32,10}, {0x1EE34,0x1EE37,10},
  {0x1EE39,0x1EE39,10}, {0x1EE3B,0x1EE3B,10}, {0x1EE42,0x1EE42,10},
  {0x1EE47,0x1EE47,10}, {0x1EE49,0x1EE49,10}, {0x1EE4B,0x1EE4B,10},
  {0x1EE4D,0x1EE4F,10}, {0x1EE51,0x1EE52,10}, {0x1EE54,0x1EE54,10},
  {0x1EE57,0x1EE57,10}, {0x1EE59,0x1EE59,10}, {0x1EE5B,0x1EE5B,10},
  {0x1EE5D,0x1EE5D,10}, {0x1EE5F,0x1EE5F,10}, {0x1EE61,0x1EE62,10},
  {0x1EE64,0x1EE64,10}, {0x1EE67,0x1EE6A,10}, {0x1EE6C,0x1EE72,10},
  {0x1EE74,0x1EE77,10}, {0x1EE79,0x1EE7C,10}, {0x1EE7E,0x1EE7E,10},
  {0x1EE80,0x1EE89,10}, {0x1EE8B,0x1EE9B,10}, {0x1EEA1,0x1EEA3,10},
  {0x1EEA5,0x1EEA9,10}, {0x1EEAB,0x1EEBB,10}, {0x1F130,0x1F149,10},
  {0x1F150,0x1F169,10}, {0x1F170,0x1F189,10}, {0x1F1E6,0x1F1FF,6},
  {0x1F3FB,0x1F3FF,4}, {0x1FBF0,0x1FBF9,16}, {0xE0001,0xE0001,7},
  {0xE0020,0xE007F,4}, {0xE0100,0xE01EF,4},
};
const size_t grx_unicode_wb_range_count = 1100;

const GRX_UnicodeBreakRange grx_unicode_sb_ranges[] = {
  {0x0009,0x0009,5}, {0x000A,0x000A,2}, {0x000B,0x000C,5},
  {0x000D,0x000D,1}, {0x0020,0x0020,5}, {0x0021,0x0021,12},
  {0x0022,0x0022,13}, {0x0027,0x0029,13}, {0x002C,0x002D,11},
  {0x002E,0x002E,10}, {0x0030,0x0039,9}, {0x003A,0x003B,11},
  {0x003F,0x003F,12}, {0x0041,0x005A,7}, {0x005B,0x005B,13},
  {0x005D,0x005D,13}, {0x0061,0x007A,6}, {0x007B,0x007B,13},
  {0x007D,0x007D,13}, {0x0085,0x0085,3}, {0x00A0,0x00A0,5},
  {0x00AA,0x00AA,6}, {0x00AB,0x00AB,13}, {0x00AD,0x00AD,4},
  {0x00B5,0x00B5,6}, {0x00BA,0x00BA,6}, {0x00BB,0x00BB,13},
  {0x00C0,0x00D6,7}, {0x00D8,0x00DE,7}, {0x00DF,0x00F6,6},
  {0x00F8,0x00FF,6}, {0x0100,0x0100,7}, {0x0101,0x0101,6},
  {0x0102,0x0102,7}, {0x0103,0x0103,6}, {0x0104,0x0104,7},
  {0x0105,0x0105,6}, {0x0106,0x0106,7}, {0x0107,0x0107,6},
  {0x0108,0x0108,7}, {0x0109,0x0109,6}, {0x010A,0x010A,7},
  {0x010B,0x010B,6}, {0x010C,0x010C,7}, {0x010D,0x010D,6},
  {0x010E,0x010E,7}, {0x010F,0x010F,6}, {0x0110,0x0110,7},
  {0x0111,0x0111,6}, {0x0112,0x0112,7}, {0x0113,0x0113,6},
  {0x0114,0x0114,7}, {0x0115,0x0115,6}, {0x0116,0x0116,7},
  {0x0117,0x0117,6}, {0x0118,0x0118,7}, {0x0119,0x0119,6},
  {0x011A,0x011A,7}, {0x011B,0x011B,6}, {0x011C,0x011C,7},
  {0x011D,0x011D,6}, {0x011E,0x011E,7}, {0x011F,0x011F,6},
  {0x0120,0x0120,7}, {0x0121,0x0121,6}, {0x0122,0x0122,7},
  {0x0123,0x0123,6}, {0x0124,0x0124,7}, {0x0125,0x0125,6},
  {0x0126,0x0126,7}, {0x0127,0x0127,6}, {0x0128,0x0128,7},
  {0x0129,0x0129,6}, {0x012A,0x012A,7}, {0x012B,0x012B,6},
  {0x012C,0x012C,7}, {0x012D,0x012D,6}, {0x012E,0x012E,7},
  {0x012F,0x012F,6}, {0x0130,0x0130,7}, {0x0131,0x0131,6},
  {0x0132,0x0132,7}, {0x0133,0x0133,6}, {0x0134,0x0134,7},
  {0x0135,0x0135,6}, {0x0136,0x0136,7}, {0x0137,0x0138,6},
  {0x0139,0x0139,7}, {0x013A,0x013A,6}, {0x013B,0x013B,7},
  {0x013C,0x013C,6}, {0x013D,0x013D,7}, {0x013E,0x013E,6},
  {0x013F,0x013F,7}, {0x0140,0x0140,6}, {0x0141,0x0141,7},
  {0x0142,0x0142,6}, {0x0143,0x0143,7}, {0x0144,0x0144,6},
  {0x0145,0x0145,7}, {0x0146,0x0146,6}, {0x0147,0x0147,7},
  {0x0148,0x0149,6}, {0x014A,0x014A,7}, {0x014B,0x014B,6},
  {0x014C,0x014C,7}, {0x014D,0x014D,6}, {0x014E,0x014E,7},
  {0x014F,0x014F,6}, {0x0150,0x0150,7}, {0x0151,0x0151,6},
  {0x0152,0x0152,7}, {0x0153,0x0153,6}, {0x0154,0x0154,7},
  {0x0155,0x0155,6}, {0x0156,0x0156,7}, {0x0157,0x0157,6},
  {0x0158,0x0158,7}, {0x0159,0x0159,6}, {0x015A,0x015A,7},
  {0x015B,0x015B,6}, {0x015C,0x015C,7}, {0x015D,0x015D,6},
  {0x015E,0x015E,7}, {0x015F,0x015F,6}, {0x0160,0x0160,7},
  {0x0161,0x0161,6}, {0x0162,0x0162,7}, {0x0163,0x0163,6},
  {0x0164,0x0164,7}, {0x0165,0x0165,6}, {0x0166,0x0166,7},
  {0x0167,0x0167,6}, {0x0168,0x0168,7}, {0x0169,0x0169,6},
  {0x016A,0x016A,7}, {0x016B,0x016B,6}, {0x016C,0x016C,7},
  {0x016D,0x016D,6}, {0x016E,0x016E,7}, {0x016F,0x016F,6},
  {0x0170,0x0170,7}, {0x0171,0x0171,6}, {0x0172,0x0172,7},
  {0x0173,0x0173,6}, {0x0174,0x0174,7}, {0x0175,0x0175,6},
  {0x0176,0x0176,7}, {0x0177,0x0177,6}, {0x0178,0x0179,7},
  {0x017A,0x017A,6}, {0x017B,0x017B,7}, {0x017C,0x017C,6},
  {0x017D,0x017D,7}, {0x017E,0x0180,6}, {0x0181,0x0182,7},
  {0x0183,0x0183,6}, {0x0184,0x0184,7}, {0x0185,0x0185,6},
  {0x0186,0x0187,7}, {0x0188,0x0188,6}, {0x0189,0x018B,7},
  {0x018C,0x018D,6}, {0x018E,0x0191,7}, {0x0192,0x0192,6},
  {0x0193,0x0194,7}, {0x0195,0x0195,6}, {0x0196,0x0198,7},
  {0x0199,0x019B,6}, {0x019C,0x019D,7}, {0x019E,0x019E,6},
  {0x019F,0x01A0,7}, {0x01A1,0x01A1,6}, {0x01A2,0x01A2,7},
  {0x01A3,0x01A3,6}, {0x01A4,0x01A4,7}, {0x01A5,0x01A5,6},
  {0x01A6,0x01A7,7}, {0x01A8,0x01A8,6}, {0x01A9,0x01A9,7},
  {0x01AA,0x01AB,6}, {0x01AC,0x01AC,7}, {0x01AD,0x01AD,6},
  {0x01AE,0x01AF,7}, {0x01B0,0x01B0,6}, {0x01B1,0x01B3,7},
  {0x01B4,0x01B4,6}, {0x01B5,0x01B5,7}, {0x01B6,0x01B6,6},
  {0x01B7,0x01B8,7}, {0x01B9,0x01BA,6}, {0x01BB,0x01BB,8},
  {0x01BC,0x01BC,7}, {0x01BD,0x01BF,6}, {0x01C0,0x01C3,8},
  {0x01C4,0x01C5,7}, {0x01C6,0x01C6,6}, {0x01C7,0x01C8,7},
  {0x01C9,0x01C9,6}, {0x01CA,0x01CB,7}, {0x01CC,0x01CC,6},
  {0x01CD,0x01CD,7}, {0x01CE,0x01CE,6}, {0x01CF,0x01CF,7},
  {0x01D0,0x01D0,6}, {0x01D1,0x01D1,7}, {0x01D2,0x01D2,6},
  {0x01D3,0x01D3,7}, {0x01D4,0x01D4,6}, {0x01D5,0x01D5,7},
  {0x01D6,0x01D6,6}, {0x01D7,0x01D7,7}, {0x01D8,0x01D8,6},
  {0x01D9,0x01D9,7}, {0x01DA,0x01DA,6}, {0x01DB,0x01DB,7},
  {0x01DC,0x01DD,6}, {0x01DE,0x01DE,7}, {0x01DF,0x01DF,6},
  {0x01E0,0x01E0,7}, {0x01E1,0x01E1,6}, {0x01E2,0x01E2,7},
  {0x01E3,0x01E3,6}, {0x01E4,0x01E4,7}, {0x01E5,0x01E5,6},
  {0x01E6,0x01E6,7}, {0x01E7,0x01E7,6}, {0x01E8,0x01E8,7},
  {0x01E9,0x01E9,6}, {0x01EA,0x01EA,7}, {0x01EB,0x01EB,6},
  {0x01EC,0x01EC,7}, {0x01ED,0x01ED,6}, {0x01EE,0x01EE,7},
  {0x01EF,0x01F0,6}, {0x01F1,0x01F2,7}, {0x01F3,0x01F3,6},
  {0x01F4,0x01F4,7}, {0x01F5,0x01F5,6}, {0x01F6,0x01F8,7},
  {0x01F9,0x01F9,6}, {0x01FA,0x01FA,7}, {0x01FB,0x01FB,6},
  {0x01FC,0x01FC,7}, {0x01FD,0x01FD,6}, {0x01FE,0x01FE,7},
  {0x01FF,0x01FF,6}, {0x0200,0x0200,7}, {0x0201,0x0201,6},
  {0x0202,0x0202,7}, {0x0203,0x0203,6}, {0x0204,0x0204,7},
  {0x0205,0x0205,6}, {0x0206,0x0206,7}, {0x0207,0x0207,6},
  {0x0208,0x0208,7}, {0x0209,0x0209,6}, {0x020A,0x020A,7},
  {0x020B,0x020B,6}, {0x020C,0x020C,7}, {0x020D,0x020D,6},
  {0x020E,0x020E,7}, {0x020F,0x020F,6}, {0x0210,0x0210,7},
  {0x0211,0x0211,6}, {0x0212,0x0212,7}, {0x0213,0x0213,6},
  {0x0214,0x0214,7}, {0x0215,0x0215,6}, {0x0216,0x0216,7},
  {0x0217,0x0217,6}, {0x0218,0x0218,7}, {0x0219,0x0219,6},
  {0x021A,0x021A,7}, {0x021B,0x021B,6}, {0x021C,0x021C,7},
  {0x021D,0x021D,6}, {0x021E,0x021E,7}, {0x021F,0x021F,6},
  {0x0220,0x0220,7}, {0x0221,0x0221,6}, {0x0222,0x0222,7},
  {0x0223,0x0223,6}, {0x0224,0x0224,7}, {0x0225,0x0225,6},
  {0x0226,0x0226,7}, {0x0227,0x0227,6}, {0x0228,0x0228,7},
  {0x0229,0x0229,6}, {0x022A,0x022A,7}, {0x022B,0x022B,6},
  {0x022C,0x022C,7}, {0x022D,0x022D,6}, {0x022E,0x022E,7},
  {0x022F,0x022F,6}, {0x0230,0x0230,7}, {0x0231,0x0231,6},
  {0x0232,0x0232,7}, {0x0233,0x0239,6}, {0x023A,0x023B,7},
  {0x023C,0x023C,6}, {0x023D,0x023E,7}, {0x023F,0x0240,6},
  {0x0241,0x0241,7}, {0x0242,0x0242,6}, {0x0243,0x0246,7},
  {0x0247,0x0247,6}, {0x0248,0x0248,7}, {0x0249,0x0249,6},
  {0x024A,0x024A,7}, {0x024B,0x024B,6}, {0x024C,0x024C,7},
  {0x024D,0x024D,6}, {0x024E,0x024E,7}, {0x024F,0x0293,6},
  {0x0294,0x0295,8}, {0x0296,0x02B8,6}, {0x02B9,0x02BF,8},
  {0x02C0,0x02C1,6}, {0x02C6,0x02D1,8}, {0x02E0,0x02E4,6},
  {0x02EC,0x02EC,8}, {0x02EE,0x02EE,8}, {0x0300,0x036F,14},
  {0x0370,0x0370,7}, {0x0371,0x0371,6}, {0x0372,0x0372,7},
  {0x0373,0x0373,6}, {0x0374,0x0374,8}, {0x0376,0x0376,7},
  {0x0377,0x0377,6}, {0x037A,0x037D,6}, {0x037E,0x037E,11},
  {0x037F,0x037F,7}, {0x0386,0x0386,7}, {0x0388,0x038A,7},
  {0x038C,0x038C,7}, {0x038E,0x038F,7}, {0x0390,0x0390,6},
  {0x0391,0x03A1,7}, {0x03A3,0x03AB,7}, {0x03AC,0x03CE,6},
  {0x03CF,0x03CF,7}, {0x03D0,0x03D1,6}, {0x03D2,0x03D4,7},
  {0x03D5,0x03D7,6}, {0x03D8,0x03D8,7}, {0x03D9,0x03D9,6},
  {0x03DA,0x03DA,7}, {0x03DB,0x03DB,6}, {0x03DC,0x03DC,7},
  {0x03DD,0x03DD,6}, {0x03DE,0x03DE,7}, {0x03DF,0x03DF,6},
  {0x03E0,0x03E0,7}, {0x03E1,0x03E1,6}, {0x03E2,0x03E2,7},
  {0x03E3,0x03E3,6}, {0x03E4,0x03E4,7}, {0x03E5,0x03E5,6},
  {0x03E6,0x03E6,7}, {0x03E7,0x03E7,6}, {0x03E8,0x03E8,7},
  {0x03E9,0x03E9,6}, {0x03EA,0x03EA,7}, {0x03EB,0x03EB,6},
  {0x03EC,0x03EC,7}, {0x03ED,0x03ED,6}, {0x03EE,0x03EE,7},
  {0x03EF,0x03F3,6}, {0x03F4,0x03F4,7}, {0x03F5,0x03F5,6},
  {0x03F7,0x03F7,7}, {0x03F8,0x03F8,6}, {0x03F9,0x03FA,7},
  {0x03FB,0x03FC,6}, {0x03FD,0x042F,7}, {0x0430,0x045F,6},
  {0x0460,0x0460,7}, {0x0461,0x0461,6}, {0x0462,0x0462,7},
  {0x0463,0x0463,6}, {0x0464,0x0464,7}, {0x0465,0x0465,6},
  {0x0466,0x0466,7}, {0x0467,0x0467,6}, {0x0468,0x0468,7},
  {0x0469,0x0469,6}, {0x046A,0x046A,7}, {0x046B,0x046B,6},
  {0x046C,0x046C,7}, {0x046D,0x046D,6}, {0x046E,0x046E,7},
  {0x046F,0x046F,6}, {0x0470,0x0470,7}, {0x0471,0x0471,6},
  {0x0472,0x0472,7}, {0x0473,0x0473,6}, {0x0474,0x0474,7},
  {0x0475,0x0475,6}, {0x0476,0x0476,7}, {0x0477,0x0477,6},
  {0x0478,0x0478,7}, {0x0479,0x0479,6}, {0x047A,0x047A,7},
  {0x047B,0x047B,6}, {0x047C,0x047C,7}, {0x047D,0x047D,6},
  {0x047E,0x047E,7}, {0x047F,0x047F,6}, {0x0480,0x0480,7},
  {0x0481,0x0481,6}, {0x0483,0x0489,14}, {0x048A,0x048A,7},
  {0x048B,0x048B,6}, {0x048C,0x048C,7}, {0x048D,0x048D,6},
  {0x048E,0x048E,7}, {0x048F,0x048F,6}, {0x0490,0x0490,7},
  {0x0491,0x0491,6}, {0x0492,0x0492,7}, {0x0493,0x0493,6},
  {0x0494,0x0494,7}, {0x0495,0x0495,6}, {0x0496,0x0496,7},
  {0x0497,0x0497,6}, {0x0498,0x0498,7}, {0x0499,0x0499,6},
  {0x049A,0x049A,7}, {0x049B,0x049B,6}, {0x049C,0x049C,7},
  {0x049D,0x049D,6}, {0x049E,0x049E,7}, {0x049F,0x049F,6},
  {0x04A0,0x04A0,7}, {0x04A1,0x04A1,6}, {0x04A2,0x04A2,7},
  {0x04A3,0x04A3,6}, {0x04A4,0x04A4,7}, {0x04A5,0x04A5,6},
  {0x04A6,0x04A6,7}, {0x04A7,0x04A7,6}, {0x04A8,0x04A8,7},
  {0x04A9,0x04A9,6}, {0x04AA,0x04AA,7}, {0x04AB,0x04AB,6},
  {0x04AC,0x04AC,7}, {0x04AD,0x04AD,6}, {0x04AE,0x04AE,7},
  {0x04AF,0x04AF,6}, {0x04B0,0x04B0,7}, {0x04B1,0x04B1,6},
  {0x04B2,0x04B2,7}, {0x04B3,0x04B3,6}, {0x04B4,0x04B4,7},
  {0x04B5,0x04B5,6}, {0x04B6,0x04B6,7}, {0x04B7,0x04B7,6},
  {0x04B8,0x04B8,7}, {0x04B9,0x04B9,6}, {0x04BA,0x04BA,7},
  {0x04BB,0x04BB,6}, {0x04BC,0x04BC,7}, {0x04BD,0x04BD,6},
  {0x04BE,0x04BE,7}, {0x04BF,0x04BF,6}, {0x04C0,0x04C1,7},
  {0x04C2,0x04C2,6}, {0x04C3,0x04C3,7}, {0x04C4,0x04C4,6},
  {0x04C5,0x04C5,7}, {0x04C6,0x04C6,6}, {0x04C7,0x04C7,7},
  {0x04C8,0x04C8,6}, {0x04C9,0x04C9,7}, {0x04CA,0x04CA,6},
  {0x04CB,0x04CB,7}, {0x04CC,0x04CC,6}, {0x04CD,0x04CD,7},
  {0x04CE,0x04CF,6}, {0x04D0,0x04D0,7}, {0x04D1,0x04D1,6},
  {0x04D2,0x04D2,7}, {0x04D3,0x04D3,6}, {0x04D4,0x04D4,7},
  {0x04D5,0x04D5,6}, {0x04D6,0x04D6,7}, {0x04D7,0x04D7,6},
  {0x04D8,0x04D8,7}, {0x04D9,0x04D9,6}, {0x04DA,0x04DA,7},
  {0x04DB,0x04DB,6}, {0x04DC,0x04DC,7}, {0x04DD,0x04DD,6},
  {0x04DE,0x04DE,7}, {0x04DF,0x04DF,6}, {0x04E0,0x04E0,7},
  {0x04E1,0x04E1,6}, {0x04E2,0x04E2,7}, {0x04E3,0x04E3,6},
  {0x04E4,0x04E4,7}, {0x04E5,0x04E5,6}, {0x04E6,0x04E6,7},
  {0x04E7,0x04E7,6}, {0x04E8,0x04E8,7}, {0x04E9,0x04E9,6},
  {0x04EA,0x04EA,7}, {0x04EB,0x04EB,6}, {0x04EC,0x04EC,7},
  {0x04ED,0x04ED,6}, {0x04EE,0x04EE,7}, {0x04EF,0x04EF,6},
  {0x04F0,0x04F0,7}, {0x04F1,0x04F1,6}, {0x04F2,0x04F2,7},
  {0x04F3,0x04F3,6}, {0x04F4,0x04F4,7}, {0x04F5,0x04F5,6},
  {0x04F6,0x04F6,7}, {0x04F7,0x04F7,6}, {0x04F8,0x04F8,7},
  {0x04F9,0x04F9,6}, {0x04FA,0x04FA,7}, {0x04FB,0x04FB,6},
  {0x04FC,0x04FC,7}, {0x04FD,0x04FD,6}, {0x04FE,0x04FE,7},
  {0x04FF,0x04FF,6}, {0x0500,0x0500,7}, {0x0501,0x0501,6},
  {0x0502,0x0502,7}, {0x0503,0x0503,6}, {0x0504,0x0504,7},
  {0x0505,0x0505,6}, {0x0506,0x0506,7}, {0x0507,0x0507,6},
  {0x0508,0x0508,7}, {0x0509,0x0509,6}, {0x050A,0x050A,7},
  {0x050B,0x050B,6}, {0x050C,0x050C,7}, {0x050D,0x050D,6},
  {0x050E,0x050E,7}, {0x050F,0x050F,6}, {0x0510,0x0510,7},
  {0x0511,0x0511,6}, {0x0512,0x0512,7}, {0x0513,0x0513,6},
  {0x0514,0x0514,7}, {0x0515,0x0515,6}, {0x0516,0x0516,7},
  {0x0517,0x0517,6}, {0x0518,0x0518,7}, {0x0519,0x0519,6},
  {0x051A,0x051A,7}, {0x051B,0x051B,6}, {0x051C,0x051C,7},
  {0x051D,0x051D,6}, {0x051E,0x051E,7}, {0x051F,0x051F,6},
  {0x0520,0x0520,7}, {0x0521,0x0521,6}, {0x0522,0x0522,7},
  {0x0523,0x0523,6}, {0x0524,0x0524,7}, {0x0525,0x0525,6},
  {0x0526,0x0526,7}, {0x0527,0x0527,6}, {0x0528,0x0528,7},
  {0x0529,0x0529,6}, {0x052A,0x052A,7}, {0x052B,0x052B,6},
  {0x052C,0x052C,7}, {0x052D,0x052D,6}, {0x052E,0x052E,7},
  {0x052F,0x052F,6}, {0x0531,0x0556,7}, {0x0559,0x0559,8},
  {0x055D,0x055D,11}, {0x0560,0x0588,6}, {0x0589,0x0589,12},
  {0x0591,0x05BD,14}, {0x05BF,0x05BF,14}, {0x05C1,0x05C2,14},
  {0x05C4,0x05C5,14}, {0x05C7,0x05C7,14}, {0x05D0,0x05EA,8},
  {0x05EF,0x05F3,8}, {0x0600,0x0605,9}, {0x060C,0x060D,11},
  {0x0610,0x061A,14}, {0x061C,0x061C,4}, {0x061D,0x061F,12},
  {0x0620,0x064A,8}, {0x064B,0x065F,14}, {0x0660,0x0669,9},
  {0x066B,0x066C,9}, {0x066E,0x066F,8}, {0x0670,0x0670,14},
  {0x0671,0x06D3,8}, {0x06D4,0x06D4,12}, {0x06D5,0x06D5,8},
  {0x06D6,0x06DC,14}, {0x06DD,0x06DD,9}, {0x06DF,0x06E4,14},
  {0x06E5,0x06E6,8}, {0x06E7,0x06E8,14}, {0x06EA,0x06ED,14},
  {0x06EE,0x06EF,8}, {0x06F0,0x06F9,9}, {0x06FA,0x06FC,8},
  {0x06FF,0x06FF,8}, {0x0700,0x0702,12}, {0x070F,0x070F,4},
  {0x0710,0x0710,8}, {0x0711,0x0711,14}, {0x0712,0x072F,8},
  {0x0730,0x074A,14}, {0x074D,0x07A5,8}, {0x07A6,0x07B0,14},
  {0x07B1,0x07B1,8}, {0x07C0,0x07C9,9}, {0x07CA,0x07EA,8},
  {0x07EB,0x07F3,14}, {0x07F4,0x07F5,8}, {0x07F8,0x07F8,11},
  {0x07F9,0x07F9,12}, {0x07FA,0x07FA,8}, {0x07FD,0x07FD,14},
  {0x0800,0x0815,8}, {0x0816,0x0819,14}, {0x081A,0x081A,8},
  {0x081B,0x0823,14}, {0x0824,0x0824,8}, {0x0825,0x0827,14},
  {0x0828,0x0828,8}, {0x0829,0x082D,14}, {0x0837,0x0837,12},
  {0x0839,0x0839,12}, {0x083D,0x083E,12}, {0x0840,0x0858,8},
  {0x0859,0x085B,14}, {0x0860,0x086A,8}, {0x0870,0x0887,8},
  {0x0889,0x088F,8}, {0x0890,0x0891,9}, {0x0897,0x089F,14},
  {0x08A0,0x08C9,8}, {0x08CA,0x08E1,14}, {0x08E2,0x08E2,9},
  {0x08E3,0x0903,14}, {0x0904,0x0939,8}, {0x093A,0x093C,14},
  {0x093D,0x093D,8}, {0x093E,0x094F,14}, {0x0950,0x0950,8},
  {0x0951,0x0957,14}, {0x0958,0x0961,8}, {0x0962,0x0963,14},
  {0x0964,0x0965,12}, {0x0966,0x096F,9}, {0x0971,0x0980,8},
  {0x0981,0x0983,14}, {0x0985,0x098C,8}, {0x098F,0x0990,8},
  {0x0993,0x09A8,8}, {0x09AA,0x09B0,8}, {0x09B2,0x09B2,8},
  {0x09B6,0x09B9,8}, {0x09BC,0x09BC,14}, {0x09BD,0x09BD,8},
  {0x09BE,0x09C4,14}, {0x09C7,0x09C8,14}, {0x09CB,0x09CD,14},
  {0x09CE,0x09CE,8}, {0x09D7,0x09D7,14}, {0x09DC,0x09DD,8},
  {0x09DF,0x09E1,8}, {0x09E2,0x09E3,14}, {0x09E6,0x09EF,9},
  {0x09F0,0x09F1,8}, {0x09FC,0x09FC,8}, {0x09FE,0x09FE,14},
  {0x0A01,0x0A03,14}, {0x0A05,0x0A0A,8}, {0x0A0F,0x0A10,8},
  {0x0A13,0x0A28,8}, {0x0A2A,0x0A30,8}, {0x0A32,0x0A33,8},
  {0x0A35,0x0A36,8}, {0x0A38,0x0A39,8}, {0x0A3C,0x0A3C,14},
  {0x0A3E,0x0A42,14}, {0x0A47,0x0A48,14}, {0x0A4B,0x0A4D,14},
  {0x0A51,0x0A51,14}, {0x0A59,0x0A5C,8}, {0x0A5E,0x0A5E,8},
  {0x0A66,0x0A6F,9}, {0x0A70,0x0A71,14}, {0x0A72,0x0A74,8},
  {0x0A75,0x0A75,14}, {0x0A81,0x0A83,14}, {0x0A85,0x0A8D,8},
  {0x0A8F,0x0A91,8}, {0x0A93,0x0AA8,8}, {0x0AAA,0x0AB0,8},
  {0x0AB2,0x0AB3,8}, {0x0AB5,0x0AB9,8}, {0x0ABC,0x0ABC,14},
  {0x0ABD,0x0ABD,8}, {0x0ABE,0x0AC5,14}, {0x0AC7,0x0AC9,14},
  {0x0ACB,0x0ACD,14}, {0x0AD0,0x0AD0,8}, {0x0AE0,0x0AE1,8},
  {0x0AE2,0x0AE3,14}, {0x0AE6,0x0AEF,9}, {0x0AF9,0x0AF9,8},
  {0x0AFA,0x0AFF,14}, {0x0B01,0x0B03,14}, {0x0B05,0x0B0C,8},
  {0x0B0F,0x0B10,8}, {0x0B13,0x0B28,8}, {0x0B2A,0x0B30,8},
  {0x0B32,0x0B33,8}, {0x0B35,0x0B39,8}, {0x0B3C,0x0B3C,14},
  {0x0B3D,0x0B3D,8}, {0x0B3E,0x0B44,14}, {0x0B47,0x0B48,14},
  {0x0B4B,0x0B4D,14}, {0x0B55,0x0B57,14}, {0x0B5C,0x0B5D,8},
  {0x0B5F,0x0B61,8}, {0x0B62,0x0B63,14}, {0x0B66,0x0B6F,9},
  {0x0B71,0x0B71,8}, {0x0B82,0x0B82,14}, {0x0B83,0x0B83,8},
  {0x0B85,0x0B8A,8}, {0x0B8E,0x0B90,8}, {0x0B92,0x0B95,8},
  {0x0B99,0x0B9A,8}, {0x0B9C,0x0B9C,8}, {0x0B9E,0x0B9F,8},
  {0x0BA3,0x0BA4,8}, {0x0BA8,0x0BAA,8}, {0x0BAE,0x0BB9,8},
  {0x0BBE,0x0BC2,14}, {0x0BC6,0x0BC8,14}, {0x0BCA,0x0BCD,14},
  {0x0BD0,0x0BD0,8}, {0x0BD7,0x0BD7,14}, {0x0BE6,0x0BEF,9},
  {0x0C00,0x0C04,14}, {0x0C05,0x0C0C,8}, {0x0C0E,0x0C10,8},
  {0x0C12,0x0C28,8}, {0x0C2A,0x0C39,8}, {0x0C3C,0x0C3C,14},
  {0x0C3D,0x0C3D,8}, {0x0C3E,0x0C44,14}, {0x0C46,0x0C48,14},
  {0x0C4A,0x0C4D,14}, {0x0C55,0x0C56,14}, {0x0C58,0x0C5A,8},
  {0x0C5C,0x0C5D,8}, {0x0C60,0x0C61,8}, {0x0C62,0x0C63,14},
  {0x0C66,0x0C6F,9}, {0x0C80,0x0C80,8}, {0x0C81,0x0C83,14},
  {0x0C85,0x0C8C,8}, {0x0C8E,0x0C90,8}, {0x0C92,0x0CA8,8},
  {0x0CAA,0x0CB3,8}, {0x0CB5,0x0CB9,8}, {0x0CBC,0x0CBC,14},
  {0x0CBD,0x0CBD,8}, {0x0CBE,0x0CC4,14}, {0x0CC6,0x0CC8,14},
  {0x0CCA,0x0CCD,14}, {0x0CD5,0x0CD6,14}, {0x0CDC,0x0CDE,8},
  {0x0CE0,0x0CE1,8}, {0x0CE2,0x0CE3,14}, {0x0CE6,0x0CEF,9},
  {0x0CF1,0x0CF2,8}, {0x0CF3,0x0CF3,14}, {0x0D00,0x0D03,14},
  {0x0D04,0x0D0C,8}, {0x0D0E,0x0D10,8}, {0x0D12,0x0D3A,8},
  {0x0D3B,0x0D3C,14}, {0x0D3D,0x0D3D,8}, {0x0D3E,0x0D44,14},
  {0x0D46,0x0D48,14}, {0x0D4A,0x0D4D,14}, {0x0D4E,0x0D4E,8},
  {0x0D54,0x0D56,8}, {0x0D57,0x0D57,14}, {0x0D5F,0x0D61,8},
  {0x0D62,0x0D63,14}, {0x0D66,0x0D6F,9}, {0x0D7A,0x0D7F,8},
  {0x0D81,0x0D83,14}, {0x0D85,0x0D96,8}, {0x0D9A,0x0DB1,8},
  {0x0DB3,0x0DBB,8}, {0x0DBD,0x0DBD,8}, {0x0DC0,0x0DC6,8},
  {0x0DCA,0x0DCA,14}, {0x0DCF,0x0DD4,14}, {0x0DD6,0x0DD6,14},
  {0x0DD8,0x0DDF,14}, {0x0DE6,0x0DEF,9}, {0x0DF2,0x0DF3,14},
  {0x0E01,0x0E30,8}, {0x0E31,0x0E31,14}, {0x0E32,0x0E33,8},
  {0x0E34,0x0E3A,14}, {0x0E40,0x0E46,8}, {0x0E47,0x0E4E,14},
  {0x0E50,0x0E59,9}, {0x0E81,0x0E82,8}, {0x0E84,0x0E84,8},
  {0x0E86,0x0E8A,8}, {0x0E8C,0x0EA3,8}, {0x0EA5,0x0EA5,8},
  {0x0EA7,0x0EB0,8}, {0x0EB1,0x0EB1,14}, {0x0EB2,0x0EB3,8},
  {0x0EB4,0x0EBC,14}, {0x0EBD,0x0EBD,8}, {0x0EC0,0x0EC4,8},
  {0x0EC6,0x0EC6,8}, {0x0EC8,0x0ECE,14}, {0x0ED0,0x0ED9,9},
  {0x0EDC,0x0EDF,8}, {0x0F00,0x0F00,8}, {0x0F18,0x0F19,14},
  {0x0F20,0x0F29,9}, {0x0F35,0x0F35,14}, {0x0F37,0x0F37,14},
  {0x0F39,0x0F39,14}, {0x0F3A,0x0F3D,13}, {0x0F3E,0x0F3F,14},
  {0x0F40,0x0F47,8}, {0x0F49,0x0F6C,8}, {0x0F71,0x0F84,14},
  {0x0F86,0x0F87,14}, {0x0F88,0x0F8C,8}, {0x0F8D,0x0F97,14},
  {0x0F99,0x0FBC,14}, {0x0FC6,0x0FC6,14}, {0x1000,0x102A,8},
  {0x102B,0x103E,14}, {0x103F,0x103F,8}, {0x1040,0x1049,9},
  {0x104A,0x104B,12}, {0x1050,0x1055,8}, {0x1056,0x1059,14},
  {0x105A,0x105D,8}, {0x105E,0x1060,14}, {0x1061,0x1061,8},
  {0x1062,0x1064,14}, {0x1065,0x1066,8}, {0x1067,0x106D,14},
  {0x106E,0x1070,8}, {0x1071,0x1074,14}, {0x1075,0x1081,8},
  {0x1082,0x108D,14}, {0x108E,0x108E,8}, {0x108F,0x108F,14},
  {0x1090,0x1099,9}, {0x109A,0x109D,14}, {0x10A0,0x10C5,7},
  {0x10C7,0x10C7,7}, {0x10CD,0x10CD,7}, {0x10D0,0x10FA,8},
  {0x10FC,0x10FC,6}, {0x10FD,0x1248,8}, {0x124A,0x124D,8},
  {0x1250,0x1256,8}, {0x1258,0x1258,8}, {0x125A,0x125D,8},
  {0x1260,0x1288,8}, {0x128A,0x128D,8}, {0x1290,0x12B0,8},
  {0x12B2,0x12B5,8}, {0x12B8,0x12BE,8}, {0x12C0,0x12C0,8},
  {0x12C2,0x12C5,8}, {0x12C8,0x12D6,8}, {0x12D8,0x1310,8},
  {0x1312,0x1315,8}, {0x1318,0x135A,8}, {0x135D,0x135F,14},
  {0x1362,0x1362,12}, {0x1367,0x1368,12}, {0x1380,0x138F,8},
  {0x13A0,0x13F5,7}, {0x13F8,0x13FD,6}, {0x1401,0x166C,8},
  {0x166E,0x166E,12}, {0x166F,0x167F,8}, {0x1680,0x1680,5},
  {0x1681,0x169A,8}, {0x169B,0x169C,13}, {0x16A0,0x16EA,8},
  {0x16EE,0x16F8,8}, {0x1700,0x1711,8}, {0x1712,0x1715,14},
  {0x171F,0x1731,8}, {0x1732,0x1734,14}, {0x1735,0x1736,12},
  {0x1740,0x1751,8}, {0x1752,0x1753,14}, {0x1760,0x176C,8},
  {0x176E,0x1770,8}, {0x1772,0x1773,14}, {0x1780,0x17B3,8},
  {0x17B4,0x17D3,14}, {0x17D4,0x17D5,12}, {0x17D7,0x17D7,8},
  {0x17DC,0x17DC,8}, {0x17DD,0x17DD,14}, {0x17E0,0x17E9,9},
  {0x1802,0x1802,11}, {0x1803,0x1803,12}, {0x1808,0x1808,11},
  {0x1809,0x1809,12}, {0x180B,0x180D,14}, {0x180E,0x180E,4},
  {0x180F,0x180F,14}, {0x1810,0x1819,9}, {0x1820,0x1878,8},
  {0x1880,0x1884,8}, {0x1885,0x1886,14}, {0x1887,0x18A8,8},
  {0x18A9,0x18A9,14}, {0x18AA,0x18AA,8}, {0x18B0,0x18F5,8},
  {0x1900,0x191E,8}, {0x1920,0x192B,14}, {0x1930,0x193B,14},
  {0x1944,0x1945,12}, {0x1946,0x194F,9}, {0x1950,0x196D,8},
  {0x1970,0x1974,8}, {0x1980,0x19AB,8}, {0x19B0,0x19C9,8},
  {0x19D0,0x19DA,9}, {0x1A00,0x1A16,8}, {0x1A17,0x1A1B,14},
  {0x1A20,0x1A54,8}, {0x1A55,0x1A5E,14}, {0x1A60,0x1A7C,14},
  {0x1A7F,0x1A7F,14}, {0x1A80,0x1A89,9}, {0x1A90,0x1A99,9},
  {0x1AA7,0x1AA7,8}, {0x1AA8,0x1AAB,12}, {0x1AB0,0x1ADD,14},
  {0x1AE0,0x1AEB,14}, {0x1B00,0x1B04,14}, {0x1B05,0x1B33,8},
  {0x1B34,0x1B44,14}, {0x1B45,0x1B4C,8}, {0x1B4E,0x1B4F,12},
  {0x1B50,0x1B59,9}, {0x1B5A,0x1B5B,12}, {0x1B5E,0x1B5F,12},
  {0x1B6B,0x1B73,14}, {0x1B7D,0x1B7F,12}, {0x1B80,0x1B82,14},
  {0x1B83,0x1BA0,8}, {0x1BA1,0x1BAD,14}, {0x1BAE,0x1BAF,8},
  {0x1BB0,0x1BB9,9}, {0x1BBA,0x1BE5,8}, {0x1BE6,0x1BF3,14},
  {0x1C00,0x1C23,8}, {0x1C24,0x1C37,14}, {0x1C3B,0x1C3C,12},
  {0x1C40,0x1C49,9}, {0x1C4D,0x1C4F,8}, {0x1C50,0x1C59,9},
  {0x1C5A,0x1C7D,8}, {0x1C7E,0x1C7F,12}, {0x1C80,0x1C88,6},
  {0x1C89,0x1C89,7}, {0x1C8A,0x1C8A,6}, {0x1C90,0x1CBA,8},
  {0x1CBD,0x1CBF,8}, {0x1CD0,0x1CD2,14}, {0x1CD4,0x1CE8,14},
  {0x1CE9,0x1CEC,8}, {0x1CED,0x1CED,14}, {0x1CEE,0x1CF3,8},
  {0x1CF4,0x1CF4,14}, {0x1CF5,0x1CF6,8}, {0x1CF7,0x1CF9,14},
  {0x1CFA,0x1CFA,8}, {0x1D00,0x1DBF,6}, {0x1DC0,0x1DFF,14},
  {0x1E00,0x1E00,7}, {0x1E01,0x1E01,6}, {0x1E02,0x1E02,7},
  {0x1E03,0x1E03,6}, {0x1E04,0x1E04,7}, {0x1E05,0x1E05,6},
  {0x1E06,0x1E06,7}, {0x1E07,0x1E07,6}, {0x1E08,0x1E08,7},
  {0x1E09,0x1E09,6}, {0x1E0A,0x1E0A,7}, {0x1E0B,0x1E0B,6},
  {0x1E0C,0x1E0C,7}, {0x1E0D,0x1E0D,6}, {0x1E0E,0x1E0E,7},
  {0x1E0F,0x1E0F,6}, {0x1E10,0x1E10,7}, {0x1E11,0x1E11,6},
  {0x1E12,0x1E12,7}, {0x1E13,0x1E13,6}, {0x1E14,0x1E14,7},
  {0x1E15,0x1E15,6}, {0x1E16,0x1E16,7}, {0x1E17,0x1E17,6},
  {0x1E18,0x1E18,7}, {0x1E19,0x1E19,6}, {0x1E1A,0x1E1A,7},
  {0x1E1B,0x1E1B,6}, {0x1E1C,0x1E1C,7}, {0x1E1D,0x1E1D,6},
  {0x1E1E,0x1E1E,7}, {0x1E1F,0x1E1F,6}, {0x1E20,0x1E20,7},
  {0x1E21,0x1E21,6}, {0x1E22,0x1E22,7}, {0x1E23,0x1E23,6},
  {0x1E24,0x1E24,7}, {0x1E25,0x1E25,6}, {0x1E26,0x1E26,7},
  {0x1E27,0x1E27,6}, {0x1E28,0x1E28,7}, {0x1E29,0x1E29,6},
  {0x1E2A,0x1E2A,7}, {0x1E2B,0x1E2B,6}, {0x1E2C,0x1E2C,7},
  {0x1E2D,0x1E2D,6}, {0x1E2E,0x1E2E,7}, {0x1E2F,0x1E2F,6},
  {0x1E30,0x1E30,7}, {0x1E31,0x1E31,6}, {0x1E32,0x1E32,7},
  {0x1E33,0x1E33,6}, {0x1E34,0x1E34,7}, {0x1E35,0x1E35,6},
  {0x1E36,0x1E36,7}, {0x1E37,0x1E37,6}, {0x1E38,0x1E38,7},
  {0x1E39,0x1E39,6}, {0x1E3A,0x1E3A,7}, {0x1E3B,0x1E3B,6},
  {0x1E3C,0x1E3C,7}, {0x1E3D,0x1E3D,6}, {0x1E3E,0x1E3E,7},
  {0x1E3F,0x1E3F,6}, {0x1E40,0x1E40,7}, {0x1E41,0x1E41,6},
  {0x1E42,0x1E42,7}, {0x1E43,0x1E43,6}, {0x1E44,0x1E44,7},
  {0x1E45,0x1E45,6}, {0x1E46,0x1E46,7}, {0x1E47,0x1E47,6},
  {0x1E48,0x1E48,7}, {0x1E49,0x1E49,6}, {0x1E4A,0x1E4A,7},
  {0x1E4B,0x1E4B,6}, {0x1E4C,0x1E4C,7}, {0x1E4D,0x1E4D,6},
  {0x1E4E,0x1E4E,7}, {0x1E4F,0x1E4F,6}, {0x1E50,0x1E50,7},
  {0x1E51,0x1E51,6}, {0x1E52,0x1E52,7}, {0x1E53,0x1E53,6},
  {0x1E54,0x1E54,7}, {0x1E55,0x1E55,6}, {0x1E56,0x1E56,7},
  {0x1E57,0x1E57,6}, {0x1E58,0x1E58,7}, {0x1E59,0x1E59,6},
  {0x1E5A,0x1E5A,7}, {0x1E5B,0x1E5B,6}, {0x1E5C,0x1E5C,7},
  {0x1E5D,0x1E5D,6}, {0x1E5E,0x1E5E,7}, {0x1E5F,0x1E5F,6},
  {0x1E60,0x1E60,7}, {0x1E61,0x1E61,6}, {0x1E62,0x1E62,7},
  {0x1E63,0x1E63,6}, {0x1E64,0x1E64,7}, {0x1E65,0x1E65,6},
  {0x1E66,0x1E66,7}, {0x1E67,0x1E67,6}, {0x1E68,0x1E68,7},
  {0x1E69,0x1E69,6}, {0x1E6A,0x1E6A,7}, {0x1E6B,0x1E6B,6},
  {0x1E6C,0x1E6C,7}, {0x1E6D,0x1E6D,6}, {0x1E6E,0x1E6E,7},
  {0x1E6F,0x1E6F,6}, {0x1E70,0x1E70,7}, {0x1E71,0x1E71,6},
  {0x1E72,0x1E72,7}, {0x1E73,0x1E73,6}, {0x1E74,0x1E74,7},
  {0x1E75,0x1E75,6}, {0x1E76,0x1E76,7}, {0x1E77,0x1E77,6},
  {0x1E78,0x1E78,7}, {0x1E79,0x1E79,6}, {0x1E7A,0x1E7A,7},
  {0x1E7B,0x1E7B,6}, {0x1E7C,0x1E7C,7}, {0x1E7D,0x1E7D,6},
  {0x1E7E,0x1E7E,7}, {0x1E7F,0x1E7F,6}, {0x1E80,0x1E80,7},
  {0x1E81,0x1E81,6}, {0x1E82,0x1E82,7}, {0x1E83,0x1E83,6},
  {0x1E84,0x1E84,7}, {0x1E85,0x1E85,6}, {0x1E86,0x1E86,7},
  {0x1E87,0x1E87,6}, {0x1E88,0x1E88,7}, {0x1E89,0x1E89,6},
  {0x1E8A,0x1E8A,7}, {0x1E8B,0x1E8B,6}, {0x1E8C,0x1E8C,7},
  {0x1E8D,0x1E8D,6}, {0x1E8E,0x1E8E,7}, {0x1E8F,0x1E8F,6},
  {0x1E90,0x1E90,7}, {0x1E91,0x1E91,6}, {0x1E92,0x1E92,7},
  {0x1E93,0x1E93,6}, {0x1E94,0x1E94,7}, {0x1E95,0x1E9D,6},
  {0x1E9E,0x1E9E,7}, {0x1E9F,0x1E9F,6}, {0x1EA0,0x1EA0,7},
  {0x1EA1,0x1EA1,6}, {0x1EA2,0x1EA2,7}, {0x1EA3,0x1EA3,6},
  {0x1EA4,0x1EA4,7}, {0x1EA5,0x1EA5,6}, {0x1EA6,0x1EA6,7},
  {0x1EA7,0x1EA7,6}, {0x1EA8,0x1EA8,7}, {0x1EA9,0x1EA9,6},
  {0x1EAA,0x1EAA,7}, {0x1EAB,0x1EAB,6}, {0x1EAC,0x1EAC,7},
  {0x1EAD,0x1EAD,6}, {0x1EAE,0x1EAE,7}, {0x1EAF,0x1EAF,6},
  {0x1EB0,0x1EB0,7}, {0x1EB1,0x1EB1,6}, {0x1EB2,0x1EB2,7},
  {0x1EB3,0x1EB3,6}, {0x1EB4,0x1EB4,7}, {0x1EB5,0x1EB5,6},
  {0x1EB6,0x1EB6,7}, {0x1EB7,0x1EB7,6}, {0x1EB8,0x1EB8,7},
  {0x1EB9,0x1EB9,6}, {0x1EBA,0x1EBA,7}, {0x1EBB,0x1EBB,6},
  {0x1EBC,0x1EBC,7}, {0x1EBD,0x1EBD,6}, {0x1EBE,0x1EBE,7},
  {0x1EBF,0x1EBF,6}, {0x1EC0,0x1EC0,7}, {0x1EC1,0x1EC1,6},
  {0x1EC2,0x1EC2,7}, {0x1EC3,0x1EC3,6}, {0x1EC4,0x1EC4,7},
  {0x1EC5,0x1EC5,6}, {0x1EC6,0x1EC6,7}, {0x1EC7,0x1EC7,6},
  {0x1EC8,0x1EC8,7}, {0x1EC9,0x1EC9,6}, {0x1ECA,0x1ECA,7},
  {0x1ECB,0x1ECB,6}, {0x1ECC,0x1ECC,7}, {0x1ECD,0x1ECD,6},
  {0x1ECE,0x1ECE,7}, {0x1ECF,0x1ECF,6}, {0x1ED0,0x1ED0,7},
  {0x1ED1,0x1ED1,6}, {0x1ED2,0x1ED2,7}, {0x1ED3,0x1ED3,6},
  {0x1ED4,0x1ED4,7}, {0x1ED5,0x1ED5,6}, {0x1ED6,0x1ED6,7},
  {0x1ED7,0x1ED7,6}, {0x1ED8,0x1ED8,7}, {0x1ED9,0x1ED9,6},
  {0x1EDA,0x1EDA,7}, {0x1EDB,0x1EDB,6}, {0x1EDC,0x1EDC,7},
  {0x1EDD,0x1EDD,6}, {0x1EDE,0x1EDE,7}, {0x1EDF,0x1EDF,6},
  {0x1EE0,0x1EE0,7}, {0x1EE1,0x1EE1,6}, {0x1EE2,0x1EE2,7},
  {0x1EE3,0x1EE3,6}, {0x1EE4,0x1EE4,7}, {0x1EE5,0x1EE5,6},
  {0x1EE6,0x1EE6,7}, {0x1EE7,0x1EE7,6}, {0x1EE8,0x1EE8,7},
  {0x1EE9,0x1EE9,6}, {0x1EEA,0x1EEA,7}, {0x1EEB,0x1EEB,6},
  {0x1EEC,0x1EEC,7}, {0x1EED,0x1EED,6}, {0x1EEE,0x1EEE,7},
  {0x1EEF,0x1EEF,6}, {0x1EF0,0x1EF0,7}, {0x1EF1,0x1EF1,6},
  {0x1EF2,0x1EF2,7}, {0x1EF3,0x1EF3,6}, {0x1EF4,0x1EF4,7},
  {0x1EF5,0x1EF5,6}, {0x1EF6,0x1EF6,7}, {0x1EF7,0x1EF7,6},
  {0x1EF8,0x1EF8,7}, {0x1EF9,0x1EF9,6}, {0x1EFA,0x1EFA,7},
  {0x1EFB,0x1EFB,6}, {0x1EFC,0x1EFC,7}, {0x1EFD,0x1EFD,6},
  {0x1EFE,0x1EFE,7}, {0x1EFF,0x1F07,6}, {0x1F08,0x1F0F,7},
  {0x1F10,0x1F15,6}, {0x1F18,0x1F1D,7}, {0x1F20,0x1F27,6},
  {0x1F28,0x1F2F,7}, {0x1F30,0x1F37,6}, {0x1F38,0x1F3F,7},
  {0x1F40,0x1F45,6}, {0x1F48,0x1F4D,7}, {0x1F50,0x1F57,6},
  {0x1F59,0x1F59,7}, {0x1F5B,0x1F5B,7}, {0x1F5D,0x1F5D,7},
  {0x1F5F,0x1F5F,7}, {0x1F60,0x1F67,6}, {0x1F68,0x1F6F,7},
  {0x1F70,0x1F7D,6}, {0x1F80,0x1F87,6}, {0x1F88,0x1F8F,7},
  {0x1F90,0x1F97,6}, {0x1F98,0x1F9F,7}, {0x1FA0,0x1FA7,6},
  {0x1FA8,0x1FAF,7}, {0x1FB0,0x1FB4,6}, {0x1FB6,0x1FB7,6},
  {0x1FB8,0x1FBC,7}, {0x1FBE,0x1FBE,6}, {0x1FC2,0x1FC4,6},
  {0x1FC6,0x1FC7,6}, {0x1FC8,0x1FCC,7}, {0x1FD0,0x1FD3,6},
  {0x1FD6,0x1FD7,6}, {0x1FD8,0x1FDB,7}, {0x1FE0,0x1FE7,6},
  {0x1FE8,0x1FEC,7}, {0x1FF2,0x1FF4,6}, {0x1FF6,0x1FF7,6},
  {0x1FF8,0x1FFC,7}, {0x2000,0x200A,5}, {0x200B,0x200B,4},
  {0x200C,0x200D,14}, {0x200E,0x200F,4}, {0x2013,0x2014,11},
  {0x2018,0x201F,13}, {0x2024,0x2024,10}, {0x2028,0x2029,3},
  {0x202A,0x202E,4}, {0x202F,0x202F,5}, {0x2039,0x203A,13},
  {0x203C,0x203D,12}, {0x2045,0x2046,13}, {0x2047,0x2049,12},
  {0x205F,0x205F,5}, {0x2060,0x2064,4}, {0x2066,0x206F,4},
  {0x2071,0x2071,6}, {0x207D,0x207E,13}, {0x207F,0x207F,6},
  {0x208D,0x208E,13}, {0x2090,0x209C,6}, {0x20D0,0x20F0,14},
  {0x2102,0x2102,7}, {0x2107,0x2107,7}, {0x210A,0x210A,6},
  {0x210B,0x210D,7}, {0x210E,0x210F,6}, {0x2110,0x2112,7},
  {0x2113,0x2113,6}, {0x2115,0x2115,7}, {0x2119,0x211D,7},
  {0x2124,0x2124,7}, {0x2126,0x2126,7}, {0x2128,0x2128,7},
  {0x212A,0x212D,7}, {0x212F,0x212F,6}, {0x2130,0x2133,7},
  {0x2134,0x2134,6}, {0x2135,0x2138,8}, {0x2139,0x2139,6},
  {0x213C,0x213D,6}, {0x213E,0x213F,7}, {0x2145,0x2145,7},
  {0x2146,0x2149,6}, {0x214E,0x214E,6}, {0x2160,0x216F,7},
  {0x2170,0x217F,6}, {0x2180,0x2182,8}, {0x2183,0x2183,7},
  {0x2184,0x2184,6}, {0x2185,0x2188,8}, {0x2308,0x230B,13},
  {0x2329,0x232A,13}, {0x24B6,0x24CF,7}, {0x24D0,0x24E9,6},
  {0x275B,0x2760,13}, {0x2768,0x2775,13}, {0x27C5,0x27C6,13},
  {0x27E6,0x27EF,13}, {0x2983,0x2998,13}, {0x29D8,0x29DB,13},
  {0x29FC,0x29FD,13}, {0x2C00,0x2C2F,7}, {0x2C30,0x2C5F,6},
  {0x2C60,0x2C60,7}, {0x2C61,0x2C61,6}, {0x2C62,0x2C64,7},
  {0x2C65,0x2C66,6}, {0x2C67,0x2C67,7}, {0x2C68,0x2C68,6},
  {0x2C69,0x2C69,7}, {0x2C6A,0x2C6A,6}, {0x2C6B,0x2C6B,7},
  {0x2C6C,0x2C6C,6}, {0x2C6D,0x2C70,7}, {0x2C71,0x2C71,6},
  {0x2C72,0x2C72,7}, {0x2C73,0x2C74,6}, {0x2C75,0x2C75,7},
  {0x2C76,0x2C7D,6}, {0x2C7E,0x2C80,7}, {0x2C81,0x2C81,6},
  {0x2C82,0x2C82,7}, {0x2C83,0x2C83,6}, {0x2C84,0x2C84,7},
  {0x2C85,0x2C85,6}, {0x2C86,0x2C86,7}, {0x2C87,0x2C87,6},
  {0x2C88,0x2C88,7}, {0x2C89,0x2C89,6}, {0x2C8A,0x2C8A,7},
  {0x2C8B,0x2C8B,6}, {0x2C8C,0x2C8C,7}, {0x2C8D,0x2C8D,6},
  {0x2C8E,0x2C8E,7}, {0x2C8F,0x2C8F,6}, {0x2C90,0x2C90,7},
  {0x2C91,0x2C91,6}, {0x2C92,0x2C92,7}, {0x2C93,0x2C93,6},
  {0x2C94,0x2C94,7}, {0x2C95,0x2C95,6}, {0x2C96,0x2C96,7},
  {0x2C97,0x2C97,6}, {0x2C98,0x2C98,7}, {0x2C99,0x2C99,6},
  {0x2C9A,0x2C9A,7}, {0x2C9B,0x2C9B,6}, {0x2C9C,0x2C9C,7},
  {0x2C9D,0x2C9D,6}, {0x2C9E,0x2C9E,7}, {0x2C9F,0x2C9F,6},
  {0x2CA0,0x2CA0,7}, {0x2CA1,0x2CA1,6}, {0x2CA2,0x2CA2,7},
  {0x2CA3,0x2CA3,6}, {0x2CA4,0x2CA4,7}, {0x2CA5,0x2CA5,6},
  {0x2CA6,0x2CA6,7}, {0x2CA7,0x2CA7,6}, {0x2CA8,0x2CA8,7},
  {0x2CA9,0x2CA9,6}, {0x2CAA,0x2CAA,7}, {0x2CAB,0x2CAB,6},
  {0x2CAC,0x2CAC,7}, {0x2CAD,0x2CAD,6}, {0x2CAE,0x2CAE,7},
  {0x2CAF,0x2CAF,6}, {0x2CB0,0x2CB0,7}, {0x2CB1,0x2CB1,6},
  {0x2CB2,0x2CB2,7}, {0x2CB3,0x2CB3,6}, {0x2CB4,0x2CB4,7},
  {0x2CB5,0x2CB5,6}, {0x2CB6,0x2CB6,7}, {0x2CB7,0x2CB7,6},
  {0x2CB8,0x2CB8,7}, {0x2CB9,0x2CB9,6}, {0x2CBA,0x2CBA,7},
  {0x2CBB,0x2CBB,6}, {0x2CBC,0x2CBC,7}, {0x2CBD,0x2CBD,6},
  {0x2CBE,0x2CBE,7}, {0x2CBF,0x2CBF,6}, {0x2CC0,0x2CC0,7},
  {0x2CC1,0x2CC1,6}, {0x2CC2,0x2CC2,7}, {0x2CC3,0x2CC3,6},
  {0x2CC4,0x2CC4,7}, {0x2CC5,0x2CC5,6}, {0x2CC6,0x2CC6,7},
  {0x2CC7,0x2CC7,6}, {0x2CC8,0x2CC8,7}, {0x2CC9,0x2CC9,6},
  {0x2CCA,0x2CCA,7}, {0x2CCB,0x2CCB,6}, {0x2CCC,0x2CCC,7},
  {0x2CCD,0x2CCD,6}, {0x2CCE,0x2CCE,7}, {0x2CCF,0x2CCF,6},
  {0x2CD0,0x2CD0,7}, {0x2CD1,0x2CD1,6}, {0x2CD2,0x2CD2,7},
  {0x2CD3,0x2CD3,6}, {0x2CD4,0x2CD4,7}, {0x2CD5,0x2CD5,6},
  {0x2CD6,0x2CD6,7}, {0x2CD7,0x2CD7,6}, {0x2CD8,0x2CD8,7},
  {0x2CD9,0x2CD9,6}, {0x2CDA,0x2CDA,7}, {0x2CDB,0x2CDB,6},
  {0x2CDC,0x2CDC,7}, {0x2CDD,0x2CDD,6}, {0x2CDE,0x2CDE,7},
  {0x2CDF,0x2CDF,6}, {0x2CE0,0x2CE0,7}, {0x2CE1,0x2CE1,6},
  {0x2CE2,0x2CE2,7}, {0x2CE3,0x2CE4,6}, {0x2CEB,0x2CEB,7},
  {0x2CEC,0x2CEC,6}, {0x2CED,0x2CED,7}, {0x2CEE,0x2CEE,6},
  {0x2CEF,0x2CF1,14}, {0x2CF2,0x2CF2,7}, {0x2CF3,0x2CF3,6},
  {0x2CF9,0x2CFB,12}, {0x2D00,0x2D25,6}, {0x2D27,0x2D27,6},
  {0x2D2D,0x2D2D,6}, {0x2D30,0x2D67,8}, {0x2D6F,0x2D6F,8},
  {0x2D7F,0x2D7F,14}, {0x2D80,0x2D96,8}, {0x2DA0,0x2DA6,8},
  {0x2DA8,0x2DAE,8}, {0x2DB0,0x2DB6,8}, {0x2DB8,0x2DBE,8},
  {0x2DC0,0x2DC6,8}, {0x2DC8,0x2DCE,8}, {0x2DD0,0x2DD6,8},
  {0x2DD8,0x2DDE,8}, {0x2DE0,0x2DFF,14}, {0x2E00,0x2E0D,13},
  {0x2E1C,0x2E1D,13}, {0x2E20,0x2E29,13}, {0x2E2E,0x2E2E,12},
  {0x2E2F,0x2E2F,8}, {0x2E3C,0x2E3C,12}, {0x2E42,0x2E42,13},
  {0x2E53,0x2E54,12}, {0x2E55,0x2E5C,13}, {0x3000,0x3000,5},
  {0x3001,0x3001,11}, {0x3002,0x3002,12}, {0x3005,0x3007,8},
  {0x3008,0x3011,13}, {0x3014,0x301B,13}, {0x301D,0x301F,13},
  {0x3021,0x3029,8}, {0x302A,0x302F,14}, {0x3031,0x3035,8},
  {0x3038,0x303C,8}, {0x3041,0x3096,8}, {0x3099,0x309A,14},
  {0x309D,0x309F,8}, {0x30A1,0x30FA,8}, {0x30FC,0x30FF,8},
  {0x3105,0x312F,8}, {0x3131,0x318E,8}, {0x31A0,0x31BF,8},
  {0x31F0,0x31FF,8}, {0x3400,0x4DBF,8}, {0x4E00,0xA48C,8},
  {0xA4D0,0xA4FD,8}, {0xA4FF,0xA4FF,12}, {0xA500,0xA60C,8},
  {0xA60E,0xA60F,12}, {0xA610,0xA61F,8}, {0xA620,0xA629,9},
  {0xA62A,0xA62B,8}, {0xA640,0xA640,7}, {0xA641,0xA641,6},
  {0xA642,0xA642,7}, {0xA643,0xA643,6}, {0xA644,0xA644,7},
  {0xA645,0xA645,6}, {0xA646,0xA646,7}, {0xA647,0xA647,6},
  {0xA648,0xA648,7}, {0xA649,0xA649,6}, {0xA64A,0xA64A,7},
  {0xA64B,0xA64B,6}, {0xA64C,0xA64C,7}, {0xA64D,0xA64D,6},
  {0xA64E,0xA64E,7}, {0xA64F,0xA64F,6}, {0xA650,0xA650,7},
  {0xA651,0xA651,6}, {0xA652,0xA652,7}, {0xA653,0xA653,6},
  {0xA654,0xA654,7}, {0xA655,0xA655,6}, {0xA656,0xA656,7},
  {0xA657,0xA657,6}, {0xA658,0xA658,7}, {0xA659,0xA659,6},
  {0xA65A,0xA65A,7}, {0xA65B,0xA65B,6}, {0xA65C,0xA65C,7},
  {0xA65D,0xA65D,6}, {0xA65E,0xA65E,7}, {0xA65F,0xA65F,6},
  {0xA660,0xA660,7}, {0xA661,0xA661,6}, {0xA662,0xA662,7},
  {0xA663,0xA663,6}, {0xA664,0xA664,7}, {0xA665,0xA665,6},
  {0xA666,0xA666,7}, {0xA667,0xA667,6}, {0xA668,0xA668,7},
  {0xA669,0xA669,6}, {0xA66A,0xA66A,7}, {0xA66B,0xA66B,6},
  {0xA66C,0xA66C,7}, {0xA66D,0xA66D,6}, {0xA66E,0xA66E,8},
  {0xA66F,0xA672,14}, {0xA674,0xA67D,14}, {0xA67F,0xA67F,8},
  {0xA680,0xA680,7}, {0xA681,0xA681,6}, {0xA682,0xA682,7},
  {0xA683,0xA683,6}, {0xA684,0xA684,7}, {0xA685,0xA685,6},
  {0xA686,0xA686,7}, {0xA687,0xA687,6}, {0xA688,0xA688,7},
  {0xA689,0xA689,6}, {0xA68A,0xA68A,7}, {0xA68B,0xA68B,6},
  {0xA68C,0xA68C,7}, {0xA68D,0xA68D,6}, {0xA68E,0xA68E,7},
  {0xA68F,0xA68F,6}, {0xA690,0xA690,7}, {0xA691,0xA691,6},
  {0xA692,0xA692,7}, {0xA693,0xA693,6}, {0xA694,0xA694,7},
  {0xA695,0xA695,6}, {0xA696,0xA696,7}, {0xA697,0xA697,6},
  {0xA698,0xA698,7}, {0xA699,0xA699,6}, {0xA69A,0xA69A,7},
  {0xA69B,0xA69D,6}, {0xA69E,0xA69F,14}, {0xA6A0,0xA6EF,8},
  {0xA6F0,0xA6F1,14}, {0xA6F3,0xA6F3,12}, {0xA6F7,0xA6F7,12},
  {0xA717,0xA71F,8}, {0xA722,0xA722,7}, {0xA723,0xA723,6},
  {0xA724,0xA724,7}, {0xA725,0xA725,6}, {0xA726,0xA726,7},
  {0xA727,0xA727,6}, {0xA728,0xA728,7}, {0xA729,0xA729,6},
  {0xA72A,0xA72A,7}, {0xA72B,0xA72B,6}, {0xA72C,0xA72C,7},
  {0xA72D,0xA72D,6}, {0xA72E,0xA72E,7}, {0xA72F,0xA731,6},
  {0xA732,0xA732,7}, {0xA733,0xA733,6}, {0xA734,0xA734,7},
  {0xA735,0xA735,6}, {0xA736,0xA736,7}, {0xA737,0xA737,6},
  {0xA738,0xA738,7}, {0xA739,0xA739,6}, {0xA73A,0xA73A,7},
  {0xA73B,0xA73B,6}, {0xA73C,0xA73C,7}, {0xA73D,0xA73D,6},
  {0xA73E,0xA73E,7}, {0xA73F,0xA73F,6}, {0xA740,0xA740,7},
  {0xA741,0xA741,6}, {0xA742,0xA742,7}, {0xA743,0xA743,6},
  {0xA744,0xA744,7}, {0xA745,0xA745,6}, {0xA746,0xA746,7},
  {0xA747,0xA747,6}, {0xA748,0xA748,7}, {0xA749,0xA749,6},
  {0xA74A,0xA74A,7}, {0xA74B,0xA74B,6}, {0xA74C,0xA74C,7},
  {0xA74D,0xA74D,6}, {0xA74E,0xA74E,7}, {0xA74F,0xA74F,6},
  {0xA750,0xA750,7}, {0xA751,0xA751,6}, {0xA752,0xA752,7},
  {0xA753,0xA753,6}, {0xA754,0xA754,7}, {0xA755,0xA755,6},
  {0xA756,0xA756,7}, {0xA757,0xA757,6}, {0xA758,0xA758,7},
  {0xA759,0xA759,6}, {0xA75A,0xA75A,7}, {0xA75B,0xA75B,6},
  {0xA75C,0xA75C,7}, {0xA75D,0xA75D,6}, {0xA75E,0xA75E,7},
  {0xA75F,0xA75F,6}, {0xA760,0xA760,7}, {0xA761,0xA761,6},
  {0xA762,0xA762,7}, {0xA763,0xA763,6}, {0xA764,0xA764,7},
  {0xA765,0xA765,6}, {0xA766,0xA766,7}, {0xA767,0xA767,6},
  {0xA768,0xA768,7}, {0xA769,0xA769,6}, {0xA76A,0xA76A,7},
  {0xA76B,0xA76B,6}, {0xA76C,0xA76C,7}, {0xA76D,0xA76D,6},
  {0xA76E,0xA76E,7}, {0xA76F,0xA778,6}, {0xA779,0xA779,7},
  {0xA77A,0xA77A,6}, {0xA77B,0xA77B,7}, {0xA77C,0xA77C,6},
  {0xA77D,0xA77E,7}, {0xA77F,0xA77F,6}, {0xA780,0xA780,7},
  {0xA781,0xA781,6}, {0xA782,0xA782,7}, {0xA783,0xA783,6},
  {0xA784,0xA784,7}, {0xA785,0xA785,6}, {0xA786,0xA786,7},
  {0xA787,0xA787,6}, {0xA788,0xA788,8}, {0xA78B,0xA78B,7},
  {0xA78C,0xA78C,6}, {0xA78D,0xA78D,7}, {0xA78E,0xA78E,6},
  {0xA78F,0xA78F,8}, {0xA790,0xA790,7}, {0xA791,0xA791,6},
  {0xA792,0xA792,7}, {0xA793,0xA795,6}, {0xA796,0xA796,7},
  {0xA797,0xA797,6}, {0xA798,0xA798,7}, {0xA799,0xA799,6},
  {0xA79A,0xA79A,7}, {0xA79B,0xA79B,6}, {0xA79C,0xA79C,7},
  {0xA79D,0xA79D,6}, {0xA79E,0xA79E,7}, {0xA79F,0xA79F,6},
  {0xA7A0,0xA7A0,7}, {0xA7A1,0xA7A1,6}, {0xA7A2,0xA7A2,7},
  {0xA7A3,0xA7A3,6}, {0xA7A4,0xA7A4,7}, {0xA7A5,0xA7A5,6},
  {0xA7A6,0xA7A6,7}, {0xA7A7,0xA7A7,6}, {0xA7A8,0xA7A8,7},
  {0xA7A9,0xA7A9,6}, {0xA7AA,0xA7AE,7}, {0xA7AF,0xA7AF,6},
  {0xA7B0,0xA7B4,7}, {0xA7B5,0xA7B5,6}, {0xA7B6,0xA7B6,7},
  {0xA7B7,0xA7B7,6}, {0xA7B8,0xA7B8,7}, {0xA7B9,0xA7B9,6},
  {0xA7BA,0xA7BA,7}, {0xA7BB,0xA7BB,6}, {0xA7BC,0xA7BC,7},
  {0xA7BD,0xA7BD,6}, {0xA7BE,0xA7BE,7}, {0xA7BF,0xA7BF,6},
  {0xA7C0,0xA7C0,7}, {0xA7C1,0xA7C1,6}, {0xA7C2,0xA7C2,7},
  {0xA7C3,0xA7C3,6}, {0xA7C4,0xA7C7,7}, {0xA7C8,0xA7C8,6},
  {0xA7C9,0xA7C9,7}, {0xA7CA,0xA7CA,6}, {0xA7CB,0xA7CC,7},
  {0xA7CD,0xA7CD,6}, {0xA7CE,0xA7CE,7}, {0xA7CF,0xA7CF,6},
  {0xA7D0,0xA7D0,7}, {0xA7D1,0xA7D1,6}, {0xA7D2,0xA7D2,7},
  {0xA7D3,0xA7D3,6}, {0xA7D4,0xA7D4,7}, {0xA7D5,0xA7D5,6},
  {0xA7D6,0xA7D6,7}, {0xA7D7,0xA7D7,6}, {0xA7D8,0xA7D8,7},
  {0xA7D9,0xA7D9,6}, {0xA7DA,0xA7DA,7}, {0xA7DB,0xA7DB,6},
  {0xA7DC,0xA7DC,7}, {0xA7F1,0xA7F4,6}, {0xA7F5,0xA7F5,7},
  {0xA7F6,0xA7F6,6}, {0xA7F7,0xA7F7,8}, {0xA7F8,0xA7FA,6},
  {0xA7FB,0xA801,8}, {0xA802,0xA802,14}, {0xA803,0xA805,8},
  {0xA806,0xA806,14}, {0xA807,0xA80A,8}, {0xA80B,0xA80B,14},
  {0xA80C,0xA822,8}, {0xA823,0xA827,14}, {0xA82C,0xA82C,14},
  {0xA840,0xA873,8}, {0xA876,0xA877,12}, {0xA880,0xA881,14},
  {0xA882,0xA8B3,8}, {0xA8B4,0xA8C5,14}, {0xA8CE,0xA8CF,12},
  {0xA8D0,0xA8D9,9}, {0xA8E0,0xA8F1,14}, {0xA8F2,0xA8F7,8},
  {0xA8FB,0xA8FB,8}, {0xA8FD,0xA8FE,8}, {0xA8FF,0xA8FF,14},
  {0xA900,0xA909,9}, {0xA90A,0xA925,8}, {0xA926,0xA92D,14},
  {0xA92F,0xA92F,12}, {0xA930,0xA946,8}, {0xA947,0xA953,14},
  {0xA960,0xA97C,8}, {0xA980,0xA983,14}, {0xA984,0xA9B2,8},
  {0xA9B3,0xA9C0,14}, {0xA9C8,0xA9C9,12}, {0xA9CF,0xA9CF,8},
  {0xA9D0,0xA9D9,9}, {0xA9E0,0xA9E4,8}, {0xA9E5,0xA9E5,14},
  {0xA9E6,0xA9EF,8}, {0xA9F0,0xA9F9,9}, {0xA9FA,0xA9FE,8},
  {0xAA00,0xAA28,8}, {0xAA29,0xAA36,14}, {0xAA40,0xAA42,8},
  {0xAA43,0xAA43,14}, {0xAA44,0xAA4B,8}, {0xAA4C,0xAA4D,14},
  {0xAA50,0xAA59,9}, {0xAA5D,0xAA5F,12}, {0xAA60,0xAA76,8},
  {0xAA7A,0xAA7A,8}, {0xAA7B,0xAA7D,14}, {0xAA7E,0xAAAF,8},
  {0xAAB0,0xAAB0,14}, {0xAAB1,0xAAB1,8}, {0xAAB2,0xAAB4,14},
  {0xAAB5,0xAAB6,8}, {0xAAB7,0xAAB8,14}, {0xAAB9,0xAABD,8},
  {0xAABE,0xAABF,14}, {0xAAC0,0xAAC0,8}, {0xAAC1,0xAAC1,14},
  {0xAAC2,0xAAC2,8}, {0xAADB,0xAADD,8}, {0xAAE0,0xAAEA,8},
  {0xAAEB,0xAAEF,14}, {0xAAF0,0xAAF1,12}, {0xAAF2,0xAAF4,8},
  {0xAAF5,0xAAF6,14}, {0xAB01,0xAB06,8}, {0xAB09,0xAB0E,8},
  {0xAB11,0xAB16,8}, {0xAB20,0xAB26,8}, {0xAB28,0xAB2E,8},
  {0xAB30,0xAB5A,6}, {0xAB5C,0xAB69,6}, {0xAB70,0xABBF,6},
  {0xABC0,0xABE2,8}, {0xABE3,0xABEA,14}, {0xABEB,0xABEB,12},
  {0xABEC,0xABED,14}, {0xABF0,0xABF9,9}, {0xAC00,0xD7A3,8},
  {0xD7B0,0xD7C6,8}, {0xD7CB,0xD7FB,8}, {0xF900,0xFA6D,8},
  {0xFA70,0xFAD9,8}, {0xFB00,0xFB06,6}, {0xFB13,0xFB17,6},
  {0xFB1D,0xFB1D,8}, {0xFB1E,0xFB1E,14}, {0xFB1F,0xFB28,8},
  {0xFB2A,0xFB36,8}, {0xFB38,0xFB3C,8}, {0xFB3E,0xFB3E,8},
  {0xFB40,0xFB41,8}, {0xFB43,0xFB44,8}, {0xFB46,0xFBB1,8},
  {0xFBD3,0xFD3D,8}, {0xFD3E,0xFD3F,13}, {0xFD50,0xFD8F,8},
  {0xFD92,0xFDC7,8}, {0xFDF0,0xFDFB,8}, {0xFE00,0xFE0F,14},
  {0xFE10,0xFE11,11}, {0xFE12,0xFE12,12}, {0xFE13,0xFE14,11},
  {0xFE15,0xFE16,12}, {0xFE17,0xFE18,13}, {0xFE20,0xFE2F,14},
  {0xFE31,0xFE32,11}, {0xFE35,0xFE44,13}, {0xFE47,0xFE48,13},
  {0xFE50,0xFE51,11}, {0xFE52,0xFE52,10}, {0xFE54,0xFE55,11},
  {0xFE56,0xFE57,12}, {0xFE58,0xFE58,11}, {0xFE59,0xFE5E,13},
  {0xFE63,0xFE63,11}, {0xFE70,0xFE74,8}, {0xFE76,0xFEFC,8},
  {0xFEFF,0xFEFF,4}, {0xFF01,0xFF01,12}, {0xFF08,0xFF09,13},
  {0xFF0C,0xFF0D,11}, {0xFF0E,0xFF0E,10}, {0xFF10,0xFF19,9},
  {0xFF1A,0xFF1B,11}, {0xFF1F,0xFF1F,12}, {0xFF21,0xFF3A,7},
  {0xFF3B,0xFF3B,13}, {0xFF3D,0xFF3D,13}, {0xFF41,0xFF5A,6},
  {0xFF5B,0xFF5B,13}, {0xFF5D,0xFF5D,13}, {0xFF5F,0xFF60,13},
  {0xFF61,0xFF61,12}, {0xFF62,0xFF63,13}, {0xFF64,0xFF64,11},
  {0xFF66,0xFF9D,8}, {0xFF9E,0xFF9F,14}, {0xFFA0,0xFFBE,8},
  {0xFFC2,0xFFC7,8}, {0xFFCA,0xFFCF,8}, {0xFFD2,0xFFD7,8},
  {0xFFDA,0xFFDC,8}, {0xFFF9,0xFFFB,4}, {0x10000,0x1000B,8},
  {0x1000D,0x10026,8}, {0x10028,0x1003A,8}, {0x1003C,0x1003D,8},
  {0x1003F,0x1004D,8}, {0x10050,0x1005D,8}, {0x10080,0x100FA,8},
  {0x10140,0x10174,8}, {0x101FD,0x101FD,14}, {0x10280,0x1029C,8},
  {0x102A0,0x102D0,8}, {0x102E0,0x102E0,14}, {0x10300,0x1031F,8},
  {0x1032D,0x1034A,8}, {0x10350,0x10375,8}, {0x10376,0x1037A,14},
  {0x10380,0x1039D,8}, {0x103A0,0x103C3,8}, {0x103C8,0x103CF,8},
  {0x103D1,0x103D5,8}, {0x10400,0x10427,7}, {0x10428,0x1044F,6},
  {0x10450,0x1049D,8}, {0x104A0,0x104A9,9}, {0x104B0,0x104D3,7},
  {0x104D8,0x104FB,6}, {0x10500,0x10527,8}, {0x10530,0x10563,8},
  {0x10570,0x1057A,7}, {0x1057C,0x1058A,7}, {0x1058C,0x10592,7},
  {0x10594,0x10595,7}, {0x10597,0x105A1,6}, {0x105A3,0x105B1,6},
  {0x105B3,0x105B9,6}, {0x105BB,0x105BC,6}, {0x105C0,0x105F3,8},
  {0x10600,0x10736,8}, {0x10740,0x10755,8}, {0x10760,0x10767,8},
  {0x10780,0x10780,6}, {0x10781,0x10782,8}, {0x10783,0x10785,6},
  {0x10787,0x107B0,6}, {0x107B2,0x107BA,6}, {0x10800,0x10805,8},
  {0x10808,0x10808,8}, {0x1080A,0x10835,8}, {0x10837,0x10838,8},
  {0x1083C,0x1083C,8}, {0x1083F,0x10855,8}, {0x10860,0x10876,8},
  {0x10880,0x1089E,8}, {0x108E0,0x108F2,8}, {0x108F4,0x108F5,8},
  {0x10900,0x10915,8}, {0x10920,0x10939,8}, {0x10940,0x10959,8},
  {0x10980,0x109B7,8}, {0x109BE,0x109BF,8}, {0x10A00,0x10A00,8},
  {0x10A01,0x10A03,14}, {0x10A05,0x10A06,14}, {0x10A0C,0x10A0F,14},
  {0x10A10,0x10A13,8}, {0x10A15,0x10A17,8}, {0x10A19,0x10A35,8},
  {0x10A38,0x10A3A,14}, {0x10A3F,0x10A3F,14}, {0x10A56,0x10A57,12},
  {0x10A60,0x10A7C,8}, {0x10A80,0x10A9C,8}, {0x10AC0,0x10AC7,8},
  {0x10AC9,0x10AE4,8}, {0x10AE5,0x10AE6,14}, {0x10B00,0x10B35,8},
  {0x10B40,0x10B55,8}, {0x10B60,0x10B72,8}, {0x10B80,0x10B91,8},
  {0x10C00,0x10C48,8}, {0x10C80,0x10CB2,7}, {0x10CC0,0x10CF2,6},
  {0x10D00,0x10D23,8}, {0x10D24,0x10D27,14}, {0x10D30,0x10D39,9},
  {0x10D40,0x10D49,9}, {0x10D4A,0x10D4F,8}, {0x10D50,0x10D65,7},
  {0x10D69,0x10D6D,14}, {0x10D6F,0x10D6F,8}, {0x10D70,0x10D85,6},
  {0x10E80,0x10EA9,8}, {0x10EAB,0x10EAC,14}, {0x10EB0,0x10EB1,8},
  {0x10EC2,0x10EC7,8}, {0x10EFA,0x10EFF,14}, {0x10F00,0x10F1C,8},
  {0x10F27,0x10F27,8}, {0x10F30,0x10F45,8}, {0x10F46,0x10F50,14},
  {0x10F55,0x10F59,12}, {0x10F70,0x10F81,8}, {0x10F82,0x10F85,14},
  {0x10F86,0x10F89,12}, {0x10FB0,0x10FC4,8}, {0x10FE0,0x10FF6,8},
  {0x11000,0x11002,14}, {0x11003,0x11037,8}, {0x11038,0x11046,14},
  {0x11047,0x11048,12}, {0x11066,0x1106F,9}, {0x11070,0x11070,14},
  {0x11071,0x11072,8}, {0x11073,0x11074,14}, {0x11075,0x11075,8},
  {0x1107F,0x11082,14}, {0x11083,0x110AF,8}, {0x110B0,0x110BA,14},
  {0x110BD,0x110BD,9}, {0x110BE,0x110C1,12}, {0x110C2,0x110C2,14},
  {0x110CD,0x110CD,9}, {0x110D0,0x110E8,8}, {0x110F0,0x110F9,9},
  {0x11100,0x11102,14}, {0x11103,0x11126,8}, {0x11127,0x11134,14},
  {0x11136,0x1113F,9}, {0x11141,0x11143,12}, {0x11144,0x11144,8},
  {0x11145,0x11146,14}, {0x11147,0x11147,8}, {0x11150,0x11172,8},
  {0x11173,0x11173,14}, {0x11176,0x11176,8}, {0x11180,0x11182,14},
  {0x11183,0x111B2,8}, {0x111B3,0x111C0,14}, {0x111C1,0x111C4,8},
  {0x111C5,0x111C6,12}, {0x111C9,0x111CC,14}, {0x111CD,0x111CD,12},
  {0x111CE,0x111CF,14}, {0x111D0,0x111D9,9}, {0x111DA,0x111DA,8},
  {0x111DC,0x111DC,8}, {0x111DE,0x111DF,12}, {0x11200,0x11211,8},
  {0x11213,0x1122B,8}, {0x1122C,0x11237,14}, {0x11238,0x11239,12},
  {0x1123B,0x1123C,12}, {0x1123E,0x1123E,14}, {0x1123F,0x11240,8},
  {0x11241,0x11241,14}, {0x11280,0x11286,8}, {0x11288,0x11288,8},
  {0x1128A,0x1128D,8}, {0x1128F,0x1129D,8}, {0x1129F,0x112A8,8},
  {0x112A9,0x112A9,12}, {0x112B0,0x112DE,8}, {0x112DF,0x112EA,14},
  {0x112F0,0x112F9,9}, {0x11300,0x11303,14}, {0x11305,0x1130C,8},
  {0x1130F,0x11310,8}, {0x11313,0x11328,8}, {0x1132A,0x11330,8},
  {0x11332,0x11333,8}, {0x11335,0x11339,8}, {0x1133B,0x1133C,14},
  {0x1133D,0x1133D,8}, {0x1133E,0x11344,14}, {0x11347,0x11348,14},
  {0x1134B,0x1134D,14}, {0x11350,0x11350,8}, {0x11357,0x11357,14},
  {0x1135D,0x11361,8}, {0x11362,0x11363,14}, {0x11366,0x1136C,14},
  {0x11370,0x11374,14}, {0x11380,0x11389,8}, {0x1138B,0x1138B,8},
  {0x1138E,0x1138E,8}, {0x11390,0x113B5,8}, {0x113B7,0x113B7,8},
  {0x113B8,0x113C0,14}, {0x113C2,0x113C2,14}, {0x113C5,0x113C5,14},
  {0x113C7,0x113CA,14}, {0x113CC,0x113D0,14}, {0x113D1,0x113D1,8},
  {0x113D2,0x113D2,14}, {0x113D3,0x113D3,8}, {0x113D4,0x113D5,12},
  {0x113E1,0x113E2,14}, {0x11400,0x11434,8}, {0x11435,0x11446,14},
  {0x11447,0x1144A,8}, {0x1144B,0x1144C,12}, {0x11450,0x11459,9},
  {0x1145E,0x1145E,14}, {0x1145F,0x11461,8}, {0x11480,0x114AF,8},
  {0x114B0,0x114C3,14}, {0x114C4,0x114C5,8}, {0x114C7,0x114C7,8},
  {0x114D0,0x114D9,9}, {0x11580,0x115AE,8}, {0x115AF,0x115B5,14},
  {0x115B8,0x115C0,14}, {0x115C2,0x115C3,12}, {0x115C9,0x115D7,12},
  {0x115D8,0x115DB,8}, {0x115DC,0x115DD,14}, {0x11600,0x1162F,8},
  {0x11630,0x11640,14}, {0x11641,0x11642,12}, {0x11644,0x11644,8},
  {0x11650,0x11659,9}, {0x11680,0x116AA,8}, {0x116AB,0x116B7,14},
  {0x116B8,0x116B8,8}, {0x116C0,0x116C9,9}, {0x116D0,0x116E3,9},
  {0x11700,0x1171A,8}, {0x1171D,0x1172B,14}, {0x11730,0x11739,9},
  {0x1173C,0x1173E,12}, {0x11740,0x11746,8}, {0x11800,0x1182B,8},
  {0x1182C,0x1183A,14}, {0x118A0,0x118BF,7}, {0x118C0,0x118DF,6},
  {0x118E0,0x118E9,9}, {0x118FF,0x11906,8}, {0x11909,0x11909,8},
  {0x1190C,0x11913,8}, {0x11915,0x11916,8}, {0x11918,0x1192F,8},
  {0x11930,0x11935,14}, {0x11937,0x11938,14}, {0x1193B,0x1193E,14},
  {0x1193F,0x1193F,8}, {0x11940,0x11940,14}, {0x11941,0x11941,8},
  {0x11942,0x11943,14}, {0x11944,0x11944,12}, {0x11946,0x11946,12},
  {0x11950,0x11959,9}, {0x119A0,0x119A7,8}, {0x119AA,0x119D0,8},
  {0x119D1,0x119D7,14}, {0x119DA,0x119E0,14}, {0x119E1,0x119E1,8},
  {0x119E3,0x119E3,8}, {0x119E4,0x119E4,14}, {0x11A00,0x11A00,8},
  {0x11A01,0x11A0A,14}, {0x11A0B,0x11A32,8}, {0x11A33,0x11A39,14},
  {0x11A3A,0x11A3A,8}, {0x11A3B,0x11A3E,14}, {0x11A42,0x11A43,12},
  {0x11A47,0x11A47,14}, {0x11A50,0x11A50,8}, {0x11A51,0x11A5B,14},
  {0x11A5C,0x11A89,8}, {0x11A8A,0x11A99,14}, {0x11A9B,0x11A9C,12},
  {0x11A9D,0x11A9D,8}, {0x11AB0,0x11AF8,8}, {0x11B60,0x11B67,14},
  {0x11BC0,0x11BE0,8}, {0x11BF0,0x11BF9,9}, {0x11C00,0x11C08,8},
  {0x11C0A,0x11C2E,8}, {0x11C2F,0x11C36,14}, {0x11C38,0x11C3F,14},
  {0x11C40,0x11C40,8}, {0x11C41,0x11C42,12}, {0x11C50,0x11C59,9},
  {0x11C72,0x11C8F,8}, {0x11C92,0x11CA7,14}, {0x11CA9,0x11CB6,14},
  {0x11D00,0x11D06,8}, {0x11D08,0x11D09,8}, {0x11D0B,0x11D30,8},
  {0x11D31,0x11D36,14}, {0x11D3A,0x11D3A,14}, {0x11D3C,0x11D3D,14},
  {0x11D3F,0x11D45,14}, {0x11D46,0x11D46,8}, {0x11D47,0x11D47,14},
  {0x11D50,0x11D59,9}, {0x11D60,0x11D65,8}, {0x11D67,0x11D68,8},
  {0x11D6A,0x11D89,8}, {0x11D8A,0x11D8E,14}, {0x11D90,0x11D91,14},
  {0x11D93,0x11D97,14}, {0x11D98,0x11D98,8}, {0x11DA0,0x11DA9,9},
  {0x11DB0,0x11DDB,8}, {0x11DE0,0x11DE9,9}, {0x11EE0,0x11EF2,8},
  {0x11EF3,0x11EF6,14}, {0x11EF7,0x11EF8,12}, {0x11F00,0x11F01,14},
  {0x11F02,0x11F02,8}, {0x11F03,0x11F03,14}, {0x11F04,0x11F10,8},
  {0x11F12,0x11F33,8}, {0x11F34,0x11F3A,14}, {0x11F3E,0x11F42,14},
  {0x11F43,0x11F44,12}, {0x11F50,0x11F59,9}, {0x11F5A,0x11F5A,14},
  {0x11FB0,0x11FB0,8}, {0x12000,0x12399,8}, {0x12400,0x1246E,8},
  {0x12480,0x12543,8}, {0x12F90,0x12FF0,8}, {0x13000,0x1342F,8},
  {0x13430,0x1343F,4}, {0x13440,0x13440,14}, {0x13441,0x13446,8},
  {0x13447,0x13455,14}, {0x13460,0x143FA,8}, {0x14400,0x14646,8},
  {0x16100,0x1611D,8}, {0x1611E,0x1612F,14}, {0x16130,0x16139,9},
  {0x16800,0x16A38,8}, {0x16A40,0x16A5E,8}, {0x16A60,0x16A69,9},
  {0x16A6E,0x16A6F,12}, {0x16A70,0x16ABE,8}, {0x16AC0,0x16AC9,9},
  {0x16AD0,0x16AED,8}, {0x16AF0,0x16AF4,14}, {0x16AF5,0x16AF5,12},
  {0x16B00,0x16B2F,8}, {0x16B30,0x16B36,14}, {0x16B37,0x16B38,12},
  {0x16B40,0x16B43,8}, {0x16B44,0x16B44,12}, {0x16B50,0x16B59,9},
  {0x16B63,0x16B77,8}, {0x16B7D,0x16B8F,8}, {0x16D40,0x16D6C,8},
  {0x16D6E,0x16D6F,12}, {0x16D70,0x16D79,9}, {0x16E40,0x16E5F,7},
  {0x16E60,0x16E7F,6}, {0x16E98,0x16E98,12}, {0x16EA0,0x16EB8,7},
  {0x16EBB,0x16ED3,6}, {0x16F00,0x16F4A,8}, {0x16F4F,0x16F4F,14},
  {0x16F50,0x16F50,8}, {0x16F51,0x16F87,14}, {0x16F8F,0x16F92,14},
  {0x16F93,0x16F9F,8}, {0x16FE0,0x16FE1,8}, {0x16FE3,0x16FE3,8},
  {0x16FE4,0x16FE4,14}, {0x16FF0,0x16FF1,14}, {0x16FF2,0x16FF6,8},
  {0x17000,0x18CD5,8}, {0x18CFF,0x18D1E,8}, {0x18D80,0x18DF2,8},
  {0x1AFF0,0x1AFF3,8}, {0x1AFF5,0x1AFFB,8}, {0x1AFFD,0x1AFFE,8},
  {0x1B000,0x1B122,8}, {0x1B132,0x1B132,8}, {0x1B150,0x1B152,8},
  {0x1B155,0x1B155,8}, {0x1B164,0x1B167,8}, {0x1B170,0x1B2FB,8},
  {0x1BC00,0x1BC6A,8}, {0x1BC70,0x1BC7C,8}, {0x1BC80,0x1BC88,8},
  {0x1BC90,0x1BC99,8}, {0x1BC9D,0x1BC9E,14}, {0x1BC9F,0x1BC9F,12},
  {0x1BCA0,0x1BCA3,4}, {0x1CCF0,0x1CCF9,9}, {0x1CF00,0x1CF2D,14},
  {0x1CF30,0x1CF46,14}, {0x1D165,0x1D169,14}, {0x1D16D,0x1D172,14},
  {0x1D173,0x1D17A,4}, {0x1D17B,0x1D182,14}, {0x1D185,0x1D18B,14},
  {0x1D1AA,0x1D1AD,14}, {0x1D242,0x1D244,14}, {0x1D400,0x1D419,7},
  {0x1D41A,0x1D433,6}, {0x1D434,0x1D44D,7}, {0x1D44E,0x1D454,6},
  {0x1D456,0x1D467,6}, {0x1D468,0x1D481,7}, {0x1D482,0x1D49B,6},
  {0x1D49C,0x1D49C,7}, {0x1D49E,0x1D49F,7}, {0x1D4A2,0x1D4A2,7},
  {0x1D4A5,0x1D4A6,7}, {0x1D4A9,0x1D4AC,7}, {0x1D4AE,0x1D4B5,7},
  {0x1D4B6,0x1D4B9,6}, {0x1D4BB,0x1D4BB,6}, {0x1D4BD,0x1D4C3,6},
  {0x1D4C5,0x1D4CF,6}, {0x1D4D0,0x1D4E9,7}, {0x1D4EA,0x1D503,6},
  {0x1D504,0x1D505,7}, {0x1D507,0x1D50A,7}, {0x1D50D,0x1D514,7},
  {0x1D516,0x1D51C,7}, {0x1D51E,0x1D537,6}, {0x1D538,0x1D539,7},
  {0x1D53B,0x1D53E,7}, {0x1D540,0x1D544,7}, {0x1D546,0x1D546,7},
  {0x1D54A,0x1D550,7}, {0x1D552,0x1D56B,6}, {0x1D56C,0x1D585,7},
  {0x1D586,0x1D59F,6}, {0x1D5A0,0x1D5B9,7}, {0x1D5BA,0x1D5D3,6},
  {0x1D5D4,0x1D5ED,7}, {0x1D5EE,0x1D607,6}, {0x1D608,0x1D621,7},
  {0x1D622,0x1D63B,6}, {0x1D63C,0x1D655,7}, {0x1D656,0x1D66F,6},
  {0x1D670,0x1D689,7}, {0x1D68A,0x1D6A5,6}, {0x1D6A8,0x1D6C0,7},
  {0x1D6C2,0x1D6DA,6}, {0x1D6DC,0x1D6E1,6}, {0x1D6E2,0x1D6FA,7},
  {0x1D6FC,0x1D714,6}, {0x1D716,0x1D71B,6}, {0x1D71C,0x1D734,7},
  {0x1D736,0x1D74E,6}, {0x1D750,0x1D755,6}, {0x1D756,0x1D76E,7},
  {0x1D770,0x1D788,6}, {0x1D78A,0x1D78F,6}, {0x1D790,0x1D7A8,7},
  {0x1D7AA,0x1D7C2,6}, {0x1D7C4,0x1D7C9,6}, {0x1D7CA,0x1D7CA,7},
  {0x1D7CB,0x1D7CB,6}, {0x1D7CE,0x1D7FF,9}, {0x1DA00,0x1DA36,14},
  {0x1DA3B,0x1DA6C,14}, {0x1DA75,0x1DA75,14}, {0x1DA84,0x1DA84,14},
  {0x1DA88,0x1DA88,12}, {0x1DA9B,0x1DA9F,14}, {0x1DAA1,0x1DAAF,14},
  {0x1DF00,0x1DF09,6}, {0x1DF0A,0x1DF0A,8}, {0x1DF0B,0x1DF1E,6},
  {0x1DF25,0x1DF2A,6}, {0x1E000,0x1E006,14}, {0x1E008,0x1E018,14},
  {0x1E01B,0x1E021,14}, {0x1E023,0x1E024,14}, {0x1E026,0x1E02A,14},
  {0x1E030,0x1E06D,6}, {0x1E08F,0x1E08F,14}, {0x1E100,0x1E12C,8},
  {0x1E130,0x1E136,14}, {0x1E137,0x1E13D,8}, {0x1E140,0x1E149,9},
  {0x1E14E,0x1E14E,8}, {0x1E290,0x1E2AD,8}, {0x1E2AE,0x1E2AE,14},
  {0x1E2C0,0x1E2EB,8}, {0x1E2EC,0x1E2EF,14}, {0x1E2F0,0x1E2F9,9},
  {0x1E4D0,0x1E4EB,8}, {0x1E4EC,0x1E4EF,14}, {0x1E4F0,0x1E4F9,9},
  {0x1E5D0,0x1E5ED,8}, {0x1E5EE,0x1E5EF,14}, {0x1E5F0,0x1E5F0,8},
  {0x1E5F1,0x1E5FA,9}, {0x1E6C0,0x1E6DE,8}, {0x1E6E0,0x1E6E2,8},
  {0x1E6E3,0x1E6E3,14}, {0x1E6E4,0x1E6E5,8}, {0x1E6E6,0x1E6E6,14},
  {0x1E6E7,0x1E6ED,8}, {0x1E6EE,0x1E6EF,14}, {0x1E6F0,0x1E6F4,8},
  {0x1E6F5,0x1E6F5,14}, {0x1E6FE,0x1E6FF,8}, {0x1E7E0,0x1E7E6,8},
  {0x1E7E8,0x1E7EB,8}, {0x1E7ED,0x1E7EE,8}, {0x1E7F0,0x1E7FE,8},
  {0x1E800,0x1E8C4,8}, {0x1E8D0,0x1E8D6,14}, {0x1E900,0x1E921,7},
  {0x1E922,0x1E943,6}, {0x1E944,0x1E94A,14}, {0x1E94B,0x1E94B,8},
  {0x1E950,0x1E959,9}, {0x1EE00,0x1EE03,8}, {0x1EE05,0x1EE1F,8},
  {0x1EE21,0x1EE22,8}, {0x1EE24,0x1EE24,8}, {0x1EE27,0x1EE27,8},
  {0x1EE29,0x1EE32,8}, {0x1EE34,0x1EE37,8}, {0x1EE39,0x1EE39,8},
  {0x1EE3B,0x1EE3B,8}, {0x1EE42,0x1EE42,8}, {0x1EE47,0x1EE47,8},
  {0x1EE49,0x1EE49,8}, {0x1EE4B,0x1EE4B,8}, {0x1EE4D,0x1EE4F,8},
  {0x1EE51,0x1EE52,8}, {0x1EE54,0x1EE54,8}, {0x1EE57,0x1EE57,8},
  {0x1EE59,0x1EE59,8}, {0x1EE5B,0x1EE5B,8}, {0x1EE5D,0x1EE5D,8},
  {0x1EE5F,0x1EE5F,8}, {0x1EE61,0x1EE62,8}, {0x1EE64,0x1EE64,8},
  {0x1EE67,0x1EE6A,8}, {0x1EE6C,0x1EE72,8}, {0x1EE74,0x1EE77,8},
  {0x1EE79,0x1EE7C,8}, {0x1EE7E,0x1EE7E,8}, {0x1EE80,0x1EE89,8},
  {0x1EE8B,0x1EE9B,8}, {0x1EEA1,0x1EEA3,8}, {0x1EEA5,0x1EEA9,8},
  {0x1EEAB,0x1EEBB,8}, {0x1F130,0x1F149,7}, {0x1F150,0x1F169,7},
  {0x1F170,0x1F189,7}, {0x1F676,0x1F678,13}, {0x1FBF0,0x1FBF9,9},
  {0x20000,0x2A6DF,8}, {0x2A700,0x2B81D,8}, {0x2B820,0x2CEAD,8},
  {0x2CEB0,0x2EBE0,8}, {0x2EBF0,0x2EE5D,8}, {0x2F800,0x2FA1D,8},
  {0x30000,0x3134A,8}, {0x31350,0x33479,8}, {0xE0001,0xE0001,4},
  {0xE0020,0xE007F,14}, {0xE0100,0xE01EF,14},
};
const size_t grx_unicode_sb_range_count = 2495;

const GRX_UnicodeBreakRange grx_unicode_lb_ranges[] = {
  {0x0000,0x0008,13}, {0x0009,0x0009,7}, {0x000A,0x000A,31},
  {0x000B,0x000C,9}, {0x000D,0x000D,15}, {0x000E,0x001F,13},
  {0x0020,0x0020,42}, {0x0021,0x0021,18}, {0x0022,0x0022,38},
  {0x0023,0x0023,3}, {0x0024,0x0024,37}, {0x0025,0x0025,36},
  {0x0026,0x0026,3}, {0x0027,0x0027,38}, {0x0028,0x0028,35},
  {0x0029,0x0029,14}, {0x002A,0x002A,3}, {0x002B,0x002B,37},
  {0x002C,0x002C,27}, {0x002D,0x002D,24}, {0x002E,0x002E,27},
  {0x002F,0x002F,43}, {0x0030,0x0039,34}, {0x003A,0x003B,27},
  {0x003C,0x003E,3}, {0x003F,0x003F,18}, {0x0040,0x005A,3},
  {0x005B,0x005B,35}, {0x005C,0x005C,37}, {0x005D,0x005D,14},
  {0x005E,0x007A,3}, {0x007B,0x007B,35}, {0x007C,0x007C,7},
  {0x007D,0x007D,12}, {0x007E,0x007E,3}, {0x007F,0x0084,13},
  {0x0085,0x0085,32}, {0x0086,0x009F,13}, {0x00A0,0x00A0,19},
  {0x00A1,0x00A1,35}, {0x00A2,0x00A2,36}, {0x00A3,0x00A5,37},
  {0x00A6,0x00AA,3}, {0x00AB,0x00AB,49}, {0x00AC,0x00AC,3},
  {0x00AD,0x00AD,7}, {0x00AE,0x00AF,3}, {0x00B0,0x00B0,36},
  {0x00B1,0x00B1,37}, {0x00B2,0x00B3,3}, {0x00B4,0x00B4,8},
  {0x00B5,0x00BA,3}, {0x00BB,0x00BB,50}, {0x00BC,0x00BE,3},
  {0x00BF,0x00BF,35}, {0x00C0,0x02C7,3}, {0x02C8,0x02C8,8},
  {0x02C9,0x02CB,3}, {0x02CC,0x02CC,8}, {0x02CD,0x02DE,3},
  {0x02DF,0x02DF,8}, {0x02E0,0x02FF,3}, {0x0300,0x035B,13},
  {0x035C,0x0362,19}, {0x0363,0x036F,13}, {0x0370,0x0377,3},
  {0x037A,0x037D,3}, {0x037E,0x037E,27}, {0x037F,0x037F,3},
  {0x0384,0x038A,3}, {0x038C,0x038C,3}, {0x038E,0x03A1,3},
  {0x03A3,0x0482,3}, {0x0483,0x0489,13}, {0x048A,0x052F,3},
  {0x0531,0x0556,3}, {0x0559,0x0588,3}, {0x0589,0x0589,27},
  {0x058A,0x058A,22}, {0x058D,0x058E,3}, {0x058F,0x058F,37},
  {0x0591,0x05BD,13}, {0x05BE,0x05BE,22}, {0x05BF,0x05BF,13},
  {0x05C0,0x05C0,3}, {0x05C1,0x05C2,13}, {0x05C3,0x05C3,3},
  {0x05C4,0x05C5,13}, {0x05C6,0x05C6,18}, {0x05C7,0x05C7,13},
  {0x05D0,0x05EA,23}, {0x05EF,0x05F2,23}, {0x05F3,0x05F4,3},
  {0x0600,0x0605,34}, {0x0606,0x0608,3}, {0x0609,0x060B,36},
  {0x060C,0x060D,27}, {0x060E,0x060F,3}, {0x0610,0x061A,13},
  {0x061B,0x061B,18}, {0x061C,0x061C,13}, {0x061D,0x061F,18},
  {0x0620,0x064A,3}, {0x064B,0x065F,13}, {0x0660,0x0669,34},
  {0x066A,0x066A,36}, {0x066B,0x066C,34}, {0x066D,0x066F,3},
  {0x0670,0x0670,13}, {0x0671,0x06D3,3}, {0x06D4,0x06D4,18},
  {0x06D5,0x06D5,3}, {0x06D6,0x06DC,13}, {0x06DD,0x06DD,34},
  {0x06DE,0x06DE,3}, {0x06DF,0x06E4,13}, {0x06E5,0x06E6,3},
  {0x06E7,0x06E8,13}, {0x06E9,0x06E9,3}, {0x06EA,0x06ED,13},
  {0x06EE,0x06EF,3}, {0x06F0,0x06F9,34}, {0x06FA,0x070D,3},
  {0x070F,0x0710,3}, {0x0711,0x0711,13}, {0x0712,0x072F,3},
  {0x0730,0x074A,13}, {0x074D,0x07A5,3}, {0x07A6,0x07B0,13},
  {0x07B1,0x07B1,3}, {0x07C0,0x07C9,34}, {0x07CA,0x07EA,3},
  {0x07EB,0x07F3,13}, {0x07F4,0x07F7,3}, {0x07F8,0x07F8,27},
  {0x07F9,0x07F9,18}, {0x07FA,0x07FA,3}, {0x07FD,0x07FD,13},
  {0x07FE,0x07FF,37}, {0x0800,0x0815,3}, {0x0816,0x0819,13},
  {0x081A,0x081A,3}, {0x081B,0x0823,13}, {0x0824,0x0824,3},
  {0x0825,0x0827,13}, {0x0828,0x0828,3}, {0x0829,0x082D,13},
  {0x0830,0x083E,3}, {0x0840,0x0858,3}, {0x0859,0x085B,13},
  {0x085E,0x085E,3}, {0x0860,0x086A,3}, {0x0870,0x088F,3},
  {0x0890,0x0891,34}, {0x0897,0x089F,13}, {0x08A0,0x08C9,3},
  {0x08CA,0x08E1,13}, {0x08E2,0x08E2,34}, {0x08E3,0x0903,13},
  {0x0904,0x0939,3}, {0x093A,0x093C,13}, {0x093D,0x093D,3},
  {0x093E,0x094F,13}, {0x0950,0x0950,3}, {0x0951,0x0957,13},
  {0x0958,0x0961,3}, {0x0962,0x0963,13}, {0x0964,0x0965,7},
  {0x0966,0x096F,34}, {0x0970,0x0980,3}, {0x0981,0x0983,13},
  {0x0985,0x098C,3}, {0x098F,0x0990,3}, {0x0993,0x09A8,3},
  {0x09AA,0x09B0,3}, {0x09B2,0x09B2,3}, {0x09B6,0x09B9,3},
  {0x09BC,0x09BC,13}, {0x09BD,0x09BD,3}, {0x09BE,0x09C4,13},
  {0x09C7,0x09C8,13}, {0x09CB,0x09CD,13}, {0x09CE,0x09CE,3},
  {0x09D7,0x09D7,13}, {0x09DC,0x09DD,3}, {0x09DF,0x09E1,3},
  {0x09E2,0x09E3,13}, {0x09E6,0x09EF,34}, {0x09F0,0x09F1,3},
  {0x09F2,0x09F3,36}, {0x09F4,0x09F8,3}, {0x09F9,0x09F9,36},
  {0x09FA,0x09FA,3}, {0x09FB,0x09FB,37}, {0x09FC,0x09FD,3},
  {0x09FE,0x09FE,13}, {0x0A01,0x0A03,13}, {0x0A05,0x0A0A,3},
  {0x0A0F,0x0A10,3}, {0x0A13,0x0A28,3}, {0x0A2A,0x0A30,3},
  {0x0A32,0x0A33,3}, {0x0A35,0x0A36,3}, {0x0A38,0x0A39,3},
  {0x0A3C,0x0A3C,13}, {0x0A3E,0x0A42,13}, {0x0A47,0x0A48,13},
  {0x0A4B,0x0A4D,13}, {0x0A51,0x0A51,13}, {0x0A59,0x0A5C,3},
  {0x0A5E,0x0A5E,3}, {0x0A66,0x0A6F,34}, {0x0A70,0x0A71,13},
  {0x0A72,0x0A74,3}, {0x0A75,0x0A75,13}, {0x0A76,0x0A76,3},
  {0x0A81,0x0A83,13}, {0x0A85,0x0A8D,3}, {0x0A8F,0x0A91,3},
  {0x0A93,0x0AA8,3}, {0x0AAA,0x0AB0,3}, {0x0AB2,0x0AB3,3},
  {0x0AB5,0x0AB9,3}, {0x0ABC,0x0ABC,13}, {0x0ABD,0x0ABD,3},
  {0x0ABE,0x0AC5,13}, {0x0AC7,0x0AC9,13}, {0x0ACB,0x0ACD,13},
  {0x0AD0,0x0AD0,3}, {0x0AE0,0x0AE1,3}, {0x0AE2,0x0AE3,13},
  {0x0AE6,0x0AEF,34}, {0x0AF0,0x0AF0,3}, {0x0AF1,0x0AF1,37},
  {0x0AF9,0x0AF9,3}, {0x0AFA,0x0AFF,13}, {0x0B01,0x0B03,13},
  {0x0B05,0x0B0C,3}, {0x0B0F,0x0B10,3}, {0x0B13,0x0B28,3},
  {0x0B2A,0x0B30,3}, {0x0B32,0x0B33,3}, {0x0B35,0x0B39,3},
  {0x0B3C,0x0B3C,13}, {0x0B3D,0x0B3D,3}, {0x0B3E,0x0B44,13},
  {0x0B47,0x0B48,13}, {0x0B4B,0x0B4D,13}, {0x0B55,0x0B57,13},
  {0x0B5C,0x0B5D,3}, {0x0B5F,0x0B61,3}, {0x0B62,0x0B63,13},
  {0x0B66,0x0B6F,34}, {0x0B70,0x0B77,3}, {0x0B82,0x0B82,13},
  {0x0B83,0x0B83,3}, {0x0B85,0x0B8A,3}, {0x0B8E,0x0B90,3},
  {0x0B92,0x0B95,3}, {0x0B99,0x0B9A,3}, {0x0B9C,0x0B9C,3},
  {0x0B9E,0x0B9F,3}, {0x0BA3,0x0BA4,3}, {0x0BA8,0x0BAA,3},
  {0x0BAE,0x0BB9,3}, {0x0BBE,0x0BC2,13}, {0x0BC6,0x0BC8,13},
  {0x0BCA,0x0BCD,13}, {0x0BD0,0x0BD0,3}, {0x0BD7,0x0BD7,13},
  {0x0BE6,0x0BEF,34}, {0x0BF0,0x0BF8,3}, {0x0BF9,0x0BF9,37},
  {0x0BFA,0x0BFA,3}, {0x0C00,0x0C04,13}, {0x0C05,0x0C0C,3},
  {0x0C0E,0x0C10,3}, {0x0C12,0x0C28,3}, {0x0C2A,0x0C39,3},
  {0x0C3C,0x0C3C,13}, {0x0C3D,0x0C3D,3}, {0x0C3E,0x0C44,13},
  {0x0C46,0x0C48,13}, {0x0C4A,0x0C4D,13}, {0x0C55,0x0C56,13},
  {0x0C58,0x0C5A,3}, {0x0C5C,0x0C5D,3}, {0x0C60,0x0C61,3},
  {0x0C62,0x0C63,13}, {0x0C66,0x0C6F,34}, {0x0C77,0x0C77,8},
  {0x0C78,0x0C80,3}, {0x0C81,0x0C83,13}, {0x0C84,0x0C84,8},
  {0x0C85,0x0C8C,3}, {0x0C8E,0x0C90,3}, {0x0C92,0x0CA8,3},
  {0x0CAA,0x0CB3,3}, {0x0CB5,0x0CB9,3}, {0x0CBC,0x0CBC,13},
  {0x0CBD,0x0CBD,3}, {0x0CBE,0x0CC4,13}, {0x0CC6,0x0CC8,13},
  {0x0CCA,0x0CCD,13}, {0x0CD5,0x0CD6,13}, {0x0CDC,0x0CDE,3},
  {0x0CE0,0x0CE1,3}, {0x0CE2,0x0CE3,13}, {0x0CE6,0x0CEF,34},
  {0x0CF1,0x0CF2,3}, {0x0CF3,0x0CF3,13}, {0x0D00,0x0D03,13},
  {0x0D04,0x0D0C,3}, {0x0D0E,0x0D10,3}, {0x0D12,0x0D3A,3},
  {0x0D3B,0x0D3C,13}, {0x0D3D,0x0D3D,3}, {0x0D3E,0x0D44,13},
  {0x0D46,0x0D48,13}, {0x0D4A,0x0D4D,13}, {0x0D4E,0x0D4F,3},
  {0x0D54,0x0D56,3}, {0x0D57,0x0D57,13}, {0x0D58,0x0D61,3},
  {0x0D62,0x0D63,13}, {0x0D66,0x0D6F,34}, {0x0D70,0x0D78,3},
  {0x0D79,0x0D79,36}, {0x0D7A,0x0D7F,3}, {0x0D81,0x0D83,13},
  {0x0D85,0x0D96,3}, {0x0D9A,0x0DB1,3}, {0x0DB3,0x0DBB,3},
  {0x0DBD,0x0DBD,3}, {0x0DC0,0x0DC6,3}, {0x0DCA,0x0DCA,13},
  {0x0DCF,0x0DD4,13}, {0x0DD6,0x0DD6,13}, {0x0DD8,0x0DDF,13},
  {0x0DE6,0x0DEF,34}, {0x0DF2,0x0DF3,13}, {0x0DF4,0x0DF4,3},
  {0x0E01,0x0E30,3}, {0x0E31,0x0E31,13}, {0x0E32,0x0E33,3},
  {0x0E34,0x0E3A,13}, {0x0E3F,0x0E3F,37}, {0x0E40,0x0E46,3},
  {0x0E47,0x0E4E,13}, {0x0E4F,0x0E4F,3}, {0x0E50,0x0E59,34},
  {0x0E5A,0x0E5B,7}, {0x0E81,0x0E82,3}, {0x0E84,0x0E84,3},
  {0x0E86,0x0E8A,3}, {0x0E8C,0x0EA3,3}, {0x0EA5,0x0EA5,3},
  {0x0EA7,0x0EB0,3}, {0x0EB1,0x0EB1,13}, {0x0EB2,0x0EB3,3},
  {0x0EB4,0x0EBC,13}, {0x0EBD,0x0EBD,3}, {0x0EC0,0x0EC4,3},
  {0x0EC6,0x0EC6,3}, {0x0EC8,0x0ECE,13}, {0x0ED0,0x0ED9,34},
  {0x0EDC,0x0EDF,3}, {0x0F00,0x0F00,3}, {0x0F01,0x0F04,8},
  {0x0F05,0x0F05,3}, {0x0F06,0x0F07,8}, {0x0F08,0x0F08,19},
  {0x0F09,0x0F0A,8}, {0x0F0B,0x0F0B,7}, {0x0F0C,0x0F0C,19},
  {0x0F0D,0x0F11,18}, {0x0F12,0x0F12,19}, {0x0F13,0x0F13,3},
  {0x0F14,0x0F14,18}, {0x0F15,0x0F17,3}, {0x0F18,0x0F19,13},
  {0x0F1A,0x0F1F,3}, {0x0F20,0x0F29,34}, {0x0F2A,0x0F33,3},
  {0x0F34,0x0F34,7}, {0x0F35,0x0F35,13}, {0x0F36,0x0F36,3},
  {0x0F37,0x0F37,13}, {0x0F38,0x0F38,3}, {0x0F39,0x0F39,13},
  {0x0F3A,0x0F3A,35}, {0x0F3B,0x0F3B,12}, {0x0F3C,0x0F3C,35},
  {0x0F3D,0x0F3D,12}, {0x0F3E,0x0F3F,13}, {0x0F40,0x0F47,3},
  {0x0F49,0x0F6C,3}, {0x0F71,0x0F7E,13}, {0x0F7F,0x0F7F,7},
  {0x0F80,0x0F84,13}, {0x0F85,0x0F85,7}, {0x0F86,0x0F87,13},
  {0x0F88,0x0F8C,3}, {0x0F8D,0x0F97,13}, {0x0F99,0x0FBC,13},
  {0x0FBE,0x0FBF,7}, {0x0FC0,0x0FC5,3}, {0x0FC6,0x0FC6,13},
  {0x0FC7,0x0FCC,3}, {0x0FCE,0x0FCF,3}, {0x0FD0,0x0FD1,8},
  {0x0FD2,0x0FD2,7}, {0x0FD3,0x0FD3,8}, {0x0FD4,0x0FD8,3},
  {0x0FD9,0x0FDA,19}, {0x1000,0x102A,3}, {0x102B,0x103E,13},
  {0x103F,0x103F,3}, {0x1040,0x1049,34}, {0x104A,0x104B,7},
  {0x104C,0x1055,3}, {0x1056,0x1059,13}, {0x105A,0x105D,3},
  {0x105E,0x1060,13}, {0x1061,0x1061,3}, {0x1062,0x1064,13},
  {0x1065,0x1066,3}, {0x1067,0x106D,13}, {0x106E,0x1070,3},
  {0x1071,0x1074,13}, {0x1075,0x1081,3}, {0x1082,0x108D,13},
  {0x108E,0x108E,3}, {0x108F,0x108F,13}, {0x1090,0x1099,34},
  {0x109A,0x109D,13}, {0x109E,0x10C5,3}, {0x10C7,0x10C7,3},
  {0x10CD,0x10CD,3}, {0x10D0,0x10FF,3}, {0x1100,0x115F,28},
  {0x1160,0x11A7,30}, {0x11A8,0x11FF,29}, {0x1200,0x1248,3},
  {0x124A,0x124D,3}, {0x1250,0x1256,3}, {0x1258,0x1258,3},
  {0x125A,0x125D,3}, {0x1260,0x1288,3}, {0x128A,0x128D,3},
  {0x1290,0x12B0,3}, {0x12B2,0x12B5,3}, {0x12B8,0x12BE,3},
  {0x12C0,0x12C0,3}, {0x12C2,0x12C5,3}, {0x12C8,0x12D6,3},
  {0x12D8,0x1310,3}, {0x1312,0x1315,3}, {0x1318,0x135A,3},
  {0x135D,0x135F,13}, {0x1360,0x1360,3}, {0x1361,0x1361,7},
  {0x1362,0x137C,3}, {0x1380,0x1399,3}, {0x13A0,0x13F5,3},
  {0x13F8,0x13FD,3}, {0x1400,0x1400,22}, {0x1401,0x167F,3},
  {0x1680,0x1680,7}, {0x1681,0x169A,3}, {0x169B,0x169B,35},
  {0x169C,0x169C,12}, {0x16A0,0x16EA,3}, {0x16EB,0x16ED,7},
  {0x16EE,0x16F8,3}, {0x1700,0x1711,3}, {0x1712,0x1715,13},
  {0x171F,0x1731,3}, {0x1732,0x1734,13}, {0x1735,0x1736,7},
  {0x1740,0x1751,3}, {0x1752,0x1753,13}, {0x1760,0x176C,3},
  {0x176E,0x1770,3}, {0x1772,0x1773,13}, {0x1780,0x17B3,3},
  {0x17B4,0x17D3,13}, {0x17D4,0x17D5,7}, {0x17D6,0x17D6,33},
  {0x17D7,0x17D7,3}, {0x17D8,0x17D8,7}, {0x17D9,0x17D9,3},
  {0x17DA,0x17DA,7}, {0x17DB,0x17DB,37}, {0x17DC,0x17DC,3},
  {0x17DD,0x17DD,13}, {0x17E0,0x17E9,34}, {0x17F0,0x17F9,3},
  {0x1800,0x1801,3}, {0x1802,0x1803,18}, {0x1804,0x1805,7},
  {0x1806,0x1806,8}, {0x1807,0x1807,3}, {0x1808,0x1809,18},
  {0x180A,0x180A,3}, {0x180B,0x180D,13}, {0x180E,0x180E,19},
  {0x180F,0x180F,13}, {0x1810,0x1819,34}, {0x1820,0x1878,3},
  {0x1880,0x1884,3}, {0x1885,0x1886,13}, {0x1887,0x18A8,3},
  {0x18A9,0x18A9,13}, {0x18AA,0x18AA,3}, {0x18B0,0x18F5,3},
  {0x1900,0x191E,3}, {0x1920,0x192B,13}, {0x1930,0x193B,13},
  {0x1940,0x1940,3}, {0x1944,0x1945,18}, {0x1946,0x194F,34},
  {0x1950,0x196D,3}, {0x1970,0x1974,3}, {0x1980,0x19AB,3},
  {0x19B0,0x19C9,3}, {0x19D0,0x19DA,34}, {0x19DE,0x1A16,3},
  {0x1A17,0x1A1B,13}, {0x1A1E,0x1A54,3}, {0x1A55,0x1A5E,13},
  {0x1A60,0x1A7C,13}, {0x1A7F,0x1A7F,13}, {0x1A80,0x1A89,34},
  {0x1A90,0x1A99,34}, {0x1AA0,0x1AAD,3}, {0x1AB0,0x1ADD,13},
  {0x1AE0,0x1AEA,13}, {0x1AEB,0x1AEB,19}, {0x1B00,0x1B04,13},
  {0x1B05,0x1B33,2}, {0x1B34,0x1B43,13}, {0x1B44,0x1B44,45},
  {0x1B45,0x1B4C,2}, {0x1B4E,0x1B4F,7}, {0x1B50,0x1B59,5},
  {0x1B5A,0x1B5B,7}, {0x1B5C,0x1B5C,25}, {0x1B5D,0x1B60,7},
  {0x1B61,0x1B6A,25}, {0x1B6B,0x1B73,13}, {0x1B74,0x1B7C,25},
  {0x1B7D,0x1B7F,7}, {0x1B80,0x1B82,13}, {0x1B83,0x1BA0,3},
  {0x1BA1,0x1BAD,13}, {0x1BAE,0x1BAF,3}, {0x1BB0,0x1BB9,34},
  {0x1BBA,0x1BBF,3}, {0x1BC0,0x1BE5,5}, {0x1BE6,0x1BF1,13},
  {0x1BF2,0x1BF3,44}, {0x1BFC,0x1C23,3}, {0x1C24,0x1C37,13},
  {0x1C3B,0x1C3F,7}, {0x1C40,0x1C49,34}, {0x1C4D,0x1C4F,3},
  {0x1C50,0x1C59,34}, {0x1C5A,0x1C7D,3}, {0x1C7E,0x1C7F,7},
  {0x1C80,0x1C8A,3}, {0x1C90,0x1CBA,3}, {0x1CBD,0x1CC7,3},
  {0x1CD0,0x1CD2,13}, {0x1CD3,0x1CD3,3}, {0x1CD4,0x1CE8,13},
  {0x1CE9,0x1CEC,3}, {0x1CED,0x1CED,13}, {0x1CEE,0x1CF3,3},
  {0x1CF4,0x1CF4,13}, {0x1CF5,0x1CF6,3}, {0x1CF7,0x1CF9,13},
  {0x1CFA,0x1CFA,3}, {0x1D00,0x1DBF,3}, {0x1DC0,0x1DCC,13},
  {0x1DCD,0x1DCD,19}, {0x1DCE,0x1DFB,13}, {0x1DFC,0x1DFC,19},
  {0x1DFD,0x1DFF,13}, {0x1E00,0x1F15,3}, {0x1F18,0x1F1D,3},
  {0x1F20,0x1F45,3}, {0x1F48,0x1F4D,3}, {0x1F50,0x1F57,3},
  {0x1F59,0x1F59,3}, {0x1F5B,0x1F5B,3}, {0x1F5D,0x1F5D,3},
  {0x1F5F,0x1F7D,3}, {0x1F80,0x1FB4,3}, {0x1FB6,0x1FC4,3},
  {0x1FC6,0x1FD3,3}, {0x1FD6,0x1FDB,3}, {0x1FDD,0x1FEF,3},
  {0x1FF2,0x1FF4,3}, {0x1FF6,0x1FFC,3}, {0x1FFD,0x1FFD,8},
  {0x1FFE,0x1FFE,3}, {0x2000,0x2006,7}, {0x2007,0x2007,19},
  {0x2008,0x200A,7}, {0x200B,0x200B,47}, {0x200C,0x200C,13},
  {0x200D,0x200D,48}, {0x200E,0x200F,13}, {0x2010,0x2010,22},
  {0x2011,0x2011,19}, {0x2012,0x2013,22}, {0x2014,0x2014,6},
  {0x2015,0x2017,3}, {0x2018,0x2018,49}, {0x2019,0x2019,50},
  {0x201A,0x201A,35}, {0x201B,0x201C,49}, {0x201D,0x201D,50},
  {0x201E,0x201E,35}, {0x201F,0x201F,49}, {0x2020,0x2023,3},
  {0x2024,0x2026,26}, {0x2027,0x2027,7}, {0x2028,0x2029,9},
  {0x202A,0x202E,13}, {0x202F,0x202F,19}, {0x2030,0x2037,36},
  {0x2038,0x2038,3}, {0x2039,0x2039,49}, {0x203A,0x203A,50},
  {0x203B,0x203B,3}, {0x203C,0x203D,33}, {0x203E,0x2043,3},
  {0x2044,0x2044,27}, {0x2045,0x2045,35}, {0x2046,0x2046,12},
  {0x2047,0x2049,33}, {0x204A,0x2055,3}, {0x2056,0x2056,7},
  {0x2057,0x2057,36}, {0x2058,0x205B,7}, {0x205C,0x205C,3},
  {0x205D,0x205F,7}, {0x2060,0x2060,46}, {0x2061,0x2064,3},
  {0x2066,0x206F,13}, {0x2070,0x2071,3}, {0x2074,0x207C,3},
  {0x207D,0x207D,35}, {0x207E,0x207E,12}, {0x207F,0x208C,3},
  {0x208D,0x208D,35}, {0x208E,0x208E,12}, {0x2090,0x209C,3},
  {0x20A0,0x20A6,37}, {0x20A7,0x20A7,36}, {0x20A8,0x20B5,37},
  {0x20B6,0x20B6,36}, {0x20B7,0x20BA,37}, {0x20BB,0x20BB,36},
  {0x20BC,0x20BD,37}, {0x20BE,0x20BE,36}, {0x20BF,0x20BF,37},
  {0x20C0,0x20C0,36}, {0x20C1,0x20CF,37}, {0x20D0,0x20F0,13},
  {0x2100,0x2102,3}, {0x2103,0x2103,36}, {0x2104,0x2108,3},
  {0x2109,0x2109,36}, {0x210A,0x2115,3}, {0x2116,0x2116,37},
  {0x2117,0x218B,3}, {0x2190,0x2211,3}, {0x2212,0x2213,37},
  {0x2214,0x22EE,3}, {0x22EF,0x22EF,26}, {0x22F0,0x2307,3},
  {0x2308,0x2308,35}, {0x2309,0x2309,12}, {0x230A,0x230A,35},
  {0x230B,0x230B,12}, {0x230C,0x2319,3}, {0x231A,0x231B,25},
  {0x231C,0x2328,3}, {0x2329,0x2329,35}, {0x232A,0x232A,12},
  {0x232B,0x23EF,3}, {0x23F0,0x23F3,25}, {0x23F4,0x2429,3},
  {0x2440,0x244A,3}, {0x2460,0x25FF,3}, {0x2600,0x2603,25},
  {0x2604,0x2613,3}, {0x2614,0x2615,25}, {0x2616,0x2617,3},
  {0x2618,0x2618,25}, {0x2619,0x2619,3}, {0x261A,0x261C,25},
  {0x261D,0x261D,16}, {0x261E,0x261F,25}, {0x2620,0x2638,3},
  {0x2639,0x263B,25}, {0x263C,0x2667,3}, {0x2668,0x2668,25},
  {0x2669,0x267E,3}, {0x267F,0x267F,25}, {0x2680,0x26BC,3},
  {0x26BD,0x26C8,25}, {0x26C9,0x26CC,3}, {0x26CD,0x26CD,25},
  {0x26CE,0x26CE,3}, {0x26CF,0x26D1,25}, {0x26D2,0x26D2,3},
  {0x26D3,0x26D4,25}, {0x26D5,0x26D7,3}, {0x26D8,0x26D9,25},
  {0x26DA,0x26DB,3}, {0x26DC,0x26DC,25}, {0x26DD,0x26DE,3},
  {0x26DF,0x26E1,25}, {0x26E2,0x26E9,3}, {0x26EA,0x26EA,25},
  {0x26EB,0x26F0,3}, {0x26F1,0x26F5,25}, {0x26F6,0x26F6,3},
  {0x26F7,0x26F8,25}, {0x26F9,0x26F9,16}, {0x26FA,0x26FA,25},
  {0x26FB,0x26FC,3}, {0x26FD,0x2704,25}, {0x2705,0x2707,3},
  {0x2708,0x2709,25}, {0x270A,0x270D,16}, {0x270E,0x275A,3},
  {0x275B,0x2760,38}, {0x2761,0x2761,3}, {0x2762,0x2763,18},
  {0x2764,0x2764,25}, {0x2765,0x2767,3}, {0x2768,0x2768,35},
  {0x2769,0x2769,12}, {0x276A,0x276A,35}, {0x276B,0x276B,12},
  {0x276C,0x276C,35}, {0x276D,0x276D,12}, {0x276E,0x276E,35},
  {0x276F,0x276F,12}, {0x2770,0x2770,35}, {0x2771,0x2771,12},
  {0x2772,0x2772,35}, {0x2773,0x2773,12}, {0x2774,0x2774,35},
  {0x2775,0x2775,12}, {0x2776,0x27C4,3}, {0x27C5,0x27C5,35},
  {0x27C6,0x27C6,12}, {0x27C7,0x27E5,3}, {0x27E6,0x27E6,35},
  {0x27E7,0x27E7,12}, {0x27E8,0x27E8,35}, {0x27E9,0x27E9,12},
  {0x27EA,0x27EA,35}, {0x27EB,0x27EB,12}, {0x27EC,0x27EC,35},
  {0x27ED,0x27ED,12}, {0x27EE,0x27EE,35}, {0x27EF,0x27EF,12},
  {0x27F0,0x27FF,3}, {0x2800,0x2800,7}, {0x2801,0x2982,3},
  {0x2983,0x2983,35}, {0x2984,0x2984,12}, {0x2985,0x2985,35},
  {0x2986,0x2986,12}, {0x2987,0x2987,35}, {0x2988,0x2988,12},
  {0x2989,0x2989,35}, {0x298A,0x298A,12}, {0x298B,0x298B,35},
  {0x298C,0x298C,12}, {0x298D,0x298D,35}, {0x298E,0x298E,12},
  {0x298F,0x298F,35}, {0x2990,0x2990,12}, {0x2991,0x2991,35},
  {0x2992,0x2992,12}, {0x2993,0x2993,35}, {0x2994,0x2994,12},
  {0x2995,0x2995,35}, {0x2996,0x2996,12}, {0x2997,0x2997,35},
  {0x2998,0x2998,12}, {0x2999,0x29D7,3}, {0x29D8,0x29D8,35},
  {0x29D9,0x29D9,12}, {0x29DA,0x29DA,35}, {0x29DB,0x29DB,12},
  {0x29DC,0x29FB,3}, {0x29FC,0x29FC,35}, {0x29FD,0x29FD,12},
  {0x29FE,0x2B73,3}, {0x2B76,0x2CEE,3}, {0x2CEF,0x2CF1,13},
  {0x2CF2,0x2CF3,3}, {0x2CF9,0x2CF9,18}, {0x2CFA,0x2CFC,7},
  {0x2CFD,0x2CFD,3}, {0x2CFE,0x2CFE,18}, {0x2CFF,0x2CFF,7},
  {0x2D00,0x2D25,3}, {0x2D27,0x2D27,3}, {0x2D2D,0x2D2D,3},
  {0x2D30,0x2D67,3}, {0x2D6F,0x2D6F,3}, {0x2D70,0x2D70,7},
  {0x2D7F,0x2D7F,13}, {0x2D80,0x2D96,3}, {0x2DA0,0x2DA6,3},
  {0x2DA8,0x2DAE,3}, {0x2DB0,0x2DB6,3}, {0x2DB8,0x2DBE,3},
  {0x2DC0,0x2DC6,3}, {0x2DC8,0x2DCE,3}, {0x2DD0,0x2DD6,3},
  {0x2DD8,0x2DDE,3}, {0x2DE0,0x2DFF,13}, {0x2E00,0x2E01,38},
  {0x2E02,0x2E02,49}, {0x2E03,0x2E03,50}, {0x2E04,0x2E04,49},
  {0x2E05,0x2E05,50}, {0x2E06,0x2E08,38}, {0x2E09,0x2E09,49},
  {0x2E0A,0x2E0A,50}, {0x2E0B,0x2E0B,38}, {0x2E0C,0x2E0C,49},
  {0x2E0D,0x2E0D,50}, {0x2E0E,0x2E15,7}, {0x2E16,0x2E16,3},
  {0x2E17,0x2E17,22}, {0x2E18,0x2E18,35}, {0x2E19,0x2E19,7},
  {0x2E1A,0x2E1B,3}, {0x2E1C,0x2E1C,49}, {0x2E1D,0x2E1D,50},
  {0x2E1E,0x2E1F,3}, {0x2E20,0x2E20,49}, {0x2E21,0x2E21,50},
  {0x2E22,0x2E22,35}, {0x2E23,0x2E23,12}, {0x2E24,0x2E24,35},
  {0x2E25,0x2E25,12}, {0x2E26,0x2E26,35}, {0x2E27,0x2E27,12},
  {0x2E28,0x2E28,35}, {0x2E29,0x2E29,12}, {0x2E2A,0x2E2D,7},
  {0x2E2E,0x2E2E,18}, {0x2E2F,0x2E2F,3}, {0x2E30,0x2E31,7},
  {0x2E32,0x2E32,3}, {0x2E33,0x2E34,7}, {0x2E35,0x2E39,3},
  {0x2E3A,0x2E3B,6}, {0x2E3C,0x2E3E,7}, {0x2E3F,0x2E3F,3},
  {0x2E40,0x2E40,22}, {0x2E41,0x2E41,7}, {0x2E42,0x2E42,35},
  {0x2E43,0x2E4A,7}, {0x2E4B,0x2E4B,3}, {0x2E4C,0x2E4C,7},
  {0x2E4D,0x2E4D,3}, {0x2E4E,0x2E4F,7}, {0x2E50,0x2E52,3},
  {0x2E53,0x2E54,18}, {0x2E55,0x2E55,35}, {0x2E56,0x2E56,14},
  {0x2E57,0x2E57,35}, {0x2E58,0x2E58,14}, {0x2E59,0x2E59,35},
  {0x2E5A,0x2E5A,14}, {0x2E5B,0x2E5B,35}, {0x2E5C,0x2E5C,14},
  {0x2E5D,0x2E5D,22}, {0x2E80,0x2E99,25}, {0x2E9B,0x2EF3,25},
  {0x2F00,0x2FD5,25}, {0x2FF0,0x2FFF,25}, {0x3000,0x3000,7},
  {0x3001,0x3002,12}, {0x3003,0x3004,25}, {0x3005,0x3005,33},
  {0x3006,0x3007,25}, {0x3008,0x3008,35}, {0x3009,0x3009,12},
  {0x300A,0x300A,35}, {0x300B,0x300B,12}, {0x300C,0x300C,35},
  {0x300D,0x300D,12}, {0x300E,0x300E,35}, {0x300F,0x300F,12},
  {0x3010,0x3010,35}, {0x3011,0x3011,12}, {0x3012,0x3013,25},
  {0x3014,0x3014,35}, {0x3015,0x3015,12}, {0x3016,0x3016,35},
  {0x3017,0x3017,12}, {0x3018,0x3018,35}, {0x3019,0x3019,12},
  {0x301A,0x301A,35}, {0x301B,0x301B,12}, {0x301C,0x301C,33},
  {0x301D,0x301D,35}, {0x301E,0x301F,12}, {0x3020,0x3029,25},
  {0x302A,0x302F,13}, {0x3030,0x3034,25}, {0x3035,0x3035,13},
  {0x3036,0x303A,25}, {0x303B,0x303C,33}, {0x303D,0x303F,25},
  {0x3041,0x3041,33}, {0x3042,0x3042,25}, {0x3043,0x3043,33},
  {0x3044,0x3044,25}, {0x3045,0x3045,33}, {0x3046,0x3046,25},
  {0x3047,0x3047,33}, {0x3048,0x3048,25}, {0x3049,0x3049,33},
  {0x304A,0x3062,25}, {0x3063,0x3063,33}, {0x3064,0x3082,25},
  {0x3083,0x3083,33}, {0x3084,0x3084,25}, {0x3085,0x3085,33},
  {0x3086,0x3086,25}, {0x3087,0x3087,33}, {0x3088,0x308D,25},
  {0x308E,0x308E,33}, {0x308F,0x3094,25}, {0x3095,0x3096,33},
  {0x3099,0x309A,13}, {0x309B,0x309E,33}, {0x309F,0x309F,25},
  {0x30A0,0x30A1,33}, {0x30A2,0x30A2,25}, {0x30A3,0x30A3,33},
  {0x30A4,0x30A4,25}, {0x30A5,0x30A5,33}, {0x30A6,0x30A6,25},
  {0x30A7,0x30A7,33}, {0x30A8,0x30A8,25}, {0x30A9,0x30A9,33},
  {0x30AA,0x30C2,25}, {0x30C3,0x30C3,33}, {0x30C4,0x30E2,25},
  {0x30E3,0x30E3,33}, {0x30E4,0x30E4,25}, {0x30E5,0x30E5,33},
  {0x30E6,0x30E6,25}, {0x30E7,0x30E7,33}, {0x30E8,0x30ED,25},
  {0x30EE,0x30EE,33}, {0x30EF,0x30F4,25}, {0x30F5,0x30F6,33},
  {0x30F7,0x30FA,25}, {0x30FB,0x30FE,33}, {0x30FF,0x30FF,25},
  {0x3105,0x312F,25}, {0x3131,0x318E,25}, {0x3190,0x31E5,25},
  {0x31EF,0x31EF,25}, {0x31F0,0x31FF,33}, {0x3200,0x321E,25},
  {0x3220,0x3247,25}, {0x3248,0x324F,3}, {0x3250,0x4DBF,25},
  {0x4DC0,0x4DFF,3}, {0x4E00,0xA014,25}, {0xA015,0xA015,33},
  {0xA016,0xA48C,25}, {0xA490,0xA4C6,25}, {0xA4D0,0xA4FD,3},
  {0xA4FE,0xA4FF,7}, {0xA500,0xA60C,3}, {0xA60D,0xA60D,7},
  {0xA60E,0xA60E,18}, {0xA60F,0xA60F,7}, {0xA610,0xA61F,3},
  {0xA620,0xA629,34}, {0xA62A,0xA62B,3}, {0xA640,0xA66E,3},
  {0xA66F,0xA672,13}, {0xA673,0xA673,3}, {0xA674,0xA67D,13},
  {0xA67E,0xA69D,3}, {0xA69E,0xA69F,13}, {0xA6A0,0xA6EF,3},
  {0xA6F0,0xA6F1,13}, {0xA6F2,0xA6F2,3}, {0xA6F3,0xA6F7,7},
  {0xA700,0xA7DC,3}, {0xA7F1,0xA801,3}, {0xA802,0xA802,13},
  {0xA803,0xA805,3}, {0xA806,0xA806,13}, {0xA807,0xA80A,3},
  {0xA80B,0xA80B,13}, {0xA80C,0xA822,3}, {0xA823,0xA827,13},
  {0xA828,0xA82B,3}, {0xA82C,0xA82C,13}, {0xA830,0xA837,3},
  {0xA838,0xA838,36}, {0xA839,0xA839,3}, {0xA840,0xA873,3},
  {0xA874,0xA875,8}, {0xA876,0xA877,18}, {0xA880,0xA881,13},
  {0xA882,0xA8B3,3}, {0xA8B4,0xA8C5,13}, {0xA8CE,0xA8CF,7},
  {0xA8D0,0xA8D9,34}, {0xA8E0,0xA8F1,13}, {0xA8F2,0xA8FB,3},
  {0xA8FC,0xA8FC,8}, {0xA8FD,0xA8FE,3}, {0xA8FF,0xA8FF,13},
  {0xA900,0xA909,34}, {0xA90A,0xA925,3}, {0xA926,0xA92D,13},
  {0xA92E,0xA92F,7}, {0xA930,0xA946,3}, {0xA947,0xA953,13},
  {0xA95F,0xA95F,3}, {0xA960,0xA97C,28}, {0xA980,0xA983,13},
  {0xA984,0xA9B2,2}, {0xA9B3,0xA9BF,13}, {0xA9C0,0xA9C0,45},
  {0xA9C1,0xA9C6,25}, {0xA9C7,0xA9C9,7}, {0xA9CA,0xA9CD,25},
  {0xA9CF,0xA9CF,7}, {0xA9D0,0xA9D9,5}, {0xA9DE,0xA9DF,25},
  {0xA9E0,0xA9E4,3}, {0xA9E5,0xA9E5,13}, {0xA9E6,0xA9EF,3},
  {0xA9F0,0xA9F9,34}, {0xA9FA,0xA9FE,3}, {0xAA00,0xAA28,5},
  {0xAA29,0xAA36,13}, {0xAA40,0xAA42,7}, {0xAA43,0xAA43,13},
  {0xAA44,0xAA4B,7}, {0xAA4C,0xAA4D,13}, {0xAA50,0xAA59,5},
  {0xAA5C,0xAA5C,25}, {0xAA5D,0xAA5F,7}, {0xAA60,0xAA7A,3},
  {0xAA7B,0xAA7D,13}, {0xAA7E,0xAAAF,3}, {0xAAB0,0xAAB0,13},
  {0xAAB1,0xAAB1,3}, {0xAAB2,0xAAB4,13}, {0xAAB5,0xAAB6,3},
  {0xAAB7,0xAAB8,13}, {0xAAB9,0xAABD,3}, {0xAABE,0xAABF,13},
  {0xAAC0,0xAAC0,3}, {0xAAC1,0xAAC1,13}, {0xAAC2,0xAAC2,3},
  {0xAADB,0xAAEA,3}, {0xAAEB,0xAAEF,13}, {0xAAF0,0xAAF1,7},
  {0xAAF2,0xAAF4,3}, {0xAAF5,0xAAF6,13}, {0xAB01,0xAB06,3},
  {0xAB09,0xAB0E,3}, {0xAB11,0xAB16,3}, {0xAB20,0xAB26,3},
  {0xAB28,0xAB2E,3}, {0xAB30,0xAB6B,3}, {0xAB70,0xABE2,3},
  {0xABE3,0xABEA,13}, {0xABEB,0xABEB,7}, {0xABEC,0xABED,13},
  {0xABF0,0xABF9,34}, {0xAC00,0xAC00,20}, {0xAC01,0xAC1B,21},
  {0xAC1C,0xAC1C,20}, {0xAC1D,0xAC37,21}, {0xAC38,0xAC38,20},
  {0xAC39,0xAC53,21}, {0xAC54,0xAC54,20}, {0xAC55,0xAC6F,21},
  {0xAC70,0xAC70,20}, {0xAC71,0xAC8B,21}, {0xAC8C,0xAC8C,20},
  {0xAC8D,0xACA7,21}, {0xACA8,0xACA8,20}, {0xACA9,0xACC3,21},
  {0xACC4,0xACC4,20}, {0xACC5,0xACDF,21}, {0xACE0,0xACE0,20},
  {0xACE1,0xACFB,21}, {0xACFC,0xACFC,20}, {0xACFD,0xAD17,21},
  {0xAD18,0xAD18,20}, {0xAD19,0xAD33,21}, {0xAD34,0xAD34,20},
  {0xAD35,0xAD4F,21}, {0xAD50,0xAD50,20}, {0xAD51,0xAD6B,21},
  {0xAD6C,0xAD6C,20}, {0xAD6D,0xAD87,21}, {0xAD88,0xAD88,20},
  {0xAD89,0xADA3,21}, {0xADA4,0xADA4,20}, {0xADA5,0xADBF,21},
  {0xADC0,0xADC0,20}, {0xADC1,0xADDB,21}, {0xADDC,0xADDC,20},
  {0xADDD,0xADF7,21}, {0xADF8,0xADF8,20}, {0xADF9,0xAE13,21},
  {0xAE14,0xAE14,20}, {0xAE15,0xAE2F,21}, {0xAE30,0xAE30,20},
  {0xAE31,0xAE4B,21}, {0xAE4C,0xAE4C,20}, {0xAE4D,0xAE67,21},
  {0xAE68,0xAE68,20}, {0xAE69,0xAE83,21}, {0xAE84,0xAE84,20},
  {0xAE85,0xAE9F,21}, {0xAEA0,0xAEA0,20}, {0xAEA1,0xAEBB,21},
  {0xAEBC,0xAEBC,20}, {0xAEBD,0xAED7,21}, {0xAED8,0xAED8,20},
  {0xAED9,0xAEF3,21}, {0xAEF4,0xAEF4,20}, {0xAEF5,0xAF0F,21},
  {0xAF10,0xAF10,20}, {0xAF11,0xAF2B,21}, {0xAF2C,0xAF2C,20},
  {0xAF2D,0xAF47,21}, {0xAF48,0xAF48,20}, {0xAF49,0xAF63,21},
  {0xAF64,0xAF64,20}, {0xAF65,0xAF7F,21}, {0xAF80,0xAF80,20},
  {0xAF81,0xAF9B,21}, {0xAF9C,0xAF9C,20}, {0xAF9D,0xAFB7,21},
  {0xAFB8,0xAFB8,20}, {0xAFB9,0xAFD3,21}, {0xAFD4,0xAFD4,20},
  {0xAFD5,0xAFEF,21}, {0xAFF0,0xAFF0,20}, {0xAFF1,0xB00B,21},
  {0xB00C,0xB00C,20}, {0xB00D,0xB027,21}, {0xB028,0xB028,20},
  {0xB029,0xB043,21}, {0xB044,0xB044,20}, {0xB045,0xB05F,21},
  {0xB060,0xB060,20}, {0xB061,0xB07B,21}, {0xB07C,0xB07C,20},
  {0xB07D,0xB097,21}, {0xB098,0xB098,20}, {0xB099,0xB0B3,21},
  {0xB0B4,0xB0B4,20}, {0xB0B5,0xB0CF,21}, {0xB0D0,0xB0D0,20},
  {0xB0D1,0xB0EB,21}, {0xB0EC,0xB0EC,20}, {0xB0ED,0xB107,21},
  {0xB108,0xB108,20}, {0xB109,0xB123,21}, {0xB124,0xB124,20},
  {0xB125,0xB13F,21}, {0xB140,0xB140,20}, {0xB141,0xB15B,21},
  {0xB15C,0xB15C,20}, {0xB15D,0xB177,21}, {0xB178,0xB178,20},
  {0xB179,0xB193,21}, {0xB194,0xB194,20}, {0xB195,0xB1AF,21},
  {0xB1B0,0xB1B0,20}, {0xB1B1,0xB1CB,21}, {0xB1CC,0xB1CC,20},
  {0xB1CD,0xB1E7,21}, {0xB1E8,0xB1E8,20}, {0xB1E9,0xB203,21},
  {0xB204,0xB204,20}, {0xB205,0xB21F,21}, {0xB220,0xB220,20},
  {0xB221,0xB23B,21}, {0xB23C,0xB23C,20}, {0xB23D,0xB257,21},
  {0xB258,0xB258,20}, {0xB259,0xB273,21}, {0xB274,0xB274,20},
  {0xB275,0xB28F,21}, {0xB290,0xB290,20}, {0xB291,0xB2AB,21},
  {0xB2AC,0xB2AC,20}, {0xB2AD,0xB2C7,21}, {0xB2C8,0xB2C8,20},
  {0xB2C9,0xB2E3,21}, {0xB2E4,0xB2E4,20}, {0xB2E5,0xB2FF,21},
  {0xB300,0xB300,20}, {0xB301,0xB31B,21}, {0xB31C,0xB31C,20},
  {0xB31D,0xB337,21}, {0xB338,0xB338,20}, {0xB339,0xB353,21},
  {0xB354,0xB354,20}, {0xB355,0xB36F,21}, {0xB370,0xB370,20},
  {0xB371,0xB38B,21}, {0xB38C,0xB38C,20}, {0xB38D,0xB3A7,21},
  {0xB3A8,0xB3A8,20}, {0xB3A9,0xB3C3,21}, {0xB3C4,0xB3C4,20},
  {0xB3C5,0xB3DF,21}, {0xB3E0,0xB3E0,20}, {0xB3E1,0xB3FB,21},
  {0xB3FC,0xB3FC,20}, {0xB3FD,0xB417,21}, {0xB418,0xB418,20},
  {0xB419,0xB433,21}, {0xB434,0xB434,20}, {0xB435,0xB44F,21},
  {0xB450,0xB450,20}, {0xB451,0xB46B,21}, {0xB46C,0xB46C,20},
  {0xB46D,0xB487,21}, {0xB488,0xB488,20}, {0xB489,0xB4A3,21},
  {0xB4A4,0xB4A4,20}, {0xB4A5,0xB4BF,21}, {0xB4C0,0xB4C0,20},
  {0xB4C1,0xB4DB,21}, {0xB4DC,0xB4DC,20}, {0xB4DD,0xB4F7,21},
  {0xB4F8,0xB4F8,20}, {0xB4F9,0xB513,21}, {0xB514,0xB514,20},
  {0xB515,0xB52F,21}, {0xB530,0xB530,20}, {0xB531,0xB54B,21},
  {0xB54C,0xB54C,20}, {0xB54D,0xB567,21}, {0xB568,0xB568,20},
  {0xB569,0xB583,21}, {0xB584,0xB584,20}, {0xB585,0xB59F,21},
  {0xB5A0,0xB5A0,20}, {0xB5A1,0xB5BB,21}, {0xB5BC,0xB5BC,20},
  {0xB5BD,0xB5D7,21}, {0xB5D8,0xB5D8,20}, {0xB5D9,0xB5F3,21},
  {0xB5F4,0xB5F4,20}, {0xB5F5,0xB60F,21}, {0xB610,0xB610,20},
  {0xB611,0xB62B,21}, {0xB62C,0xB62C,20}, {0xB62D,0xB647,21},
  {0xB648,0xB648,20}, {0xB649,0xB663,21}, {0xB664,0xB664,20},
  {0xB665,0xB67F,21}, {0xB680,0xB680,20}, {0xB681,0xB69B,21},
  {0xB69C,0xB69C,20}, {0xB69D,0xB6B7,21}, {0xB6B8,0xB6B8,20},
  {0xB6B9,0xB6D3,21}, {0xB6D4,0xB6D4,20}, {0xB6D5,0xB6EF,21},
  {0xB6F0,0xB6F0,20}, {0xB6F1,0xB70B,21}, {0xB70C,0xB70C,20},
  {0xB70D,0xB727,21}, {0xB728,0xB728,20}, {0xB729,0xB743,21},
  {0xB744,0xB744,20}, {0xB745,0xB75F,21}, {0xB760,0xB760,20},
  {0xB761,0xB77B,21}, {0xB77C,0xB77C,20}, {0xB77D,0xB797,21},
  {0xB798,0xB798,20}, {0xB799,0xB7B3,21}, {0xB7B4,0xB7B4,20},
  {0xB7B5,0xB7CF,21}, {0xB7D0,0xB7D0,20}, {0xB7D1,0xB7EB,21},
  {0xB7EC,0xB7EC,20}, {0xB7ED,0xB807,21}, {0xB808,0xB808,20},
  {0xB809,0xB823,21}, {0xB824,0xB824,20}, {0xB825,0xB83F,21},
  {0xB840,0xB840,20}, {0xB841,0xB85B,21}, {0xB85C,0xB85C,20},
  {0xB85D,0xB877,21}, {0xB878,0xB878,20}, {0xB879,0xB893,21},
  {0xB894,0xB894,20}, {0xB895,0xB8AF,21}, {0xB8B0,0xB8B0,20},
  {0xB8B1,0xB8CB,21}, {0xB8CC,0xB8CC,20}, {0xB8CD,0xB8E7,21},
  {0xB8E8,0xB8E8,20}, {0xB8E9,0xB903,21}, {0xB904,0xB904,20},
  {0xB905,0xB91F,21}, {0xB920,0xB920,20}, {0xB921,0xB93B,21},
  {0xB93C,0xB93C,20}, {0xB93D,0xB957,21}, {0xB958,0xB958,20},
  {0xB959,0xB973,21}, {0xB974,0xB974,20}, {0xB975,0xB98F,21},
  {0xB990,0xB990,20}, {0xB991,0xB9AB,21}, {0xB9AC,0xB9AC,20},
  {0xB9AD,0xB9C7,21}, {0xB9C8,0xB9C8,20}, {0xB9C9,0xB9E3,21},
  {0xB9E4,0xB9E4,20}, {0xB9E5,0xB9FF,21}, {0xBA00,0xBA00,20},
  {0xBA01,0xBA1B,21}, {0xBA1C,0xBA1C,20}, {0xBA1D,0xBA37,21},
  {0xBA38,0xBA38,20}, {0xBA39,0xBA53,21}, {0xBA54,0xBA54,20},
  {0xBA55,0xBA6F,21}, {0xBA70,0xBA70,20}, {0xBA71,0xBA8B,21},
  {0xBA8C,0xBA8C,20}, {0xBA8D,0xBAA7,21}, {0xBAA8,0xBAA8,20},
  {0xBAA9,0xBAC3,21}, {0xBAC4,0xBAC4,20}, {0xBAC5,0xBADF,21},
  {0xBAE0,0xBAE0,20}, {0xBAE1,0xBAFB,21}, {0xBAFC,0xBAFC,20},
  {0xBAFD,0xBB17,21}, {0xBB18,0xBB18,20}, {0xBB19,0xBB33,21},
  {0xBB34,0xBB34,20}, {0xBB35,0xBB4F,21}, {0xBB50,0xBB50,20},
  {0xBB51,0xBB6B,21}, {0xBB6C,0xBB6C,20}, {0xBB6D,0xBB87,21},
  {0xBB88,0xBB88,20}, {0xBB89,0xBBA3,21}, {0xBBA4,0xBBA4,20},
  {0xBBA5,0xBBBF,21}, {0xBBC0,0xBBC0,20}, {0xBBC1,0xBBDB,21},
  {0xBBDC,0xBBDC,20}, {0xBBDD,0xBBF7,21}, {0xBBF8,0xBBF8,20},
  {0xBBF9,0xBC13,21}, {0xBC14,0xBC14,20}, {0xBC15,0xBC2F,21},
  {0xBC30,0xBC30,20}, {0xBC31,0xBC4B,21}, {0xBC4C,0xBC4C,20},
  {0xBC4D,0xBC67,21}, {0xBC68,0xBC68,20}, {0xBC69,0xBC83,21},
  {0xBC84,0xBC84,20}, {0xBC85,0xBC9F,21}, {0xBCA0,0xBCA0,20},
  {0xBCA1,0xBCBB,21}, {0xBCBC,0xBCBC,20}, {0xBCBD,0xBCD7,21},
  {0xBCD8,0xBCD8,20}, {0xBCD9,0xBCF3,21}, {0xBCF4,0xBCF4,20},
  {0xBCF5,0xBD0F,21}, {0xBD10,0xBD10,20}, {0xBD11,0xBD2B,21},
  {0xBD2C,0xBD2C,20}, {0xBD2D,0xBD47,21}, {0xBD48,0xBD48,20},
  {0xBD49,0xBD63,21}, {0xBD64,0xBD64,20}, {0xBD65,0xBD7F,21},
  {0xBD80,0xBD80,20}, {0xBD81,0xBD9B,21}, {0xBD9C,0xBD9C,20},
  {0xBD9D,0xBDB7,21}, {0xBDB8,0xBDB8,20}, {0xBDB9,0xBDD3,21},
  {0xBDD4,0xBDD4,20}, {0xBDD5,0xBDEF,21}, {0xBDF0,0xBDF0,20},
  {0xBDF1,0xBE0B,21}, {0xBE0C,0xBE0C,20}, {0xBE0D,0xBE27,21},
  {0xBE28,0xBE28,20}, {0xBE29,0xBE43,21}, {0xBE44,0xBE44,20},
  {0xBE45,0xBE5F,21}, {0xBE60,0xBE60,20}, {0xBE61,0xBE7B,21},
  {0xBE7C,0xBE7C,20}, {0xBE7D,0xBE97,21}, {0xBE98,0xBE98,20},
  {0xBE99,0xBEB3,21}, {0xBEB4,0xBEB4,20}, {0xBEB5,0xBECF,21},
  {0xBED0,0xBED0,20}, {0xBED1,0xBEEB,21}, {0xBEEC,0xBEEC,20},
  {0xBEED,0xBF07,21}, {0xBF08,0xBF08,20}, {0xBF09,0xBF23,21},
  {0xBF24,0xBF24,20}, {0xBF25,0xBF3F,21}, {0xBF40,0xBF40,20},
  {0xBF41,0xBF5B,21}, {0xBF5C,0xBF5C,20}, {0xBF5D,0xBF77,21},
  {0xBF78,0xBF78,20}, {0xBF79,0xBF93,21}, {0xBF94,0xBF94,20},
  {0xBF95,0xBFAF,21}, {0xBFB0,0xBFB0,20}, {0xBFB1,0xBFCB,21},
  {0xBFCC,0xBFCC,20}, {0xBFCD,0xBFE7,21}, {0xBFE8,0xBFE8,20},
  {0xBFE9,0xC003,21}, {0xC004,0xC004,20}, {0xC005,0xC01F,21},
  {0xC020,0xC020,20}, {0xC021,0xC03B,21}, {0xC03C,0xC03C,20},
  {0xC03D,0xC057,21}, {0xC058,0xC058,20}, {0xC059,0xC073,21},
  {0xC074,0xC074,20}, {0xC075,0xC08F,21}, {0xC090,0xC090,20},
  {0xC091,0xC0AB,21}, {0xC0AC,0xC0AC,20}, {0xC0AD,0xC0C7,21},
  {0xC0C8,0xC0C8,20}, {0xC0C9,0xC0E3,21}, {0xC0E4,0xC0E4,20},
  {0xC0E5,0xC0FF,21}, {0xC100,0xC100,20}, {0xC101,0xC11B,21},
  {0xC11C,0xC11C,20}, {0xC11D,0xC137,21}, {0xC138,0xC138,20},
  {0xC139,0xC153,21}, {0xC154,0xC154,20}, {0xC155,0xC16F,21},
  {0xC170,0xC170,20}, {0xC171,0xC18B,21}, {0xC18C,0xC18C,20},
  {0xC18D,0xC1A7,21}, {0xC1A8,0xC1A8,20}, {0xC1A9,0xC1C3,21},
  {0xC1C4,0xC1C4,20}, {0xC1C5,0xC1DF,21}, {0xC1E0,0xC1E0,20},
  {0xC1E1,0xC1FB,21}, {0xC1FC,0xC1FC,20}, {0xC1FD,0xC217,21},
  {0xC218,0xC218,20}, {0xC219,0xC233,21}, {0xC234,0xC234,20},
  {0xC235,0xC24F,21}, {0xC250,0xC250,20}, {0xC251,0xC26B,21},
  {0xC26C,0xC26C,20}, {0xC26D,0xC287,21}, {0xC288,0xC288,20},
  {0xC289,0xC2A3,21}, {0xC2A4,0xC2A4,20}, {0xC2A5,0xC2BF,21},
  {0xC2C0,0xC2C0,20}, {0xC2C1,0xC2DB,21}, {0xC2DC,0xC2DC,20},
  {0xC2DD,0xC2F7,21}, {0xC2F8,0xC2F8,20}, {0xC2F9,0xC313,21},
  {0xC314,0xC314,20}, {0xC315,0xC32F,21}, {0xC330,0xC330,20},
  {0xC331,0xC34B,21}, {0xC34C,0xC34C,20}, {0xC34D,0xC367,21},
  {0xC368,0xC368,20}, {0xC369,0xC383,21}, {0xC384,0xC384,20},
  {0xC385,0xC39F,21}, {0xC3A0,0xC3A0,20}, {0xC3A1,0xC3BB,21},
  {0xC3BC,0xC3BC,20}, {0xC3BD,0xC3D7,21}, {0xC3D8,0xC3D8,20},
  {0xC3D9,0xC3F3,21}, {0xC3F4,0xC3F4,20}, {0xC3F5,0xC40F,21},
  {0xC410,0xC410,20}, {0xC411,0xC42B,21}, {0xC42C,0xC42C,20},
  {0xC42D,0xC447,21}, {0xC448,0xC448,20}, {0xC449,0xC463,21},
  {0xC464,0xC464,20}, {0xC465,0xC47F,21}, {0xC480,0xC480,20},
  {0xC481,0xC49B,21}, {0xC49C,0xC49C,20}, {0xC49D,0xC4B7,21},
  {0xC4B8,0xC4B8,20}, {0xC4B9,0xC4D3,21}, {0xC4D4,0xC4D4,20},
  {0xC4D5,0xC4EF,21}, {0xC4F0,0xC4F0,20}, {0xC4F1,0xC50B,21},
  {0xC50C,0xC50C,20}, {0xC50D,0xC527,21}, {0xC528,0xC528,20},
  {0xC529,0xC543,21}, {0xC544,0xC544,20}, {0xC545,0xC55F,21},
  {0xC560,0xC560,20}, {0xC561,0xC57B,21}, {0xC57C,0xC57C,20},
  {0xC57D,0xC597,21}, {0xC598,0xC598,20}, {0xC599,0xC5B3,21},
  {0xC5B4,0xC5B4,20}, {0xC5B5,0xC5CF,21}, {0xC5D0,0xC5D0,20},
  {0xC5D1,0xC5EB,21}, {0xC5EC,0xC5EC,20}, {0xC5ED,0xC607,21},
  {0xC608,0xC608,20}, {0xC609,0xC623,21}, {0xC624,0xC624,20},
  {0xC625,0xC63F,21}, {0xC640,0xC640,20}, {0xC641,0xC65B,21},
  {0xC65C,0xC65C,20}, {0xC65D,0xC677,21}, {0xC678,0xC678,20},
  {0xC679,0xC693,21}, {0xC694,0xC694,20}, {0xC695,0xC6AF,21},
  {0xC6B0,0xC6B0,20}, {0xC6B1,0xC6CB,21}, {0xC6CC,0xC6CC,20},
  {0xC6CD,0xC6E7,21}, {0xC6E8,0xC6E8,20}, {0xC6E9,0xC703,21},
  {0xC704,0xC704,20}, {0xC705,0xC71F,21}, {0xC720,0xC720,20},
  {0xC721,0xC73B,21}, {0xC73C,0xC73C,20}, {0xC73D,0xC757,21},
  {0xC758,0xC758,20}, {0xC759,0xC773,21}, {0xC774,0xC774,20},
  {0xC775,0xC78F,21}, {0xC790,0xC790,20}, {0xC791,0xC7AB,21},
  {0xC7AC,0xC7AC,20}, {0xC7AD,0xC7C7,21}, {0xC7C8,0xC7C8,20},
  {0xC7C9,0xC7E3,21}, {0xC7E4,0xC7E4,20}, {0xC7E5,0xC7FF,21},
  {0xC800,0xC800,20}, {0xC801,0xC81B,21}, {0xC81C,0xC81C,20},
  {0xC81D,0xC837,21}, {0xC838,0xC838,20}, {0xC839,0xC853,21},
  {0xC854,0xC854,20}, {0xC855,0xC86F,21}, {0xC870,0xC870,20},
  {0xC871,0xC88B,21}, {0xC88C,0xC88C,20}, {0xC88D,0xC8A7,21},
  {0xC8A8,0xC8A8,20}, {0xC8A9,0xC8C3,21}, {0xC8C4,0xC8C4,20},
  {0xC8C5,0xC8DF,21}, {0xC8E0,0xC8E0,20}, {0xC8E1,0xC8FB,21},
  {0xC8FC,0xC8FC,20}, {0xC8FD,0xC917,21}, {0xC918,0xC918,20},
  {0xC919,0xC933,21}, {0xC934,0xC934,20}, {0xC935,0xC94F,21},
  {0xC950,0xC950,20}, {0xC951,0xC96B,21}, {0xC96C,0xC96C,20},
  {0xC96D,0xC987,21}, {0xC988,0xC988,20}, {0xC989,0xC9A3,21},
  {0xC9A4,0xC9A4,20}, {0xC9A5,0xC9BF,21}, {0xC9C0,0xC9C0,20},
  {0xC9C1,0xC9DB,21}, {0xC9DC,0xC9DC,20}, {0xC9DD,0xC9F7,21},
  {0xC9F8,0xC9F8,20}, {0xC9F9,0xCA13,21}, {0xCA14,0xCA14,20},
  {0xCA15,0xCA2F,21}, {0xCA30,0xCA30,20}, {0xCA31,0xCA4B,21},
  {0xCA4C,0xCA4C,20}, {0xCA4D,0xCA67,21}, {0xCA68,0xCA68,20},
  {0xCA69,0xCA83,21}, {0xCA84,0xCA84,20}, {0xCA85,0xCA9F,21},
  {0xCAA0,0xCAA0,20}, {0xCAA1,0xCABB,21}, {0xCABC,0xCABC,20},
  {0xCABD,0xCAD7,21}, {0xCAD8,0xCAD8,20}, {0xCAD9,0xCAF3,21},
  {0xCAF4,0xCAF4,20}, {0xCAF5,0xCB0F,21}, {0xCB10,0xCB10,20},
  {0xCB11,0xCB2B,21}, {0xCB2C,0xCB2C,20}, {0xCB2D,0xCB47,21},
  {0xCB48,0xCB48,20}, {0xCB49,0xCB63,21}, {0xCB64,0xCB64,20},
  {0xCB65,0xCB7F,21}, {0xCB80,0xCB80,20}, {0xCB81,0xCB9B,21},
  {0xCB9C,0xCB9C,20}, {0xCB9D,0xCBB7,21}, {0xCBB8,0xCBB8,20},
  {0xCBB9,0xCBD3,21}, {0xCBD4,0xCBD4,20}, {0xCBD5,0xCBEF,21},
  {0xCBF0,0xCBF0,20}, {0xCBF1,0xCC0B,21}, {0xCC0C,0xCC0C,20},
  {0xCC0D,0xCC27,21}, {0xCC28,0xCC28,20}, {0xCC29,0xCC43,21},
  {0xCC44,0xCC44,20}, {0xCC45,0xCC5F,21}, {0xCC60,0xCC60,20},
  {0xCC61,0xCC7B,21}, {0xCC7C,0xCC7C,20}, {0xCC7D,0xCC97,21},
  {0xCC98,0xCC98,20}, {0xCC99,0xCCB3,21}, {0xCCB4,0xCCB4,20},
  {0xCCB5,0xCCCF,21}, {0xCCD0,0xCCD0,20}, {0xCCD1,0xCCEB,21},
  {0xCCEC,0xCCEC,20}, {0xCCED,0xCD07,21}, {0xCD08,0xCD08,20},
  {0xCD09,0xCD23,21}, {0xCD24,0xCD24,20}, {0xCD25,0xCD3F,21},
  {0xCD40,0xCD40,20}, {0xCD41,0xCD5B,21}, {0xCD5C,0xCD5C,20},
  {0xCD5D,0xCD77,21}, {0xCD78,0xCD78,20}, {0xCD79,0xCD93,21},
  {0xCD94,0xCD94,20}, {0xCD95,0xCDAF,21}, {0xCDB0,0xCDB0,20},
  {0xCDB1,0xCDCB,21}, {0xCDCC,0xCDCC,20}, {0xCDCD,0xCDE7,21},
  {0xCDE8,0xCDE8,20}, {0xCDE9,0xCE03,21}, {0xCE04,0xCE04,20},
  {0xCE05,0xCE1F,21}, {0xCE20,0xCE20,20}, {0xCE21,0xCE3B,21},
  {0xCE3C,0xCE3C,20}, {0xCE3D,0xCE57,21}, {0xCE58,0xCE58,20},
  {0xCE59,0xCE73,21}, {0xCE74,0xCE74,20}, {0xCE75,0xCE8F,21},
  {0xCE90,0xCE90,20}, {0xCE91,0xCEAB,21}, {0xCEAC,0xCEAC,20},
  {0xCEAD,0xCEC7,21}, {0xCEC8,0xCEC8,20}, {0xCEC9,0xCEE3,21},
  {0xCEE4,0xCEE4,20}, {0xCEE5,0xCEFF,21}, {0xCF00,0xCF00,20},
  {0xCF01,0xCF1B,21}, {0xCF1C,0xCF1C,20}, {0xCF1D,0xCF37,21},
  {0xCF38,0xCF38,20}, {0xCF39,0xCF53,21}, {0xCF54,0xCF54,20},
  {0xCF55,0xCF6F,21}, {0xCF70,0xCF70,20}, {0xCF71,0xCF8B,21},
  {0xCF8C,0xCF8C,20}, {0xCF8D,0xCFA7,21}, {0xCFA8,0xCFA8,20},
  {0xCFA9,0xCFC3,21}, {0xCFC4,0xCFC4,20}, {0xCFC5,0xCFDF,21},
  {0xCFE0,0xCFE0,20}, {0xCFE1,0xCFFB,21}, {0xCFFC,0xCFFC,20},
  {0xCFFD,0xD017,21}, {0xD018,0xD018,20}, {0xD019,0xD033,21},
  {0xD034,0xD034,20}, {0xD035,0xD04F,21}, {0xD050,0xD050,20},
  {0xD051,0xD06B,21}, {0xD06C,0xD06C,20}, {0xD06D,0xD087,21},
  {0xD088,0xD088,20}, {0xD089,0xD0A3,21}, {0xD0A4,0xD0A4,20},
  {0xD0A5,0xD0BF,21}, {0xD0C0,0xD0C0,20}, {0xD0C1,0xD0DB,21},
  {0xD0DC,0xD0DC,20}, {0xD0DD,0xD0F7,21}, {0xD0F8,0xD0F8,20},
  {0xD0F9,0xD113,21}, {0xD114,0xD114,20}, {0xD115,0xD12F,21},
  {0xD130,0xD130,20}, {0xD131,0xD14B,21}, {0xD14C,0xD14C,20},
  {0xD14D,0xD167,21}, {0xD168,0xD168,20}, {0xD169,0xD183,21},
  {0xD184,0xD184,20}, {0xD185,0xD19F,21}, {0xD1A0,0xD1A0,20},
  {0xD1A1,0xD1BB,21}, {0xD1BC,0xD1BC,20}, {0xD1BD,0xD1D7,21},
  {0xD1D8,0xD1D8,20}, {0xD1D9,0xD1F3,21}, {0xD1F4,0xD1F4,20},
  {0xD1F5,0xD20F,21}, {0xD210,0xD210,20}, {0xD211,0xD22B,21},
  {0xD22C,0xD22C,20}, {0xD22D,0xD247,21}, {0xD248,0xD248,20},
  {0xD249,0xD263,21}, {0xD264,0xD264,20}, {0xD265,0xD27F,21},
  {0xD280,0xD280,20}, {0xD281,0xD29B,21}, {0xD29C,0xD29C,20},
  {0xD29D,0xD2B7,21}, {0xD2B8,0xD2B8,20}, {0xD2B9,0xD2D3,21},
  {0xD2D4,0xD2D4,20}, {0xD2D5,0xD2EF,21}, {0xD2F0,0xD2F0,20},
  {0xD2F1,0xD30B,21}, {0xD30C,0xD30C,20}, {0xD30D,0xD327,21},
  {0xD328,0xD328,20}, {0xD329,0xD343,21}, {0xD344,0xD344,20},
  {0xD345,0xD35F,21}, {0xD360,0xD360,20}, {0xD361,0xD37B,21},
  {0xD37C,0xD37C,20}, {0xD37D,0xD397,21}, {0xD398,0xD398,20},
  {0xD399,0xD3B3,21}, {0xD3B4,0xD3B4,20}, {0xD3B5,0xD3CF,21},
  {0xD3D0,0xD3D0,20}, {0xD3D1,0xD3EB,21}, {0xD3EC,0xD3EC,20},
  {0xD3ED,0xD407,21}, {0xD408,0xD408,20}, {0xD409,0xD423,21},
  {0xD424,0xD424,20}, {0xD425,0xD43F,21}, {0xD440,0xD440,20},
  {0xD441,0xD45B,21}, {0xD45C,0xD45C,20}, {0xD45D,0xD477,21},
  {0xD478,0xD478,20}, {0xD479,0xD493,21}, {0xD494,0xD494,20},
  {0xD495,0xD4AF,21}, {0xD4B0,0xD4B0,20}, {0xD4B1,0xD4CB,21},
  {0xD4CC,0xD4CC,20}, {0xD4CD,0xD4E7,21}, {0xD4E8,0xD4E8,20},
  {0xD4E9,0xD503,21}, {0xD504,0xD504,20}, {0xD505,0xD51F,21},
  {0xD520,0xD520,20}, {0xD521,0xD53B,21}, {0xD53C,0xD53C,20},
  {0xD53D,0xD557,21}, {0xD558,0xD558,20}, {0xD559,0xD573,21},
  {0xD574,0xD574,20}, {0xD575,0xD58F,21}, {0xD590,0xD590,20},
  {0xD591,0xD5AB,21}, {0xD5AC,0xD5AC,20}, {0xD5AD,0xD5C7,21},
  {0xD5C8,0xD5C8,20}, {0xD5C9,0xD5E3,21}, {0xD5E4,0xD5E4,20},
  {0xD5E5,0xD5FF,21}, {0xD600,0xD600,20}, {0xD601,0xD61B,21},
  {0xD61C,0xD61C,20}, {0xD61D,0xD637,21}, {0xD638,0xD638,20},
  {0xD639,0xD653,21}, {0xD654,0xD654,20}, {0xD655,0xD66F,21},
  {0xD670,0xD670,20}, {0xD671,0xD68B,21}, {0xD68C,0xD68C,20},
  {0xD68D,0xD6A7,21}, {0xD6A8,0xD6A8,20}, {0xD6A9,0xD6C3,21},
  {0xD6C4,0xD6C4,20}, {0xD6C5,0xD6DF,21}, {0xD6E0,0xD6E0,20},
  {0xD6E1,0xD6FB,21}, {0xD6FC,0xD6FC,20}, {0xD6FD,0xD717,21},
  {0xD718,0xD718,20}, {0xD719,0xD733,21}, {0xD734,0xD734,20},
  {0xD735,0xD74F,21}, {0xD750,0xD750,20}, {0xD751,0xD76B,21},
  {0xD76C,0xD76C,20}, {0xD76D,0xD787,21}, {0xD788,0xD788,20},
  {0xD789,0xD7A3,21}, {0xD7B0,0xD7C6,30}, {0xD7CB,0xD7FB,29},
  {0xD800,0xF8FF,3}, {0xF900,0xFAFF,25}, {0xFB00,0xFB06,3},
  {0xFB13,0xFB17,3}, {0xFB1D,0xFB1D,23}, {0xFB1E,0xFB1E,13},
  {0xFB1F,0xFB28,23}, {0xFB29,0xFB29,3}, {0xFB2A,0xFB36,23},
  {0xFB38,0xFB3C,23}, {0xFB3E,0xFB3E,23}, {0xFB40,0xFB41,23},
  {0xFB43,0xFB44,23}, {0xFB46,0xFB4F,23}, {0xFB50,0xFD3D,3},
  {0xFD3E,0xFD3E,12}, {0xFD3F,0xFD3F,35}, {0xFD40,0xFDCF,3},
  {0xFDF0,0xFDFB,3}, {0xFDFC,0xFDFC,36}, {0xFDFD,0xFDFF,3},
  {0xFE00,0xFE0F,13}, {0xFE10,0xFE12,12}, {0xFE13,0xFE14,33},
  {0xFE15,0xFE16,18}, {0xFE17,0xFE17,35}, {0xFE18,0xFE18,12},
  {0xFE19,0xFE19,26}, {0xFE20,0xFE20,19}, {0xFE21,0xFE21,13},
  {0xFE22,0xFE22,19}, {0xFE23,0xFE23,13}, {0xFE24,0xFE24,19},
  {0xFE25,0xFE25,13}, {0xFE26,0xFE27,19}, {0xFE28,0xFE28,13},
  {0xFE29,0xFE29,19}, {0xFE2A,0xFE2A,13}, {0xFE2B,0xFE2B,19},
  {0xFE2C,0xFE2C,13}, {0xFE2D,0xFE2E,19}, {0xFE2F,0xFE2F,13},
  {0xFE30,0xFE34,25}, {0xFE35,0xFE35,35}, {0xFE36,0xFE36,12},
  {0xFE37,0xFE37,35}, {0xFE38,0xFE38,12}, {0xFE39,0xFE39,35},
  {0xFE3A,0xFE3A,12}, {0xFE3B,0xFE3B,35}, {0xFE3C,0xFE3C,12},
  {0xFE3D,0xFE3D,35}, {0xFE3E,0xFE3E,12}, {0xFE3F,0xFE3F,35},
  {0xFE40,0xFE40,12}, {0xFE41,0xFE41,35}, {0xFE42,0xFE42,12},
  {0xFE43,0xFE43,35}, {0xFE44,0xFE44,12}, {0xFE45,0xFE46,25},
  {0xFE47,0xFE47,35}, {0xFE48,0xFE48,12}, {0xFE49,0xFE4F,25},
  {0xFE50,0xFE50,12}, {0xFE51,0xFE51,25}, {0xFE52,0xFE52,12},
  {0xFE54,0xFE55,33}, {0xFE56,0xFE57,18}, {0xFE58,0xFE58,25},
  {0xFE59,0xFE59,35}, {0xFE5A,0xFE5A,12}, {0xFE5B,0xFE5B,35},
  {0xFE5C,0xFE5C,12}, {0xFE5D,0xFE5D,35}, {0xFE5E,0xFE5E,12},
  {0xFE5F,0xFE66,25}, {0xFE68,0xFE68,25}, {0xFE69,0xFE69,37},
  {0xFE6A,0xFE6A,36}, {0xFE6B,0xFE6B,25}, {0xFE70,0xFE74,3},
  {0xFE76,0xFEFC,3}, {0xFEFF,0xFEFF,46}, {0xFF01,0xFF01,18},
  {0xFF02,0xFF03,25}, {0xFF04,0xFF04,37}, {0xFF05,0xFF05,36},
  {0xFF06,0xFF07,25}, {0xFF08,0xFF08,35}, {0xFF09,0xFF09,12},
  {0xFF0A,0xFF0B,25}, {0xFF0C,0xFF0C,12}, {0xFF0D,0xFF0D,25},
  {0xFF0E,0xFF0E,12}, {0xFF0F,0xFF19,25}, {0xFF1A,0xFF1B,33},
  {0xFF1C,0xFF1E,25}, {0xFF1F,0xFF1F,18}, {0xFF20,0xFF3A,25},
  {0xFF3B,0xFF3B,35}, {0xFF3C,0xFF3C,25}, {0xFF3D,0xFF3D,12},
  {0xFF3E,0xFF5A,25}, {0xFF5B,0xFF5B,35}, {0xFF5C,0xFF5C,25},
  {0xFF5D,0xFF5D,12}, {0xFF5E,0xFF5E,25}, {0xFF5F,0xFF5F,35},
  {0xFF60,0xFF61,12}, {0xFF62,0xFF62,35}, {0xFF63,0xFF64,12},
  {0xFF65,0xFF65,33}, {0xFF66,0xFF66,25}, {0xFF67,0xFF70,33},
  {0xFF71,0xFF9D,25}, {0xFF9E,0xFF9F,33}, {0xFFA0,0xFFBE,25},
  {0xFFC2,0xFFC7,25}, {0xFFCA,0xFFCF,25}, {0xFFD2,0xFFD7,25},
  {0xFFDA,0xFFDC,25}, {0xFFE0,0xFFE0,36}, {0xFFE1,0xFFE1,37},
  {0xFFE2,0xFFE4,25}, {0xFFE5,0xFFE6,37}, {0xFFE8,0xFFEE,3},
  {0xFFF9,0xFFFB,13}, {0xFFFC,0xFFFC,10}, {0xFFFD,0xFFFD,3},
  {0x10000,0x1000B,3}, {0x1000D,0x10026,3}, {0x10028,0x1003A,3},
  {0x1003C,0x1003D,3}, {0x1003F,0x1004D,3}, {0x10050,0x1005D,3},
  {0x10080,0x100FA,3}, {0x10100,0x10102,7}, {0x10107,0x10133,3},
  {0x10137,0x1018E,3}, {0x10190,0x1019C,3}, {0x101A0,0x101A0,3},
  {0x101D0,0x101FC,3}, {0x101FD,0x101FD,13}, {0x10280,0x1029C,3},
  {0x102A0,0x102D0,3}, {0x102E0,0x102E0,13}, {0x102E1,0x102FB,3},
  {0x10300,0x10323,3}, {0x1032D,0x1034A,3}, {0x10350,0x10375,3},
  {0x10376,0x1037A,13}, {0x10380,0x1039D,3}, {0x1039F,0x1039F,7},
  {0x103A0,0x103C3,3}, {0x103C8,0x103CF,3}, {0x103D0,0x103D0,7},
  {0x103D1,0x103D5,3}, {0x10400,0x1049D,3}, {0x104A0,0x104A9,34},
  {0x104B0,0x104D3,3}, {0x104D8,0x104FB,3}, {0x10500,0x10527,3},
  {0x10530,0x10563,3}, {0x1056F,0x1057A,3}, {0x1057C,0x1058A,3},
  {0x1058C,0x10592,3}, {0x10594,0x10595,3}, {0x10597,0x105A1,3},
  {0x105A3,0x105B1,3}, {0x105B3,0x105B9,3}, {0x105BB,0x105BC,3},
  {0x105C0,0x105F3,3}, {0x10600,0x10736,3}, {0x10740,0x10755,3},
  {0x10760,0x10767,3}, {0x10780,0x10785,3}, {0x10787,0x107B0,3},
  {0x107B2,0x107BA,3}, {0x10800,0x10805,3}, {0x10808,0x10808,3},
  {0x1080A,0x10835,3}, {0x10837,0x10838,3}, {0x1083C,0x1083C,3},
  {0x1083F,0x10855,3}, {0x10857,0x10857,7}, {0x10858,0x1089E,3},
  {0x108A7,0x108AF,3}, {0x108E0,0x108F2,3}, {0x108F4,0x108F5,3},
  {0x108FB,0x1091B,3}, {0x1091F,0x1091F,7}, {0x10920,0x10939,3},
  {0x1093F,0x10959,3}, {0x10980,0x109B7,3}, {0x109BC,0x109CF,3},
  {0x109D2,0x10A00,3}, {0x10A01,0x10A03,13}, {0x10A05,0x10A06,13},
  {0x10A0C,0x10A0F,13}, {0x10A10,0x10A13,3}, {0x10A15,0x10A17,3},
  {0x10A19,0x10A35,3}, {0x10A38,0x10A3A,13}, {0x10A3F,0x10A3F,13},
  {0x10A40,0x10A48,3}, {0x10A50,0x10A57,7}, {0x10A58,0x10A58,3},
  {0x10A60,0x10A9F,3}, {0x10AC0,0x10AE4,3}, {0x10AE5,0x10AE6,13},
  {0x10AEB,0x10AEF,3}, {0x10AF0,0x10AF5,7}, {0x10AF6,0x10AF6,26},
  {0x10B00,0x10B35,3}, {0x10B39,0x10B3F,7}, {0x10B40,0x10B55,3},
  {0x10B58,0x10B72,3}, {0x10B78,0x10B91,3}, {0x10B99,0x10B9C,3},
  {0x10BA9,0x10BAF,3}, {0x10C00,0x10C48,3}, {0x10C80,0x10CB2,3},
  {0x10CC0,0x10CF2,3}, {0x10CFA,0x10D23,3}, {0x10D24,0x10D27,13},
  {0x10D30,0x10D39,34}, {0x10D40,0x10D49,34}, {0x10D4A,0x10D65,3},
  {0x10D69,0x10D6D,13}, {0x10D6E,0x10D6E,22}, {0x10D6F,0x10D85,3},
  {0x10D8E,0x10D8F,3}, {0x10E60,0x10E7E,3}, {0x10E80,0x10EA9,3},
  {0x10EAB,0x10EAC,13}, {0x10EAD,0x10EAD,22}, {0x10EB0,0x10EB1,3},
  {0x10EC2,0x10EC7,3}, {0x10ED0,0x10ED0,7}, {0x10ED1,0x10ED8,3},
  {0x10EFA,0x10EFF,13}, {0x10F00,0x10F27,3}, {0x10F30,0x10F45,3},
  {0x10F46,0x10F50,13}, {0x10F51,0x10F59,3}, {0x10F70,0x10F81,3},
  {0x10F82,0x10F85,13}, {0x10F86,0x10F89,3}, {0x10FB0,0x10FCB,3},
  {0x10FE0,0x10FF6,3}, {0x11000,0x11002,13}, {0x11003,0x11004,4},
  {0x11005,0x11037,2}, {0x11038,0x11045,13}, {0x11046,0x11046,45},
  {0x11047,0x11048,7}, {0x11049,0x1104D,25}, {0x11052,0x11065,25},
  {0x11066,0x1106F,5}, {0x11070,0x11070,13}, {0x11071,0x11072,2},
  {0x11073,0x11074,13}, {0x11075,0x11075,2}, {0x1107F,0x1107F,19},
  {0x11080,0x11082,13}, {0x11083,0x110AF,3}, {0x110B0,0x110BA,13},
  {0x110BB,0x110BC,3}, {0x110BD,0x110BD,34}, {0x110BE,0x110C1,7},
  {0x110C2,0x110C2,13}, {0x110CD,0x110CD,34}, {0x110D0,0x110E8,3},
  {0x110F0,0x110F9,34}, {0x11100,0x11102,13}, {0x11103,0x11126,3},
  {0x11127,0x11134,13}, {0x11136,0x1113F,34}, {0x11140,0x11143,7},
  {0x11144,0x11144,3}, {0x11145,0x11146,13}, {0x11147,0x11147,3},
  {0x11150,0x11172,3}, {0x11173,0x11173,13}, {0x11174,0x11174,3},
  {0x11175,0x11175,8}, {0x11176,0x11176,3}, {0x11180,0x11182,13},
  {0x11183,0x111B2,3}, {0x111B3,0x111C0,13}, {0x111C1,0x111C4,3},
  {0x111C5,0x111C6,7}, {0x111C7,0x111C7,3}, {0x111C8,0x111C8,7},
  {0x111C9,0x111CC,13}, {0x111CD,0x111CD,3}, {0x111CE,0x111CF,13},
  {0x111D0,0x111D9,34}, {0x111DA,0x111DA,3}, {0x111DB,0x111DB,8},
  {0x111DC,0x111DC,3}, {0x111DD,0x111DF,7}, {0x111E1,0x111F4,3},
  {0x11200,0x11211,3}, {0x11213,0x1122B,3}, {0x1122C,0x11237,13},
  {0x11238,0x11239,7}, {0x1123A,0x1123A,3}, {0x1123B,0x1123C,7},
  {0x1123D,0x1123D,3}, {0x1123E,0x1123E,13}, {0x1123F,0x11240,3},
  {0x11241,0x11241,13}, {0x11280,0x11286,3}, {0x11288,0x11288,3},
  {0x1128A,0x1128D,3}, {0x1128F,0x1129D,3}, {0x1129F,0x112A8,3},
  {0x112A9,0x112A9,7}, {0x112B0,0x112DE,3}, {0x112DF,0x112EA,13},
  {0x112F0,0x112F9,34}, {0x11300,0x11303,13}, {0x11305,0x1130C,2},
  {0x1130F,0x11310,2}, {0x11313,0x11328,2}, {0x1132A,0x11330,2},
  {0x11332,0x11333,2}, {0x11335,0x11339,2}, {0x1133B,0x1133C,13},
  {0x1133D,0x1133D,7}, {0x1133E,0x11344,13}, {0x11347,0x11348,13},
  {0x1134B,0x1134C,13}, {0x1134D,0x1134D,45}, {0x11350,0x11350,5},
  {0x11357,0x11357,13}, {0x1135D,0x1135D,7}, {0x1135E,0x1135F,5},
  {0x11360,0x11361,2}, {0x11362,0x11363,13}, {0x11366,0x1136C,13},
  {0x11370,0x11374,13}, {0x11380,0x11389,5}, {0x1138B,0x1138B,5},
  {0x1138E,0x1138E,5}, {0x11390,0x11391,5}, {0x11392,0x113B5,2},
  {0x113B7,0x113B7,25}, {0x113B8,0x113C0,13}, {0x113C2,0x113C2,13},
  {0x113C5,0x113C5,13}, {0x113C7,0x113CA,13}, {0x113CC,0x113CF,13},
  {0x113D0,0x113D0,45}, {0x113D1,0x113D1,4}, {0x113D2,0x113D2,13},
  {0x113D3,0x113D5,25}, {0x113D7,0x113D8,25}, {0x113E1,0x113E2,13},
  {0x11400,0x11434,3}, {0x11435,0x11446,13}, {0x11447,0x1144A,3},
  {0x1144B,0x1144E,7}, {0x1144F,0x1144F,3}, {0x11450,0x11459,34},
  {0x1145A,0x1145B,7}, {0x1145D,0x1145D,3}, {0x1145E,0x1145E,13},
  {0x1145F,0x11461,3}, {0x11480,0x114AF,3}, {0x114B0,0x114C3,13},
  {0x114C4,0x114C7,3}, {0x114D0,0x114D9,34}, {0x11580,0x115AE,3},
  {0x115AF,0x115B5,13}, {0x115B8,0x115C0,13}, {0x115C1,0x115C1,8},
  {0x115C2,0x115C3,7}, {0x115C4,0x115C5,18}, {0x115C6,0x115C8,3},
  {0x115C9,0x115D7,7}, {0x115D8,0x115DB,3}, {0x115DC,0x115DD,13},
  {0x11600,0x1162F,3}, {0x11630,0x11640,13}, {0x11641,0x11642,7},
  {0x11643,0x11644,3}, {0x11650,0x11659,34}, {0x11660,0x1166C,8},
  {0x11680,0x116AA,3}, {0x116AB,0x116B7,13}, {0x116B8,0x116B9,3},
  {0x116C0,0x116C9,34}, {0x116D0,0x116E3,34}, {0x11700,0x1171A,3},
  {0x1171D,0x1172B,13}, {0x11730,0x11739,34}, {0x1173A,0x1173B,3},
  {0x1173C,0x1173E,7}, {0x1173F,0x11746,3}, {0x11800,0x1182B,3},
  {0x1182C,0x1183A,13}, {0x1183B,0x1183B,3}, {0x118A0,0x118DF,3},
  {0x118E0,0x118E9,34}, {0x118EA,0x118F2,3}, {0x118FF,0x118FF,3},
  {0x11900,0x11906,2}, {0x11909,0x11909,2}, {0x1190C,0x11913,2},
  {0x11915,0x11916,2}, {0x11918,0x1192F,2}, {0x11930,0x11935,13},
  {0x11937,0x11938,13}, {0x1193B,0x1193D,13}, {0x1193E,0x1193E,45},
  {0x1193F,0x1193F,4}, {0x11940,0x11940,13}, {0x11941,0x11941,4},
  {0x11942,0x11943,13}, {0x11944,0x11946,7}, {0x11950,0x11959,5},
  {0x119A0,0x119A7,3}, {0x119AA,0x119D0,3}, {0x119D1,0x119D7,13},
  {0x119DA,0x119E0,13}, {0x119E1,0x119E1,3}, {0x119E2,0x119E2,8},
  {0x119E3,0x119E3,3}, {0x119E4,0x119E4,13}, {0x11A00,0x11A00,3},
  {0x11A01,0x11A0A,13}, {0x11A0B,0x11A32,3}, {0x11A33,0x11A39,13},
  {0x11A3A,0x11A3A,3}, {0x11A3B,0x11A3E,13}, {0x11A3F,0x11A3F,8},
  {0x11A40,0x11A40,3}, {0x11A41,0x11A44,7}, {0x11A45,0x11A45,8},
  {0x11A46,0x11A46,3}, {0x11A47,0x11A47,13}, {0x11A50,0x11A50,3},
  {0x11A51,0x11A5B,13}, {0x11A5C,0x11A89,3}, {0x11A8A,0x11A99,13},
  {0x11A9A,0x11A9C,7}, {0x11A9D,0x11A9D,3}, {0x11A9E,0x11AA0,8},
  {0x11AA1,0x11AA2,7}, {0x11AB0,0x11AF8,3}, {0x11B00,0x11B09,8},
  {0x11B60,0x11B67,13}, {0x11BC0,0x11BE1,3}, {0x11BF0,0x11BF9,34},
  {0x11C00,0x11C08,3}, {0x11C0A,0x11C2E,3}, {0x11C2F,0x11C36,13},
  {0x11C38,0x11C3F,13}, {0x11C40,0x11C40,3}, {0x11C41,0x11C45,7},
  {0x11C50,0x11C59,34}, {0x11C5A,0x11C6C,3}, {0x11C70,0x11C70,8},
  {0x11C71,0x11C71,18}, {0x11C72,0x11C8F,3}, {0x11C92,0x11CA7,13},
  {0x11CA9,0x11CB6,13}, {0x11D00,0x11D06,3}, {0x11D08,0x11D09,3},
  {0x11D0B,0x11D30,3}, {0x11D31,0x11D36,13}, {0x11D3A,0x11D3A,13},
  {0x11D3C,0x11D3D,13}, {0x11D3F,0x11D45,13}, {0x11D46,0x11D46,3},
  {0x11D47,0x11D47,13}, {0x11D50,0x11D59,34}, {0x11D60,0x11D65,3},
  {0x11D67,0x11D68,3}, {0x11D6A,0x11D89,3}, {0x11D8A,0x11D8E,13},
  {0x11D90,0x11D91,13}, {0x11D93,0x11D97,13}, {0x11D98,0x11D98,3},
  {0x11DA0,0x11DA9,34}, {0x11DB0,0x11DDB,3}, {0x11DE0,0x11DE9,34},
  {0x11EE0,0x11EF1,5}, {0x11EF2,0x11EF2,7}, {0x11EF3,0x11EF6,13},
  {0x11EF7,0x11EF8,7}, {0x11F00,0x11F01,13}, {0x11F02,0x11F02,4},
  {0x11F03,0x11F03,13}, {0x11F04,0x11F10,2}, {0x11F12,0x11F33,2},
  {0x11F34,0x11F3A,13}, {0x11F3E,0x11F41,13}, {0x11F42,0x11F42,45},
  {0x11F43,0x11F44,7}, {0x11F45,0x11F4F,25}, {0x11F50,0x11F59,5},
  {0x11F5A,0x11F5A,13}, {0x11FB0,0x11FB0,3}, {0x11FC0,0x11FDC,3},
  {0x11FDD,0x11FE0,36}, {0x11FE1,0x11FF1,3}, {0x11FFF,0x11FFF,7},
  {0x12000,0x12399,3}, {0x12400,0x1246E,3}, {0x12470,0x12474,7},
  {0x12480,0x12543,3}, {0x12F90,0x12FF2,3}, {0x13000,0x13257,3},
  {0x13258,0x1325A,35}, {0x1325B,0x1325D,12}, {0x1325E,0x13281,3},
  {0x13282,0x13282,12}, {0x13283,0x13285,3}, {0x13286,0x13286,35},
  {0x13287,0x13287,12}, {0x13288,0x13288,35}, {0x13289,0x13289,12},
  {0x1328A,0x13378,3}, {0x13379,0x13379,35}, {0x1337A,0x1337B,12},
  {0x1337C,0x1342E,3}, {0x1342F,0x1342F,35}, {0x13430,0x13436,19},
  {0x13437,0x13437,35}, {0x13438,0x13438,12}, {0x13439,0x1343B,19},
  {0x1343C,0x1343C,35}, {0x1343D,0x1343D,12}, {0x1343E,0x1343E,35},
  {0x1343F,0x1343F,12}, {0x13440,0x13440,13}, {0x13441,0x13446,3},
  {0x13447,0x13455,13}, {0x13460,0x143FA,3}, {0x14400,0x145CD,3},
  {0x145CE,0x145CE,35}, {0x145CF,0x145CF,12}, {0x145D0,0x14646,3},
  {0x16100,0x1611D,5}, {0x1611E,0x1612F,13}, {0x16130,0x16139,5},
  {0x16800,0x16A38,3}, {0x16A40,0x16A5E,3}, {0x16A60,0x16A69,34},
  {0x16A6E,0x16A6F,7}, {0x16A70,0x16ABE,3}, {0x16AC0,0x16AC9,34},
  {0x16AD0,0x16AED,3}, {0x16AF0,0x16AF4,13}, {0x16AF5,0x16AF5,7},
  {0x16B00,0x16B2F,3}, {0x16B30,0x16B36,13}, {0x16B37,0x16B39,7},
  {0x16B3A,0x16B43,3}, {0x16B44,0x16B44,7}, {0x16B45,0x16B45,3},
  {0x16B50,0x16B59,34}, {0x16B5B,0x16B61,3}, {0x16B63,0x16B77,3},
  {0x16B7D,0x16B8F,3}, {0x16D40,0x16D6D,3}, {0x16D6E,0x16D6F,7},
  {0x16D70,0x16D79,34}, {0x16E40,0x16E96,3}, {0x16E97,0x16E98,7},
  {0x16E99,0x16E9A,3}, {0x16EA0,0x16EB8,3}, {0x16EBB,0x16ED3,3},
  {0x16F00,0x16F4A,3}, {0x16F4F,0x16F4F,13}, {0x16F50,0x16F50,3},
  {0x16F51,0x16F87,13}, {0x16F8F,0x16F92,13}, {0x16F93,0x16F9F,3},
  {0x16FE0,0x16FE3,33}, {0x16FE4,0x16FE4,19}, {0x16FF0,0x16FF1,13},
  {0x16FF2,0x16FF3,33}, {0x16FF4,0x16FF6,25}, {0x17000,0x18AFF,25},
  {0x18B00,0x18CD5,3}, {0x18CFF,0x18CFF,3}, {0x18D00,0x18D1E,25},
  {0x18D80,0x18DF2,25}, {0x1AFF0,0x1AFF3,3}, {0x1AFF5,0x1AFFB,3},
  {0x1AFFD,0x1AFFE,3}, {0x1B000,0x1B122,25}, {0x1B132,0x1B132,33},
  {0x1B150,0x1B152,33}, {0x1B155,0x1B155,33}, {0x1B164,0x1B167,33},
  {0x1B170,0x1B2FB,25}, {0x1BC00,0x1BC6A,3}, {0x1BC70,0x1BC7C,3},
  {0x1BC80,0x1BC88,3}, {0x1BC90,0x1BC99,3}, {0x1BC9C,0x1BC9C,3},
  {0x1BC9D,0x1BC9E,13}, {0x1BC9F,0x1BC9F,7}, {0x1BCA0,0x1BCA3,13},
  {0x1CC00,0x1CCEF,3}, {0x1CCF0,0x1CCF9,34}, {0x1CCFA,0x1CCFC,3},
  {0x1CD00,0x1CEB3,3}, {0x1CEBA,0x1CED0,3}, {0x1CEE0,0x1CEF0,3},
  {0x1CF00,0x1CF2D,13}, {0x1CF30,0x1CF46,13}, {0x1CF50,0x1CFC3,3},
  {0x1D000,0x1D0F5,3}, {0x1D100,0x1D126,3}, {0x1D129,0x1D164,3},
  {0x1D165,0x1D169,13}, {0x1D16A,0x1D16C,3}, {0x1D16D,0x1D182,13},
  {0x1D183,0x1D184,3}, {0x1D185,0x1D18B,13}, {0x1D18C,0x1D1A9,3},
  {0x1D1AA,0x1D1AD,13}, {0x1D1AE,0x1D1EA,3}, {0x1D200,0x1D241,3},
  {0x1D242,0x1D244,13}, {0x1D245,0x1D245,3}, {0x1D2C0,0x1D2D3,3},
  {0x1D2E0,0x1D2F3,3}, {0x1D300,0x1D356,3}, {0x1D360,0x1D378,3},
  {0x1D400,0x1D454,3}, {0x1D456,0x1D49C,3}, {0x1D49E,0x1D49F,3},
  {0x1D4A2,0x1D4A2,3}, {0x1D4A5,0x1D4A6,3}, {0x1D4A9,0x1D4AC,3},
  {0x1D4AE,0x1D4B9,3}, {0x1D4BB,0x1D4BB,3}, {0x1D4BD,0x1D4C3,3},
  {0x1D4C5,0x1D505,3}, {0x1D507,0x1D50A,3}, {0x1D50D,0x1D514,3},
  {0x1D516,0x1D51C,3}, {0x1D51E,0x1D539,3}, {0x1D53B,0x1D53E,3},
  {0x1D540,0x1D544,3}, {0x1D546,0x1D546,3}, {0x1D54A,0x1D550,3},
  {0x1D552,0x1D6A5,3}, {0x1D6A8,0x1D7CB,3}, {0x1D7CE,0x1D7FF,34},
  {0x1D800,0x1D9FF,3}, {0x1DA00,0x1DA36,13}, {0x1DA37,0x1DA3A,3},
  {0x1DA3B,0x1DA6C,13}, {0x1DA6D,0x1DA74,3}, {0x1DA75,0x1DA75,13},
  {0x1DA76,0x1DA83,3}, {0x1DA84,0x1DA84,13}, {0x1DA85,0x1DA86,3},
  {0x1DA87,0x1DA8A,7}, {0x1DA8B,0x1DA8B,3}, {0x1DA9B,0x1DA9F,13},
  {0x1DAA1,0x1DAAF,13}, {0x1DF00,0x1DF1E,3}, {0x1DF25,0x1DF2A,3},
  {0x1E000,0x1E006,13}, {0x1E008,0x1E018,13}, {0x1E01B,0x1E021,13},
  {0x1E023,0x1E024,13}, {0x1E026,0x1E02A,13}, {0x1E030,0x1E06D,3},
  {0x1E08F,0x1E08F,13}, {0x1E100,0x1E12C,3}, {0x1E130,0x1E136,13},
  {0x1E137,0x1E13D,3}, {0x1E140,0x1E149,34}, {0x1E14E,0x1E14F,3},
  {0x1E290,0x1E2AD,3}, {0x1E2AE,0x1E2AE,13}, {0x1E2C0,0x1E2EB,3},
  {0x1E2EC,0x1E2EF,13}, {0x1E2F0,0x1E2F9,34}, {0x1E2FF,0x1E2FF,37},
  {0x1E4D0,0x1E4EB,3}, {0x1E4EC,0x1E4EF,13}, {0x1E4F0,0x1E4F9,34},
  {0x1E5D0,0x1E5ED,3}, {0x1E5EE,0x1E5EF,13}, {0x1E5F0,0x1E5F0,3},
  {0x1E5F1,0x1E5FA,34}, {0x1E5FF,0x1E5FF,3}, {0x1E6C0,0x1E6DE,3},
  {0x1E6E0,0x1E6E2,3}, {0x1E6E3,0x1E6E3,13}, {0x1E6E4,0x1E6E5,3},
  {0x1E6E6,0x1E6E6,13}, {0x1E6E7,0x1E6ED,3}, {0x1E6EE,0x1E6EF,13},
  {0x1E6F0,0x1E6F4,3}, {0x1E6F5,0x1E6F5,13}, {0x1E6FE,0x1E6FF,3},
  {0x1E7E0,0x1E7E6,3}, {0x1E7E8,0x1E7EB,3}, {0x1E7ED,0x1E7EE,3},
  {0x1E7F0,0x1E7FE,3}, {0x1E800,0x1E8C4,3}, {0x1E8C7,0x1E8CF,3},
  {0x1E8D0,0x1E8D6,13}, {0x1E900,0x1E943,3}, {0x1E944,0x1E94A,13},
  {0x1E94B,0x1E94B,3}, {0x1E950,0x1E959,34}, {0x1E95E,0x1E95F,35},
  {0x1EC71,0x1ECAB,3}, {0x1ECAC,0x1ECAC,36}, {0x1ECAD,0x1ECAF,3},
  {0x1ECB0,0x1ECB0,36}, {0x1ECB1,0x1ECB4,3}, {0x1ED01,0x1ED3D,3},
  {0x1EE00,0x1EE03,3}, {0x1EE05,0x1EE1F,3}, {0x1EE21,0x1EE22,3},
  {0x1EE24,0x1EE24,3}, {0x1EE27,0x1EE27,3}, {0x1EE29,0x1EE32,3},
  {0x1EE34,0x1EE37,3}, {0x1EE39,0x1EE39,3}, {0x1EE3B,0x1EE3B,3},
  {0x1EE42,0x1EE42,3}, {0x1EE47,0x1EE47,3}, {0x1EE49,0x1EE49,3},
  {0x1EE4B,0x1EE4B,3}, {0x1EE4D,0x1EE4F,3}, {0x1EE51,0x1EE52,3},
  {0x1EE54,0x1EE54,3}, {0x1EE57,0x1EE57,3}, {0x1EE59,0x1EE59,3},
  {0x1EE5B,0x1EE5B,3}, {0x1EE5D,0x1EE5D,3}, {0x1EE5F,0x1EE5F,3},
  {0x1EE61,0x1EE62,3}, {0x1EE64,0x1EE64,3}, {0x1EE67,0x1EE6A,3},
  {0x1EE6C,0x1EE72,3}, {0x1EE74,0x1EE77,3}, {0x1EE79,0x1EE7C,3},
  {0x1EE7E,0x1EE7E,3}, {0x1EE80,0x1EE89,3}, {0x1EE8B,0x1EE9B,3},
  {0x1EEA1,0x1EEA3,3}, {0x1EEA5,0x1EEA9,3}, {0x1EEAB,0x1EEBB,3},
  {0x1EEF0,0x1EEF1,3}, {0x1F000,0x1F0FF,25}, {0x1F100,0x1F1AD,3},
  {0x1F1AE,0x1F1E5,25}, {0x1F1E6,0x1F1FF,39}, {0x1F200,0x1F384,25},
  {0x1F385,0x1F385,16}, {0x1F386,0x1F39B,25}, {0x1F39C,0x1F39D,3},
  {0x1F39E,0x1F3B4,25}, {0x1F3B5,0x1F3B6,3}, {0x1F3B7,0x1F3BB,25},
  {0x1F3BC,0x1F3BC,3}, {0x1F3BD,0x1F3C1,25}, {0x1F3C2,0x1F3C4,16},
  {0x1F3C5,0x1F3C6,25}, {0x1F3C7,0x1F3C7,16}, {0x1F3C8,0x1F3C9,25},
  {0x1F3CA,0x1F3CC,16}, {0x1F3CD,0x1F3FA,25}, {0x1F3FB,0x1F3FF,17},
  {0x1F400,0x1F441,25}, {0x1F442,0x1F443,16}, {0x1F444,0x1F445,25},
  {0x1F446,0x1F450,16}, {0x1F451,0x1F465,25}, {0x1F466,0x1F478,16},
  {0x1F479,0x1F47B,25}, {0x1F47C,0x1F47C,16}, {0x1F47D,0x1F480,25},
  {0x1F481,0x1F483,16}, {0x1F484,0x1F484,25}, {0x1F485,0x1F487,16},
  {0x1F488,0x1F48E,25}, {0x1F48F,0x1F48F,16}, {0x1F490,0x1F490,25},
  {0x1F491,0x1F491,16}, {0x1F492,0x1F49F,25}, {0x1F4A0,0x1F4A0,3},
  {0x1F4A1,0x1F4A1,25}, {0x1F4A2,0x1F4A2,3}, {0x1F4A3,0x1F4A3,25},
  {0x1F4A4,0x1F4A4,3}, {0x1F4A5,0x1F4A9,25}, {0x1F4AA,0x1F4AA,16},
  {0x1F4AB,0x1F4AE,25}, {0x1F4AF,0x1F4AF,3}, {0x1F4B0,0x1F4B0,25},
  {0x1F4B1,0x1F4B2,3}, {0x1F4B3,0x1F4FF,25}, {0x1F500,0x1F506,3},
  {0x1F507,0x1F516,25}, {0x1F517,0x1F524,3}, {0x1F525,0x1F531,25},
  {0x1F532,0x1F549,3}, {0x1F54A,0x1F573,25}, {0x1F574,0x1F575,16},
  {0x1F576,0x1F579,25}, {0x1F57A,0x1F57A,16}, {0x1F57B,0x1F58F,25},
  {0x1F590,0x1F590,16}, {0x1F591,0x1F594,25}, {0x1F595,0x1F596,16},
  {0x1F597,0x1F5D3,25}, {0x1F5D4,0x1F5DB,3}, {0x1F5DC,0x1F5F3,25},
  {0x1F5F4,0x1F5F9,3}, {0x1F5FA,0x1F644,25}, {0x1F645,0x1F647,16},
  {0x1F648,0x1F64A,25}, {0x1F64B,0x1F64F,16}, {0x1F650,0x1F675,3},
  {0x1F676,0x1F678,38}, {0x1F679,0x1F67B,33}, {0x1F67C,0x1F67F,3},
  {0x1F680,0x1F6A2,25}, {0x1F6A3,0x1F6A3,16}, {0x1F6A4,0x1F6B3,25},
  {0x1F6B4,0x1F6B6,16}, {0x1F6B7,0x1F6BF,25}, {0x1F6C0,0x1F6C0,16},
  {0x1F6C1,0x1F6CB,25}, {0x1F6CC,0x1F6CC,16}, {0x1F6CD,0x1F6FF,25},
  {0x1F700,0x1F773,3}, {0x1F774,0x1F776,25}, {0x1F777,0x1F77A,3},
  {0x1F77B,0x1F77F,25}, {0x1F780,0x1F7D4,3}, {0x1F7D5,0x1F7FF,25},
  {0x1F800,0x1F80B,3}, {0x1F810,0x1F847,3}, {0x1F850,0x1F859,3},
  {0x1F860,0x1F887,3}, {0x1F890,0x1F8AD,3}, {0x1F8B0,0x1F8BB,3},
  {0x1F8C0,0x1F8C1,3}, {0x1F8D0,0x1F8D8,3}, {0x1F900,0x1F90B,3},
  {0x1F90C,0x1F90C,16}, {0x1F90D,0x1F90E,25}, {0x1F90F,0x1F90F,16},
  {0x1F910,0x1F917,25}, {0x1F918,0x1F91F,16}, {0x1F920,0x1F925,25},
  {0x1F926,0x1F926,16}, {0x1F927,0x1F92F,25}, {0x1F930,0x1F939,16},
  {0x1F93A,0x1F93B,25}, {0x1F93C,0x1F93E,16}, {0x1F93F,0x1F976,25},
  {0x1F977,0x1F977,16}, {0x1F978,0x1F9B4,25}, {0x1F9B5,0x1F9B6,16},
  {0x1F9B7,0x1F9B7,25}, {0x1F9B8,0x1F9B9,16}, {0x1F9BA,0x1F9BA,25},
  {0x1F9BB,0x1F9BB,16}, {0x1F9BC,0x1F9CC,25}, {0x1F9CD,0x1F9CF,16},
  {0x1F9D0,0x1F9D0,25}, {0x1F9D1,0x1F9DD,16}, {0x1F9DE,0x1F9FF,25},
  {0x1FA00,0x1FA57,3}, {0x1FA58,0x1FAC2,25}, {0x1FAC3,0x1FAC5,16},
  {0x1FAC6,0x1FAEF,25}, {0x1FAF0,0x1FAF8,16}, {0x1FAF9,0x1FAFF,25},
  {0x1FB00,0x1FB92,3}, {0x1FB94,0x1FBEF,3}, {0x1FBF0,0x1FBF9,34},
  {0x1FBFA,0x1FBFA,3}, {0x1FC00,0x1FFFD,25}, {0x20000,0x2FFFD,25},
  {0x30000,0x3FFFD,25}, {0xE0001,0xE0001,13}, {0xE0020,0xE007F,13},
  {0xE0100,0xE01EF,13}, {0xF0000,0xFFFFD,3}, {0x100000,0x10FFFD,3},
};
const size_t grx_unicode_lb_range_count = 2799;

const GRX_UnicodeBreakRange grx_unicode_incb_ranges[] = {
  {0x0300,0x036F,2}, {0x0483,0x0489,2}, {0x0591,0x05BD,2},
  {0x05BF,0x05BF,2}, {0x05C1,0x05C2,2}, {0x05C4,0x05C5,2},
  {0x05C7,0x05C7,2}, {0x0610,0x061A,2}, {0x064B,0x065F,2},
  {0x0670,0x0670,2}, {0x06D6,0x06DC,2}, {0x06DF,0x06E4,2},
  {0x06E7,0x06E8,2}, {0x06EA,0x06ED,2}, {0x0711,0x0711,2},
  {0x0730,0x074A,2}, {0x07A6,0x07B0,2}, {0x07EB,0x07F3,2},
  {0x07FD,0x07FD,2}, {0x0816,0x0819,2}, {0x081B,0x0823,2},
  {0x0825,0x0827,2}, {0x0829,0x082D,2}, {0x0859,0x085B,2},
  {0x0897,0x089F,2}, {0x08CA,0x08E1,2}, {0x08E3,0x0902,2},
  {0x0915,0x0939,1}, {0x093A,0x093A,2}, {0x093C,0x093C,2},
  {0x0941,0x0948,2}, {0x094D,0x094D,3}, {0x0951,0x0957,2},
  {0x0958,0x095F,1}, {0x0962,0x0963,2}, {0x0978,0x097F,1},
  {0x0981,0x0981,2}, {0x0995,0x09A8,1}, {0x09AA,0x09B0,1},
  {0x09B2,0x09B2,1}, {0x09B6,0x09B9,1}, {0x09BC,0x09BC,2},
  {0x09BE,0x09BE,2}, {0x09C1,0x09C4,2}, {0x09CD,0x09CD,3},
  {0x09D7,0x09D7,2}, {0x09DC,0x09DD,1}, {0x09DF,0x09DF,1},
  {0x09E2,0x09E3,2}, {0x09F0,0x09F1,1}, {0x09FE,0x09FE,2},
  {0x0A01,0x0A02,2}, {0x0A3C,0x0A3C,2}, {0x0A41,0x0A42,2},
  {0x0A47,0x0A48,2}, {0x0A4B,0x0A4D,2}, {0x0A51,0x0A51,2},
  {0x0A70,0x0A71,2}, {0x0A75,0x0A75,2}, {0x0A81,0x0A82,2},
  {0x0A95,0x0AA8,1}, {0x0AAA,0x0AB0,1}, {0x0AB2,0x0AB3,1},
  {0x0AB5,0x0AB9,1}, {0x0ABC,0x0ABC,2}, {0x0AC1,0x0AC5,2},
  {0x0AC7,0x0AC8,2}, {0x0ACD,0x0ACD,3}, {0x0AE2,0x0AE3,2},
  {0x0AF9,0x0AF9,1}, {0x0AFA,0x0AFF,2}, {0x0B01,0x0B01,2},
  {0x0B15,0x0B28,1}, {0x0B2A,0x0B30,1}, {0x0B32,0x0B33,1},
  {0x0B35,0x0B39,1}, {0x0B3C,0x0B3C,2}, {0x0B3E,0x0B3F,2},
  {0x0B41,0x0B44,2}, {0x0B4D,0x0B4D,3}, {0x0B55,0x0B57,2},
  {0x0B5C,0x0B5D,1}, {0x0B5F,0x0B5F,1}, {0x0B62,0x0B63,2},
  {0x0B71,0x0B71,1}, {0x0B82,0x0B82,2}, {0x0BBE,0x0BBE,2},
  {0x0BC0,0x0BC0,2}, {0x0BCD,0x0BCD,2}, {0x0BD7,0x0BD7,2},
  {0x0C00,0x0C00,2}, {0x0C04,0x0C04,2}, {0x0C15,0x0C28,1},
  {0x0C2A,0x0C39,1}, {0x0C3C,0x0C3C,2}, {0x0C3E,0x0C40,2},
  {0x0C46,0x0C48,2}, {0x0C4A,0x0C4C,2}, {0x0C4D,0x0C4D,3},
  {0x0C55,0x0C56,2}, {0x0C58,0x0C5A,1}, {0x0C62,0x0C63,2},
  {0x0C81,0x0C81,2}, {0x0CBC,0x0CBC,2}, {0x0CBF,0x0CC0,2},
  {0x0CC2,0x0CC2,2}, {0x0CC6,0x0CC8,2}, {0x0CCA,0x0CCD,2},
  {0x0CD5,0x0CD6,2}, {0x0CE2,0x0CE3,2}, {0x0D00,0x0D01,2},
  {0x0D15,0x0D3A,1}, {0x0D3B,0x0D3C,2}, {0x0D3E,0x0D3E,2},
  {0x0D41,0x0D44,2}, {0x0D4D,0x0D4D,3}, {0x0D57,0x0D57,2},
  {0x0D62,0x0D63,2}, {0x0D81,0x0D81,2}, {0x0DCA,0x0DCA,2},
  {0x0DCF,0x0DCF,2}, {0x0DD2,0x0DD4,2}, {0x0DD6,0x0DD6,2},
  {0x0DDF,0x0DDF,2}, {0x0E31,0x0E31,2}, {0x0E34,0x0E3A,2},
  {0x0E47,0x0E4E,2}, {0x0EB1,0x0EB1,2}, {0x0EB4,0x0EBC,2},
  {0x0EC8,0x0ECE,2}, {0x0F18,0x0F19,2}, {0x0F35,0x0F35,2},
  {0x0F37,0x0F37,2}, {0x0F39,0x0F39,2}, {0x0F71,0x0F7E,2},
  {0x0F80,0x0F84,2}, {0x0F86,0x0F87,2}, {0x0F8D,0x0F97,2},
  {0x0F99,0x0FBC,2}, {0x0FC6,0x0FC6,2}, {0x1000,0x102A,1},
  {0x102D,0x1030,2}, {0x1032,0x1037,2}, {0x1039,0x1039,3},
  {0x103A,0x103A,2}, {0x103D,0x103E,2}, {0x103F,0x103F,1},
  {0x1050,0x1055,1}, {0x1058,0x1059,2}, {0x105A,0x105D,1},
  {0x105E,0x1060,2}, {0x1061,0x1061,1}, {0x1065,0x1066,1},
  {0x106E,0x1070,1}, {0x1071,0x1074,2}, {0x1075,0x1081,1},
  {0x1082,0x1082,2}, {0x1085,0x1086,2}, {0x108D,0x108D,2},
  {0x108E,0x108E,1}, {0x109D,0x109D,2}, {0x135D,0x135F,2},
  {0x1712,0x1715,2}, {0x1732,0x1734,2}, {0x1752,0x1753,2},
  {0x1772,0x1773,2}, {0x1780,0x17B3,1}, {0x17B4,0x17B5,2},
  {0x17B7,0x17BD,2}, {0x17C6,0x17C6,2}, {0x17C9,0x17D1,2},
  {0x17D2,0x17D2,3}, {0x17D3,0x17D3,2}, {0x17DD,0x17DD,2},
  {0x180B,0x180D,2}, {0x180F,0x180F,2}, {0x1885,0x1886,2},
  {0x18A9,0x18A9,2}, {0x1920,0x1922,2}, {0x1927,0x1928,2},
  {0x1932,0x1932,2}, {0x1939,0x193B,2}, {0x1A17,0x1A18,2},
  {0x1A1B,0x1A1B,2}, {0x1A20,0x1A54,1}, {0x1A56,0x1A56,2},
  {0x1A58,0x1A5E,2}, {0x1A60,0x1A60,3}, {0x1A62,0x1A62,2},
  {0x1A65,0x1A6C,2}, {0x1A73,0x1A7C,2}, {0x1A7F,0x1A7F,2},
  {0x1AB0,0x1ADD,2}, {0x1AE0,0x1AEB,2}, {0x1B00,0x1B03,2},
  {0x1B0B,0x1B0C,1}, {0x1B13,0x1B33,1}, {0x1B34,0x1B3D,2},
  {0x1B42,0x1B43,2}, {0x1B44,0x1B44,3}, {0x1B45,0x1B4C,1},
  {0x1B6B,0x1B73,2}, {0x1B80,0x1B81,2}, {0x1B83,0x1BA0,1},
  {0x1BA2,0x1BA5,2}, {0x1BA8,0x1BAA,2}, {0x1BAB,0x1BAB,3},
  {0x1BAC,0x1BAD,2}, {0x1BAE,0x1BAF,1}, {0x1BBB,0x1BBD,1},
  {0x1BE6,0x1BE6,2}, {0x1BE8,0x1BE9,2}, {0x1BED,0x1BED,2},
  {0x1BEF,0x1BF3,2}, {0x1C2C,0x1C33,2}, {0x1C36,0x1C37,2},
  {0x1CD0,0x1CD2,2}, {0x1CD4,0x1CE0,2}, {0x1CE2,0x1CE8,2},
  {0x1CED,0x1CED,2}, {0x1CF4,0x1CF4,2}, {0x1CF8,0x1CF9,2},
  {0x1DC0,0x1DFF,2}, {0x200D,0x200D,2}, {0x20D0,0x20F0,2},
  {0x2CEF,0x2CF1,2}, {0x2D7F,0x2D7F,2}, {0x2DE0,0x2DFF,2},
  {0x302A,0x302F,2}, {0x3099,0x309A,2}, {0xA66F,0xA672,2},
  {0xA674,0xA67D,2}, {0xA69E,0xA69F,2}, {0xA6F0,0xA6F1,2},
  {0xA802,0xA802,2}, {0xA806,0xA806,2}, {0xA80B,0xA80B,2},
  {0xA825,0xA826,2}, {0xA82C,0xA82C,2}, {0xA8C4,0xA8C5,2},
  {0xA8E0,0xA8F1,2}, {0xA8FF,0xA8FF,2}, {0xA926,0xA92D,2},
  {0xA947,0xA951,2}, {0xA953,0xA953,2}, {0xA980,0xA982,2},
  {0xA989,0xA98B,1}, {0xA98F,0xA9B2,1}, {0xA9B3,0xA9B3,2},
  {0xA9B6,0xA9B9,2}, {0xA9BC,0xA9BD,2}, {0xA9C0,0xA9C0,3},
  {0xA9E0,0xA9E4,1}, {0xA9E5,0xA9E5,2}, {0xA9E7,0xA9EF,1},
  {0xA9FA,0xA9FE,1}, {0xAA29,0xAA2E,2}, {0xAA31,0xAA32,2},
  {0xAA35,0xAA36,2}, {0xAA43,0xAA43,2}, {0xAA4C,0xAA4C,2},
  {0xAA60,0xAA6F,1}, {0xAA71,0xAA73,1}, {0xAA7A,0xAA7A,1},
  {0xAA7C,0xAA7C,2}, {0xAA7E,0xAA7F,1}, {0xAAB0,0xAAB0,2},
  {0xAAB2,0xAAB4,2}, {0xAAB7,0xAAB8,2}, {0xAABE,0xAABF,2},
  {0xAAC1,0xAAC1,2}, {0xAAE0,0xAAEA,1}, {0xAAEC,0xAAED,2},
  {0xAAF6,0xAAF6,3}, {0xABC0,0xABDA,1}, {0xABE5,0xABE5,2},
  {0xABE8,0xABE8,2}, {0xABED,0xABED,2}, {0xFB1E,0xFB1E,2},
  {0xFE00,0xFE0F,2}, {0xFE20,0xFE2F,2}, {0xFF9E,0xFF9F,2},
  {0x101FD,0x101FD,2}, {0x102E0,0x102E0,2}, {0x10376,0x1037A,2},
  {0x10A00,0x10A00,1}, {0x10A01,0x10A03,2}, {0x10A05,0x10A06,2},
  {0x10A0C,0x10A0F,2}, {0x10A10,0x10A13,1}, {0x10A15,0x10A17,1},
  {0x10A19,0x10A35,1}, {0x10A38,0x10A3A,2}, {0x10A3F,0x10A3F,3},
  {0x10AE5,0x10AE6,2}, {0x10D24,0x10D27,2}, {0x10D69,0x10D6D,2},
  {0x10EAB,0x10EAC,2}, {0x10EFA,0x10EFF,2}, {0x10F46,0x10F50,2},
  {0x10F82,0x10F85,2}, {0x11001,0x11001,2}, {0x11038,0x11046,2},
  {0x11070,0x11070,2}, {0x11073,0x11074,2}, {0x1107F,0x11081,2},
  {0x110B3,0x110B6,2}, {0x110B9,0x110BA,2}, {0x110C2,0x110C2,2},
  {0x11100,0x11102,2}, {0x11103,0x11126,1}, {0x11127,0x1112B,2},
  {0x1112D,0x11132,2}, {0x11133,0x11133,3}, {0x11134,0x11134,2},
  {0x11144,0x11144,1}, {0x11147,0x11147,1}, {0x11173,0x11173,2},
  {0x11180,0x11181,2}, {0x111B6,0x111BE,2}, {0x111C0,0x111C0,2},
  {0x111C9,0x111CC,2}, {0x111CF,0x111CF,2}, {0x1122F,0x11231,2},
  {0x11234,0x11237,2}, {0x1123E,0x1123E,2}, {0x11241,0x11241,2},
  {0x112DF,0x112DF,2}, {0x112E3,0x112EA,2}, {0x11300,0x11301,2},
  {0x1133B,0x1133C,2}, {0x1133E,0x1133E,2}, {0x11340,0x11340,2},
  {0x1134D,0x1134D,2}, {0x11357,0x11357,2}, {0x11366,0x1136C,2},
  {0x11370,0x11374,2}, {0x11380,0x11389,1}, {0x1138B,0x1138B,1},
  {0x1138E,0x1138E,1}, {0x11390,0x113B5,1}, {0x113B8,0x113B8,2},
  {0x113BB,0x113C0,2}, {0x113C2,0x113C2,2}, {0x113C5,0x113C5,2},
  {0x113C7,0x113C9,2}, {0x113CE,0x113CF,2}, {0x113D0,0x113D0,3},
  {0x113D2,0x113D2,2}, {0x113E1,0x113E2,2}, {0x11438,0x1143F,2},
  {0x11442,0x11444,2}, {0x11446,0x11446,2}, {0x1145E,0x1145E,2},
  {0x114B0,0x114B0,2}, {0x114B3,0x114B8,2}, {0x114BA,0x114BA,2},
  {0x114BD,0x114BD,2}, {0x114BF,0x114C0,2}, {0x114C2,0x114C3,2},
  {0x115AF,0x115AF,2}, {0x115B2,0x115B5,2}, {0x115BC,0x115BD,2},
  {0x115BF,0x115C0,2}, {0x115DC,0x115DD,2}, {0x11633,0x1163A,2},
  {0x1163D,0x1163D,2}, {0x1163F,0x11640,2}, {0x116AB,0x116AB,2},
  {0x116AD,0x116AD,2}, {0x116B0,0x116B7,2}, {0x1171D,0x1171D,2},
  {0x1171F,0x1171F,2}, {0x11722,0x11725,2}, {0x11727,0x1172B,2},
  {0x1182F,0x11837,2}, {0x11839,0x1183A,2}, {0x11900,0x11906,1},
  {0x11909,0x11909,1}, {0x1190C,0x11913,1}, {0x11915,0x11916,1},
  {0x11918,0x1192F,1}, {0x11930,0x11930,2}, {0x1193B,0x1193D,2},
  {0x1193E,0x1193E,3}, {0x11943,0x11943,2}, {0x119D4,0x119D7,2},
  {0x119DA,0x119DB,2}, {0x119E0,0x119E0,2}, {0x11A00,0x11A00,1},
  {0x11A01,0x11A0A,2}, {0x11A0B,0x11A32,1}, {0x11A33,0x11A38,2},
  {0x11A3B,0x11A3E,2}, {0x11A47,0x11A47,3}, {0x11A50,0x11A50,1},
  {0x11A51,0x11A56,2}, {0x11A59,0x11A5B,2}, {0x11A5C,0x11A83,1},
  {0x11A8A,0x11A96,2}, {0x11A98,0x11A98,2}, {0x11A99,0x11A99,3},
  {0x11B60,0x11B60,2}, {0x11B62,0x11B64,2}, {0x11B66,0x11B66,2},
  {0x11C30,0x11C36,2}, {0x11C38,0x11C3D,2}, {0x11C3F,0x11C3F,2},
  {0x11C92,0x11CA7,2}, {0x11CAA,0x11CB0,2}, {0x11CB2,0x11CB3,2},
  {0x11CB5,0x11CB6,2}, {0x11D31,0x11D36,2}, {0x11D3A,0x11D3A,2},
  {0x11D3C,0x11D3D,2}, {0x11D3F,0x11D45,2}, {0x11D47,0x11D47,2},
  {0x11D90,0x11D91,2}, {0x11D95,0x11D95,2}, {0x11D97,0x11D97,2},
  {0x11EF3,0x11EF4,2}, {0x11F00,0x11F01,2}, {0x11F04,0x11F10,1},
  {0x11F12,0x11F33,1}, {0x11F36,0x11F3A,2}, {0x11F40,0x11F41,2},
  {0x11F42,0x11F42,3}, {0x11F5A,0x11F5A,2}, {0x13440,0x13440,2},
  {0x13447,0x13455,2}, {0x1611E,0x16129,2}, {0x1612D,0x1612F,2},
  {0x16AF0,0x16AF4,2}, {0x16B30,0x16B36,2}, {0x16F4F,0x16F4F,2},
  {0x16F8F,0x16F92,2}, {0x16FE4,0x16FE4,2}, {0x16FF0,0x16FF1,2},
  {0x1BC9D,0x1BC9E,2}, {0x1CF00,0x1CF2D,2}, {0x1CF30,0x1CF46,2},
  {0x1D165,0x1D169,2}, {0x1D16D,0x1D172,2}, {0x1D17B,0x1D182,2},
  {0x1D185,0x1D18B,2}, {0x1D1AA,0x1D1AD,2}, {0x1D242,0x1D244,2},
  {0x1DA00,0x1DA36,2}, {0x1DA3B,0x1DA6C,2}, {0x1DA75,0x1DA75,2},
  {0x1DA84,0x1DA84,2}, {0x1DA9B,0x1DA9F,2}, {0x1DAA1,0x1DAAF,2},
  {0x1E000,0x1E006,2}, {0x1E008,0x1E018,2}, {0x1E01B,0x1E021,2},
  {0x1E023,0x1E024,2}, {0x1E026,0x1E02A,2}, {0x1E08F,0x1E08F,2},
  {0x1E130,0x1E136,2}, {0x1E2AE,0x1E2AE,2}, {0x1E2EC,0x1E2EF,2},
  {0x1E4EC,0x1E4EF,2}, {0x1E5EE,0x1E5EF,2}, {0x1E6E3,0x1E6E3,2},
  {0x1E6E6,0x1E6E6,2}, {0x1E6EE,0x1E6EF,2}, {0x1E6F5,0x1E6F5,2},
  {0x1E8D0,0x1E8D6,2}, {0x1E944,0x1E94A,2}, {0x1F3FB,0x1F3FF,2},
  {0xE0020,0xE007F,2}, {0xE0100,0xE01EF,2},
};
const size_t grx_unicode_incb_range_count = 473;

const GRX_UnicodeBreakRange grx_unicode_extpict_ranges[] = {
  {0x00A9,0x00A9,1}, {0x00AE,0x00AE,1}, {0x203C,0x203C,1},
  {0x2049,0x2049,1}, {0x2122,0x2122,1}, {0x2139,0x2139,1},
  {0x2194,0x2199,1}, {0x21A9,0x21AA,1}, {0x231A,0x231B,1},
  {0x2328,0x2328,1}, {0x23CF,0x23CF,1}, {0x23E9,0x23F3,1},
  {0x23F8,0x23FA,1}, {0x24C2,0x24C2,1}, {0x25AA,0x25AB,1},
  {0x25B6,0x25B6,1}, {0x25C0,0x25C0,1}, {0x25FB,0x25FE,1},
  {0x2600,0x2604,1}, {0x260E,0x260E,1}, {0x2611,0x2611,1},
  {0x2614,0x2615,1}, {0x2618,0x2618,1}, {0x261D,0x261D,1},
  {0x2620,0x2620,1}, {0x2622,0x2623,1}, {0x2626,0x2626,1},
  {0x262A,0x262A,1}, {0x262E,0x262F,1}, {0x2638,0x263A,1},
  {0x2640,0x2640,1}, {0x2642,0x2642,1}, {0x2648,0x2653,1},
  {0x265F,0x2660,1}, {0x2663,0x2663,1}, {0x2665,0x2666,1},
  {0x2668,0x2668,1}, {0x267B,0x267B,1}, {0x267E,0x267F,1},
  {0x2692,0x2697,1}, {0x2699,0x2699,1}, {0x269B,0x269C,1},
  {0x26A0,0x26A1,1}, {0x26A7,0x26A7,1}, {0x26AA,0x26AB,1},
  {0x26B0,0x26B1,1}, {0x26BD,0x26BE,1}, {0x26C4,0x26C5,1},
  {0x26C8,0x26C8,1}, {0x26CE,0x26CF,1}, {0x26D1,0x26D1,1},
  {0x26D3,0x26D4,1}, {0x26E9,0x26EA,1}, {0x26F0,0x26F5,1},
  {0x26F7,0x26FA,1}, {0x26FD,0x26FD,1}, {0x2702,0x2702,1},
  {0x2705,0x2705,1}, {0x2708,0x270D,1}, {0x270F,0x270F,1},
  {0x2712,0x2712,1}, {0x2714,0x2714,1}, {0x2716,0x2716,1},
  {0x271D,0x271D,1}, {0x2721,0x2721,1}, {0x2728,0x2728,1},
  {0x2733,0x2734,1}, {0x2744,0x2744,1}, {0x2747,0x2747,1},
  {0x274C,0x274C,1}, {0x274E,0x274E,1}, {0x2753,0x2755,1},
  {0x2757,0x2757,1}, {0x2763,0x2764,1}, {0x2795,0x2797,1},
  {0x27A1,0x27A1,1}, {0x27B0,0x27B0,1}, {0x27BF,0x27BF,1},
  {0x2934,0x2935,1}, {0x2B05,0x2B07,1}, {0x2B1B,0x2B1C,1},
  {0x2B50,0x2B50,1}, {0x2B55,0x2B55,1}, {0x3030,0x3030,1},
  {0x303D,0x303D,1}, {0x3297,0x3297,1}, {0x3299,0x3299,1},
  {0x1F004,0x1F004,1}, {0x1F02C,0x1F02F,1}, {0x1F094,0x1F09F,1},
  {0x1F0AF,0x1F0B0,1}, {0x1F0C0,0x1F0C0,1}, {0x1F0CF,0x1F0D0,1},
  {0x1F0F6,0x1F0FF,1}, {0x1F170,0x1F171,1}, {0x1F17E,0x1F17F,1},
  {0x1F18E,0x1F18E,1}, {0x1F191,0x1F19A,1}, {0x1F1AE,0x1F1E5,1},
  {0x1F201,0x1F20F,1}, {0x1F21A,0x1F21A,1}, {0x1F22F,0x1F22F,1},
  {0x1F232,0x1F23A,1}, {0x1F23C,0x1F23F,1}, {0x1F249,0x1F25F,1},
  {0x1F266,0x1F321,1}, {0x1F324,0x1F393,1}, {0x1F396,0x1F397,1},
  {0x1F399,0x1F39B,1}, {0x1F39E,0x1F3F0,1}, {0x1F3F3,0x1F3F5,1},
  {0x1F3F7,0x1F3FA,1}, {0x1F400,0x1F4FD,1}, {0x1F4FF,0x1F53D,1},
  {0x1F549,0x1F54E,1}, {0x1F550,0x1F567,1}, {0x1F56F,0x1F570,1},
  {0x1F573,0x1F57A,1}, {0x1F587,0x1F587,1}, {0x1F58A,0x1F58D,1},
  {0x1F590,0x1F590,1}, {0x1F595,0x1F596,1}, {0x1F5A4,0x1F5A5,1},
  {0x1F5A8,0x1F5A8,1}, {0x1F5B1,0x1F5B2,1}, {0x1F5BC,0x1F5BC,1},
  {0x1F5C2,0x1F5C4,1}, {0x1F5D1,0x1F5D3,1}, {0x1F5DC,0x1F5DE,1},
  {0x1F5E1,0x1F5E1,1}, {0x1F5E3,0x1F5E3,1}, {0x1F5E8,0x1F5E8,1},
  {0x1F5EF,0x1F5EF,1}, {0x1F5F3,0x1F5F3,1}, {0x1F5FA,0x1F64F,1},
  {0x1F680,0x1F6C5,1}, {0x1F6CB,0x1F6D2,1}, {0x1F6D5,0x1F6E5,1},
  {0x1F6E9,0x1F6E9,1}, {0x1F6EB,0x1F6F0,1}, {0x1F6F3,0x1F6FF,1},
  {0x1F7DA,0x1F7FF,1}, {0x1F80C,0x1F80F,1}, {0x1F848,0x1F84F,1},
  {0x1F85A,0x1F85F,1}, {0x1F888,0x1F88F,1}, {0x1F8AE,0x1F8AF,1},
  {0x1F8BC,0x1F8BF,1}, {0x1F8C2,0x1F8CF,1}, {0x1F8D9,0x1F8FF,1},
  {0x1F90C,0x1F93A,1}, {0x1F93C,0x1F945,1}, {0x1F947,0x1F9FF,1},
  {0x1FA58,0x1FA5F,1}, {0x1FA6E,0x1FAFF,1}, {0x1FC00,0x1FFFD,1},
};
const size_t grx_unicode_extpict_range_count = 156;

const GRX_UnicodeBreakRange grx_unicode_ea_ranges[] = {
  {0x1100,0x115F,1}, {0x20A9,0x20A9,1}, {0x231A,0x231B,1},
  {0x2329,0x232A,1}, {0x23E9,0x23EC,1}, {0x23F0,0x23F0,1},
  {0x23F3,0x23F3,1}, {0x25FD,0x25FE,1}, {0x2614,0x2615,1},
  {0x2630,0x2637,1}, {0x2648,0x2653,1}, {0x267F,0x267F,1},
  {0x268A,0x268F,1}, {0x2693,0x2693,1}, {0x26A1,0x26A1,1},
  {0x26AA,0x26AB,1}, {0x26BD,0x26BE,1}, {0x26C4,0x26C5,1},
  {0x26CE,0x26CE,1}, {0x26D4,0x26D4,1}, {0x26EA,0x26EA,1},
  {0x26F2,0x26F3,1}, {0x26F5,0x26F5,1}, {0x26FA,0x26FA,1},
  {0x26FD,0x26FD,1}, {0x2705,0x2705,1}, {0x270A,0x270B,1},
  {0x2728,0x2728,1}, {0x274C,0x274C,1}, {0x274E,0x274E,1},
  {0x2753,0x2755,1}, {0x2757,0x2757,1}, {0x2795,0x2797,1},
  {0x27B0,0x27B0,1}, {0x27BF,0x27BF,1}, {0x2B1B,0x2B1C,1},
  {0x2B50,0x2B50,1}, {0x2B55,0x2B55,1}, {0x2E80,0x2E99,1},
  {0x2E9B,0x2EF3,1}, {0x2F00,0x2FD5,1}, {0x2FF0,0x303E,1},
  {0x3041,0x3096,1}, {0x3099,0x30FF,1}, {0x3105,0x312F,1},
  {0x3131,0x318E,1}, {0x3190,0x31E5,1}, {0x31EF,0x321E,1},
  {0x3220,0x3247,1}, {0x3250,0xA48C,1}, {0xA490,0xA4C6,1},
  {0xA960,0xA97C,1}, {0xAC00,0xD7A3,1}, {0xF900,0xFAFF,1},
  {0xFE10,0xFE19,1}, {0xFE30,0xFE52,1}, {0xFE54,0xFE66,1},
  {0xFE68,0xFE6B,1}, {0xFF01,0xFFBE,1}, {0xFFC2,0xFFC7,1},
  {0xFFCA,0xFFCF,1}, {0xFFD2,0xFFD7,1}, {0xFFDA,0xFFDC,1},
  {0xFFE0,0xFFE6,1}, {0xFFE8,0xFFEE,1}, {0x16FE0,0x16FE4,1},
  {0x16FF0,0x16FF6,1}, {0x17000,0x18CD5,1}, {0x18CFF,0x18D1E,1},
  {0x18D80,0x18DF2,1}, {0x1AFF0,0x1AFF3,1}, {0x1AFF5,0x1AFFB,1},
  {0x1AFFD,0x1AFFE,1}, {0x1B000,0x1B122,1}, {0x1B132,0x1B132,1},
  {0x1B150,0x1B152,1}, {0x1B155,0x1B155,1}, {0x1B164,0x1B167,1},
  {0x1B170,0x1B2FB,1}, {0x1D300,0x1D356,1}, {0x1D360,0x1D376,1},
  {0x1F004,0x1F004,1}, {0x1F0CF,0x1F0CF,1}, {0x1F18E,0x1F18E,1},
  {0x1F191,0x1F19A,1}, {0x1F200,0x1F202,1}, {0x1F210,0x1F23B,1},
  {0x1F240,0x1F248,1}, {0x1F250,0x1F251,1}, {0x1F260,0x1F265,1},
  {0x1F300,0x1F320,1}, {0x1F32D,0x1F335,1}, {0x1F337,0x1F37C,1},
  {0x1F37E,0x1F393,1}, {0x1F3A0,0x1F3CA,1}, {0x1F3CF,0x1F3D3,1},
  {0x1F3E0,0x1F3F0,1}, {0x1F3F4,0x1F3F4,1}, {0x1F3F8,0x1F43E,1},
  {0x1F440,0x1F440,1}, {0x1F442,0x1F4FC,1}, {0x1F4FF,0x1F53D,1},
  {0x1F54B,0x1F54E,1}, {0x1F550,0x1F567,1}, {0x1F57A,0x1F57A,1},
  {0x1F595,0x1F596,1}, {0x1F5A4,0x1F5A4,1}, {0x1F5FB,0x1F64F,1},
  {0x1F680,0x1F6C5,1}, {0x1F6CC,0x1F6CC,1}, {0x1F6D0,0x1F6D2,1},
  {0x1F6D5,0x1F6D8,1}, {0x1F6DC,0x1F6DF,1}, {0x1F6EB,0x1F6EC,1},
  {0x1F6F4,0x1F6FC,1}, {0x1F7E0,0x1F7EB,1}, {0x1F7F0,0x1F7F0,1},
  {0x1F90C,0x1F93A,1}, {0x1F93C,0x1F945,1}, {0x1F947,0x1F9FF,1},
  {0x1FA70,0x1FA7C,1}, {0x1FA80,0x1FA8A,1}, {0x1FA8E,0x1FAC6,1},
  {0x1FAC8,0x1FAC8,1}, {0x1FACD,0x1FADC,1}, {0x1FADF,0x1FAEA,1},
  {0x1FAEF,0x1FAF8,1}, {0x20000,0x2FFFD,1}, {0x30000,0x3FFFD,1},
};
const size_t grx_unicode_ea_range_count = 129;

const GRX_UnicodeBreakRange grx_unicode_epcn_ranges[] = {
  {0x1F02C,0x1F02F,1}, {0x1F094,0x1F09F,1}, {0x1F0AF,0x1F0B0,1},
  {0x1F0C0,0x1F0C0,1}, {0x1F0D0,0x1F0D0,1}, {0x1F0F6,0x1F0FF,1},
  {0x1F1AE,0x1F1E5,1}, {0x1F203,0x1F20F,1}, {0x1F23C,0x1F23F,1},
  {0x1F249,0x1F24F,1}, {0x1F252,0x1F25F,1}, {0x1F266,0x1F2FF,1},
  {0x1F6D9,0x1F6DB,1}, {0x1F6ED,0x1F6EF,1}, {0x1F6FD,0x1F6FF,1},
  {0x1F7DA,0x1F7DF,1}, {0x1F7EC,0x1F7EF,1}, {0x1F7F1,0x1F7FF,1},
  {0x1F80C,0x1F80F,1}, {0x1F848,0x1F84F,1}, {0x1F85A,0x1F85F,1},
  {0x1F888,0x1F88F,1}, {0x1F8AE,0x1F8AF,1}, {0x1F8BC,0x1F8BF,1},
  {0x1F8C2,0x1F8CF,1}, {0x1F8D9,0x1F8FF,1}, {0x1FA58,0x1FA5F,1},
  {0x1FA6E,0x1FA6F,1}, {0x1FA7D,0x1FA7F,1}, {0x1FA8B,0x1FA8D,1},
  {0x1FAC7,0x1FAC7,1}, {0x1FAC9,0x1FACC,1}, {0x1FADD,0x1FADE,1},
  {0x1FAEB,0x1FAEE,1}, {0x1FAF9,0x1FAFF,1}, {0x1FC00,0x1FFFD,1},
};
const size_t grx_unicode_epcn_range_count = 36;

