/**
 * @file
 *
 * GENERATED by tools/unicode/gen_tables.py from UCD 17.0.0. Do not edit.
 *
 * Regenerate with:  tools/unicode/gen_tables.py
 * Verify with:      make check-unicode-tables
 *
 * Copyright 2026 by Corey Pennycuff
 */

#include "tables_internal.h"

const GRX_UnicodeCaseMap grx_unicode_fold_map[] = {
  {0x0041,0x0061}, {0x0042,0x0062}, {0x0043,0x0063}, {0x0044,0x0064},
  {0x0045,0x0065}, {0x0046,0x0066}, {0x0047,0x0067}, {0x0048,0x0068},
  {0x0049,0x0069}, {0x004A,0x006A}, {0x004B,0x006B}, {0x004C,0x006C},
  {0x004D,0x006D}, {0x004E,0x006E}, {0x004F,0x006F}, {0x0050,0x0070},
  {0x0051,0x0071}, {0x0052,0x0072}, {0x0053,0x0073}, {0x0054,0x0074},
  {0x0055,0x0075}, {0x0056,0x0076}, {0x0057,0x0077}, {0x0058,0x0078},
  {0x0059,0x0079}, {0x005A,0x007A}, {0x00B5,0x03BC}, {0x00C0,0x00E0},
  {0x00C1,0x00E1}, {0x00C2,0x00E2}, {0x00C3,0x00E3}, {0x00C4,0x00E4},
  {0x00C5,0x00E5}, {0x00C6,0x00E6}, {0x00C7,0x00E7}, {0x00C8,0x00E8},
  {0x00C9,0x00E9}, {0x00CA,0x00EA}, {0x00CB,0x00EB}, {0x00CC,0x00EC},
  {0x00CD,0x00ED}, {0x00CE,0x00EE}, {0x00CF,0x00EF}, {0x00D0,0x00F0},
  {0x00D1,0x00F1}, {0x00D2,0x00F2}, {0x00D3,0x00F3}, {0x00D4,0x00F4},
  {0x00D5,0x00F5}, {0x00D6,0x00F6}, {0x00D8,0x00F8}, {0x00D9,0x00F9},
  {0x00DA,0x00FA}, {0x00DB,0x00FB}, {0x00DC,0x00FC}, {0x00DD,0x00FD},
  {0x00DE,0x00FE}, {0x0100,0x0101}, {0x0102,0x0103}, {0x0104,0x0105},
  {0x0106,0x0107}, {0x0108,0x0109}, {0x010A,0x010B}, {0x010C,0x010D},
  {0x010E,0x010F}, {0x0110,0x0111}, {0x0112,0x0113}, {0x0114,0x0115},
  {0x0116,0x0117}, {0x0118,0x0119}, {0x011A,0x011B}, {0x011C,0x011D},
  {0x011E,0x011F}, {0x0120,0x0121}, {0x0122,0x0123}, {0x0124,0x0125},
  {0x0126,0x0127}, {0x0128,0x0129}, {0x012A,0x012B}, {0x012C,0x012D},
  {0x012E,0x012F}, {0x0132,0x0133}, {0x0134,0x0135}, {0x0136,0x0137},
  {0x0139,0x013A}, {0x013B,0x013C}, {0x013D,0x013E}, {0x013F,0x0140},
  {0x0141,0x0142}, {0x0143,0x0144}, {0x0145,0x0146}, {0x0147,0x0148},
  {0x014A,0x014B}, {0x014C,0x014D}, {0x014E,0x014F}, {0x0150,0x0151},
  {0x0152,0x0153}, {0x0154,0x0155}, {0x0156,0x0157}, {0x0158,0x0159},
  {0x015A,0x015B}, {0x015C,0x015D}, {0x015E,0x015F}, {0x0160,0x0161},
  {0x0162,0x0163}, {0x0164,0x0165}, {0x0166,0x0167}, {0x0168,0x0169},
  {0x016A,0x016B}, {0x016C,0x016D}, {0x016E,0x016F}, {0x0170,0x0171},
  {0x0172,0x0173}, {0x0174,0x0175}, {0x0176,0x0177}, {0x0178,0x00FF},
  {0x0179,0x017A}, {0x017B,0x017C}, {0x017D,0x017E}, {0x017F,0x0073},
  {0x0181,0x0253}, {0x0182,0x0183}, {0x0184,0x0185}, {0x0186,0x0254},
  {0x0187,0x0188}, {0x0189,0x0256}, {0x018A,0x0257}, {0x018B,0x018C},
  {0x018E,0x01DD}, {0x018F,0x0259}, {0x0190,0x025B}, {0x0191,0x0192},
  {0x0193,0x0260}, {0x0194,0x0263}, {0x0196,0x0269}, {0x0197,0x0268},
  {0x0198,0x0199}, {0x019C,0x026F}, {0x019D,0x0272}, {0x019F,0x0275},
  {0x01A0,0x01A1}, {0x01A2,0x01A3}, {0x01A4,0x01A5}, {0x01A6,0x0280},
  {0x01A7,0x01A8}, {0x01A9,0x0283}, {0x01AC,0x01AD}, {0x01AE,0x0288},
  {0x01AF,0x01B0}, {0x01B1,0x028A}, {0x01B2,0x028B}, {0x01B3,0x01B4},
  {0x01B5,0x01B6}, {0x01B7,0x0292}, {0x01B8,0x01B9}, {0x01BC,0x01BD},
  {0x01C4,0x01C6}, {0x01C5,0x01C6}, {0x01C7,0x01C9}, {0x01C8,0x01C9},
  {0x01CA,0x01CC}, {0x01CB,0x01CC}, {0x01CD,0x01CE}, {0x01CF,0x01D0},
  {0x01D1,0x01D2}, {0x01D3,0x01D4}, {0x01D5,0x01D6}, {0x01D7,0x01D8},
  {0x01D9,0x01DA}, {0x01DB,0x01DC}, {0x01DE,0x01DF}, {0x01E0,0x01E1},
  {0x01E2,0x01E3}, {0x01E4,0x01E5}, {0x01E6,0x01E7}, {0x01E8,0x01E9},
  {0x01EA,0x01EB}, {0x01EC,0x01ED}, {0x01EE,0x01EF}, {0x01F1,0x01F3},
  {0x01F2,0x01F3}, {0x01F4,0x01F5}, {0x01F6,0x0195}, {0x01F7,0x01BF},
  {0x01F8,0x01F9}, {0x01FA,0x01FB}, {0x01FC,0x01FD}, {0x01FE,0x01FF},
  {0x0200,0x0201}, {0x0202,0x0203}, {0x0204,0x0205}, {0x0206,0x0207},
  {0x0208,0x0209}, {0x020A,0x020B}, {0x020C,0x020D}, {0x020E,0x020F},
  {0x0210,0x0211}, {0x0212,0x0213}, {0x0214,0x0215}, {0x0216,0x0217},
  {0x0218,0x0219}, {0x021A,0x021B}, {0x021C,0x021D}, {0x021E,0x021F},
  {0x0220,0x019E}, {0x0222,0x0223}, {0x0224,0x0225}, {0x0226,0x0227},
  {0x0228,0x0229}, {0x022A,0x022B}, {0x022C,0x022D}, {0x022E,0x022F},
  {0x0230,0x0231}, {0x0232,0x0233}, {0x023A,0x2C65}, {0x023B,0x023C},
  {0x023D,0x019A}, {0x023E,0x2C66}, {0x0241,0x0242}, {0x0243,0x0180},
  {0x0244,0x0289}, {0x0245,0x028C}, {0x0246,0x0247}, {0x0248,0x0249},
  {0x024A,0x024B}, {0x024C,0x024D}, {0x024E,0x024F}, {0x0345,0x03B9},
  {0x0370,0x0371}, {0x0372,0x0373}, {0x0376,0x0377}, {0x037F,0x03F3},
  {0x0386,0x03AC}, {0x0388,0x03AD}, {0x0389,0x03AE}, {0x038A,0x03AF},
  {0x038C,0x03CC}, {0x038E,0x03CD}, {0x038F,0x03CE}, {0x0391,0x03B1},
  {0x0392,0x03B2}, {0x0393,0x03B3}, {0x0394,0x03B4}, {0x0395,0x03B5},
  {0x0396,0x03B6}, {0x0397,0x03B7}, {0x0398,0x03B8}, {0x0399,0x03B9},
  {0x039A,0x03BA}, {0x039B,0x03BB}, {0x039C,0x03BC}, {0x039D,0x03BD},
  {0x039E,0x03BE}, {0x039F,0x03BF}, {0x03A0,0x03C0}, {0x03A1,0x03C1},
  {0x03A3,0x03C3}, {0x03A4,0x03C4}, {0x03A5,0x03C5}, {0x03A6,0x03C6},
  {0x03A7,0x03C7}, {0x03A8,0x03C8}, {0x03A9,0x03C9}, {0x03AA,0x03CA},
  {0x03AB,0x03CB}, {0x03C2,0x03C3}, {0x03CF,0x03D7}, {0x03D0,0x03B2},
  {0x03D1,0x03B8}, {0x03D5,0x03C6}, {0x03D6,0x03C0}, {0x03D8,0x03D9},
  {0x03DA,0x03DB}, {0x03DC,0x03DD}, {0x03DE,0x03DF}, {0x03E0,0x03E1},
  {0x03E2,0x03E3}, {0x03E4,0x03E5}, {0x03E6,0x03E7}, {0x03E8,0x03E9},
  {0x03EA,0x03EB}, {0x03EC,0x03ED}, {0x03EE,0x03EF}, {0x03F0,0x03BA},
  {0x03F1,0x03C1}, {0x03F4,0x03B8}, {0x03F5,0x03B5}, {0x03F7,0x03F8},
  {0x03F9,0x03F2}, {0x03FA,0x03FB}, {0x03FD,0x037B}, {0x03FE,0x037C},
  {0x03FF,0x037D}, {0x0400,0x0450}, {0x0401,0x0451}, {0x0402,0x0452},
  {0x0403,0x0453}, {0x0404,0x0454}, {0x0405,0x0455}, {0x0406,0x0456},
  {0x0407,0x0457}, {0x0408,0x0458}, {0x0409,0x0459}, {0x040A,0x045A},
  {0x040B,0x045B}, {0x040C,0x045C}, {0x040D,0x045D}, {0x040E,0x045E},
  {0x040F,0x045F}, {0x0410,0x0430}, {0x0411,0x0431}, {0x0412,0x0432},
  {0x0413,0x0433}, {0x0414,0x0434}, {0x0415,0x0435}, {0x0416,0x0436},
  {0x0417,0x0437}, {0x0418,0x0438}, {0x0419,0x0439}, {0x041A,0x043A},
  {0x041B,0x043B}, {0x041C,0x043C}, {0x041D,0x043D}, {0x041E,0x043E},
  {0x041F,0x043F}, {0x0420,0x0440}, {0x0421,0x0441}, {0x0422,0x0442},
  {0x0423,0x0443}, {0x0424,0x0444}, {0x0425,0x0445}, {0x0426,0x0446},
  {0x0427,0x0447}, {0x0428,0x0448}, {0x0429,0x0449}, {0x042A,0x044A},
  {0x042B,0x044B}, {0x042C,0x044C}, {0x042D,0x044D}, {0x042E,0x044E},
  {0x042F,0x044F}, {0x0460,0x0461}, {0x0462,0x0463}, {0x0464,0x0465},
  {0x0466,0x0467}, {0x0468,0x0469}, {0x046A,0x046B}, {0x046C,0x046D},
  {0x046E,0x046F}, {0x0470,0x0471}, {0x0472,0x0473}, {0x0474,0x0475},
  {0x0476,0x0477}, {0x0478,0x0479}, {0x047A,0x047B}, {0x047C,0x047D},
  {0x047E,0x047F}, {0x0480,0x0481}, {0x048A,0x048B}, {0x048C,0x048D},
  {0x048E,0x048F}, {0x0490,0x0491}, {0x0492,0x0493}, {0x0494,0x0495},
  {0x0496,0x0497}, {0x0498,0x0499}, {0x049A,0x049B}, {0x049C,0x049D},
  {0x049E,0x049F}, {0x04A0,0x04A1}, {0x04A2,0x04A3}, {0x04A4,0x04A5},
  {0x04A6,0x04A7}, {0x04A8,0x04A9}, {0x04AA,0x04AB}, {0x04AC,0x04AD},
  {0x04AE,0x04AF}, {0x04B0,0x04B1}, {0x04B2,0x04B3}, {0x04B4,0x04B5},
  {0x04B6,0x04B7}, {0x04B8,0x04B9}, {0x04BA,0x04BB}, {0x04BC,0x04BD},
  {0x04BE,0x04BF}, {0x04C0,0x04CF}, {0x04C1,0x04C2}, {0x04C3,0x04C4},
  {0x04C5,0x04C6}, {0x04C7,0x04C8}, {0x04C9,0x04CA}, {0x04CB,0x04CC},
  {0x04CD,0x04CE}, {0x04D0,0x04D1}, {0x04D2,0x04D3}, {0x04D4,0x04D5},
  {0x04D6,0x04D7}, {0x04D8,0x04D9}, {0x04DA,0x04DB}, {0x04DC,0x04DD},
  {0x04DE,0x04DF}, {0x04E0,0x04E1}, {0x04E2,0x04E3}, {0x04E4,0x04E5},
  {0x04E6,0x04E7}, {0x04E8,0x04E9}, {0x04EA,0x04EB}, {0x04EC,0x04ED},
  {0x04EE,0x04EF}, {0x04F0,0x04F1}, {0x04F2,0x04F3}, {0x04F4,0x04F5},
  {0x04F6,0x04F7}, {0x04F8,0x04F9}, {0x04FA,0x04FB}, {0x04FC,0x04FD},
  {0x04FE,0x04FF}, {0x0500,0x0501}, {0x0502,0x0503}, {0x0504,0x0505},
  {0x0506,0x0507}, {0x0508,0x0509}, {0x050A,0x050B}, {0x050C,0x050D},
  {0x050E,0x050F}, {0x0510,0x0511}, {0x0512,0x0513}, {0x0514,0x0515},
  {0x0516,0x0517}, {0x0518,0x0519}, {0x051A,0x051B}, {0x051C,0x051D},
  {0x051E,0x051F}, {0x0520,0x0521}, {0x0522,0x0523}, {0x0524,0x0525},
  {0x0526,0x0527}, {0x0528,0x0529}, {0x052A,0x052B}, {0x052C,0x052D},
  {0x052E,0x052F}, {0x0531,0x0561}, {0x0532,0x0562}, {0x0533,0x0563},
  {0x0534,0x0564}, {0x0535,0x0565}, {0x0536,0x0566}, {0x0537,0x0567},
  {0x0538,0x0568}, {0x0539,0x0569}, {0x053A,0x056A}, {0x053B,0x056B},
  {0x053C,0x056C}, {0x053D,0x056D}, {0x053E,0x056E}, {0x053F,0x056F},
  {0x0540,0x0570}, {0x0541,0x0571}, {0x0542,0x0572}, {0x0543,0x0573},
  {0x0544,0x0574}, {0x0545,0x0575}, {0x0546,0x0576}, {0x0547,0x0577},
  {0x0548,0x0578}, {0x0549,0x0579}, {0x054A,0x057A}, {0x054B,0x057B},
  {0x054C,0x057C}, {0x054D,0x057D}, {0x054E,0x057E}, {0x054F,0x057F},
  {0x0550,0x0580}, {0x0551,0x0581}, {0x0552,0x0582}, {0x0553,0x0583},
  {0x0554,0x0584}, {0x0555,0x0585}, {0x0556,0x0586}, {0x10A0,0x2D00},
  {0x10A1,0x2D01}, {0x10A2,0x2D02}, {0x10A3,0x2D03}, {0x10A4,0x2D04},
  {0x10A5,0x2D05}, {0x10A6,0x2D06}, {0x10A7,0x2D07}, {0x10A8,0x2D08},
  {0x10A9,0x2D09}, {0x10AA,0x2D0A}, {0x10AB,0x2D0B}, {0x10AC,0x2D0C},
  {0x10AD,0x2D0D}, {0x10AE,0x2D0E}, {0x10AF,0x2D0F}, {0x10B0,0x2D10},
  {0x10B1,0x2D11}, {0x10B2,0x2D12}, {0x10B3,0x2D13}, {0x10B4,0x2D14},
  {0x10B5,0x2D15}, {0x10B6,0x2D16}, {0x10B7,0x2D17}, {0x10B8,0x2D18},
  {0x10B9,0x2D19}, {0x10BA,0x2D1A}, {0x10BB,0x2D1B}, {0x10BC,0x2D1C},
  {0x10BD,0x2D1D}, {0x10BE,0x2D1E}, {0x10BF,0x2D1F}, {0x10C0,0x2D20},
  {0x10C1,0x2D21}, {0x10C2,0x2D22}, {0x10C3,0x2D23}, {0x10C4,0x2D24},
  {0x10C5,0x2D25}, {0x10C7,0x2D27}, {0x10CD,0x2D2D}, {0x13F8,0x13F0},
  {0x13F9,0x13F1}, {0x13FA,0x13F2}, {0x13FB,0x13F3}, {0x13FC,0x13F4},
  {0x13FD,0x13F5}, {0x1C80,0x0432}, {0x1C81,0x0434}, {0x1C82,0x043E},
  {0x1C83,0x0441}, {0x1C84,0x0442}, {0x1C85,0x0442}, {0x1C86,0x044A},
  {0x1C87,0x0463}, {0x1C88,0xA64B}, {0x1C89,0x1C8A}, {0x1C90,0x10D0},
  {0x1C91,0x10D1}, {0x1C92,0x10D2}, {0x1C93,0x10D3}, {0x1C94,0x10D4},
  {0x1C95,0x10D5}, {0x1C96,0x10D6}, {0x1C97,0x10D7}, {0x1C98,0x10D8},
  {0x1C99,0x10D9}, {0x1C9A,0x10DA}, {0x1C9B,0x10DB}, {0x1C9C,0x10DC},
  {0x1C9D,0x10DD}, {0x1C9E,0x10DE}, {0x1C9F,0x10DF}, {0x1CA0,0x10E0},
  {0x1CA1,0x10E1}, {0x1CA2,0x10E2}, {0x1CA3,0x10E3}, {0x1CA4,0x10E4},
  {0x1CA5,0x10E5}, {0x1CA6,0x10E6}, {0x1CA7,0x10E7}, {0x1CA8,0x10E8},
  {0x1CA9,0x10E9}, {0x1CAA,0x10EA}, {0x1CAB,0x10EB}, {0x1CAC,0x10EC},
  {0x1CAD,0x10ED}, {0x1CAE,0x10EE}, {0x1CAF,0x10EF}, {0x1CB0,0x10F0},
  {0x1CB1,0x10F1}, {0x1CB2,0x10F2}, {0x1CB3,0x10F3}, {0x1CB4,0x10F4},
  {0x1CB5,0x10F5}, {0x1CB6,0x10F6}, {0x1CB7,0x10F7}, {0x1CB8,0x10F8},
  {0x1CB9,0x10F9}, {0x1CBA,0x10FA}, {0x1CBD,0x10FD}, {0x1CBE,0x10FE},
  {0x1CBF,0x10FF}, {0x1E00,0x1E01}, {0x1E02,0x1E03}, {0x1E04,0x1E05},
  {0x1E06,0x1E07}, {0x1E08,0x1E09}, {0x1E0A,0x1E0B}, {0x1E0C,0x1E0D},
  {0x1E0E,0x1E0F}, {0x1E10,0x1E11}, {0x1E12,0x1E13}, {0x1E14,0x1E15},
  {0x1E16,0x1E17}, {0x1E18,0x1E19}, {0x1E1A,0x1E1B}, {0x1E1C,0x1E1D},
  {0x1E1E,0x1E1F}, {0x1E20,0x1E21}, {0x1E22,0x1E23}, {0x1E24,0x1E25},
  {0x1E26,0x1E27}, {0x1E28,0x1E29}, {0x1E2A,0x1E2B}, {0x1E2C,0x1E2D},
  {0x1E2E,0x1E2F}, {0x1E30,0x1E31}, {0x1E32,0x1E33}, {0x1E34,0x1E35},
  {0x1E36,0x1E37}, {0x1E38,0x1E39}, {0x1E3A,0x1E3B}, {0x1E3C,0x1E3D},
  {0x1E3E,0x1E3F}, {0x1E40,0x1E41}, {0x1E42,0x1E43}, {0x1E44,0x1E45},
  {0x1E46,0x1E47}, {0x1E48,0x1E49}, {0x1E4A,0x1E4B}, {0x1E4C,0x1E4D},
  {0x1E4E,0x1E4F}, {0x1E50,0x1E51}, {0x1E52,0x1E53}, {0x1E54,0x1E55},
  {0x1E56,0x1E57}, {0x1E58,0x1E59}, {0x1E5A,0x1E5B}, {0x1E5C,0x1E5D},
  {0x1E5E,0x1E5F}, {0x1E60,0x1E61}, {0x1E62,0x1E63}, {0x1E64,0x1E65},
  {0x1E66,0x1E67}, {0x1E68,0x1E69}, {0x1E6A,0x1E6B}, {0x1E6C,0x1E6D},
  {0x1E6E,0x1E6F}, {0x1E70,0x1E71}, {0x1E72,0x1E73}, {0x1E74,0x1E75},
  {0x1E76,0x1E77}, {0x1E78,0x1E79}, {0x1E7A,0x1E7B}, {0x1E7C,0x1E7D},
  {0x1E7E,0x1E7F}, {0x1E80,0x1E81}, {0x1E82,0x1E83}, {0x1E84,0x1E85},
  {0x1E86,0x1E87}, {0x1E88,0x1E89}, {0x1E8A,0x1E8B}, {0x1E8C,0x1E8D},
  {0x1E8E,0x1E8F}, {0x1E90,0x1E91}, {0x1E92,0x1E93}, {0x1E94,0x1E95},
  {0x1E9B,0x1E61}, {0x1E9E,0x00DF}, {0x1EA0,0x1EA1}, {0x1EA2,0x1EA3},
  {0x1EA4,0x1EA5}, {0x1EA6,0x1EA7}, {0x1EA8,0x1EA9}, {0x1EAA,0x1EAB},
  {0x1EAC,0x1EAD}, {0x1EAE,0x1EAF}, {0x1EB0,0x1EB1}, {0x1EB2,0x1EB3},
  {0x1EB4,0x1EB5}, {0x1EB6,0x1EB7}, {0x1EB8,0x1EB9}, {0x1EBA,0x1EBB},
  {0x1EBC,0x1EBD}, {0x1EBE,0x1EBF}, {0x1EC0,0x1EC1}, {0x1EC2,0x1EC3},
  {0x1EC4,0x1EC5}, {0x1EC6,0x1EC7}, {0x1EC8,0x1EC9}, {0x1ECA,0x1ECB},
  {0x1ECC,0x1ECD}, {0x1ECE,0x1ECF}, {0x1ED0,0x1ED1}, {0x1ED2,0x1ED3},
  {0x1ED4,0x1ED5}, {0x1ED6,0x1ED7}, {0x1ED8,0x1ED9}, {0x1EDA,0x1EDB},
  {0x1EDC,0x1EDD}, {0x1EDE,0x1EDF}, {0x1EE0,0x1EE1}, {0x1EE2,0x1EE3},
  {0x1EE4,0x1EE5}, {0x1EE6,0x1EE7}, {0x1EE8,0x1EE9}, {0x1EEA,0x1EEB},
  {0x1EEC,0x1EED}, {0x1EEE,0x1EEF}, {0x1EF0,0x1EF1}, {0x1EF2,0x1EF3},
  {0x1EF4,0x1EF5}, {0x1EF6,0x1EF7}, {0x1EF8,0x1EF9}, {0x1EFA,0x1EFB},
  {0x1EFC,0x1EFD}, {0x1EFE,0x1EFF}, {0x1F08,0x1F00}, {0x1F09,0x1F01},
  {0x1F0A,0x1F02}, {0x1F0B,0x1F03}, {0x1F0C,0x1F04}, {0x1F0D,0x1F05},
  {0x1F0E,0x1F06}, {0x1F0F,0x1F07}, {0x1F18,0x1F10}, {0x1F19,0x1F11},
  {0x1F1A,0x1F12}, {0x1F1B,0x1F13}, {0x1F1C,0x1F14}, {0x1F1D,0x1F15},
  {0x1F28,0x1F20}, {0x1F29,0x1F21}, {0x1F2A,0x1F22}, {0x1F2B,0x1F23},
  {0x1F2C,0x1F24}, {0x1F2D,0x1F25}, {0x1F2E,0x1F26}, {0x1F2F,0x1F27},
  {0x1F38,0x1F30}, {0x1F39,0x1F31}, {0x1F3A,0x1F32}, {0x1F3B,0x1F33},
  {0x1F3C,0x1F34}, {0x1F3D,0x1F35}, {0x1F3E,0x1F36}, {0x1F3F,0x1F37},
  {0x1F48,0x1F40}, {0x1F49,0x1F41}, {0x1F4A,0x1F42}, {0x1F4B,0x1F43},
  {0x1F4C,0x1F44}, {0x1F4D,0x1F45}, {0x1F59,0x1F51}, {0x1F5B,0x1F53},
  {0x1F5D,0x1F55}, {0x1F5F,0x1F57}, {0x1F68,0x1F60}, {0x1F69,0x1F61},
  {0x1F6A,0x1F62}, {0x1F6B,0x1F63}, {0x1F6C,0x1F64}, {0x1F6D,0x1F65},
  {0x1F6E,0x1F66}, {0x1F6F,0x1F67}, {0x1F88,0x1F80}, {0x1F89,0x1F81},
  {0x1F8A,0x1F82}, {0x1F8B,0x1F83}, {0x1F8C,0x1F84}, {0x1F8D,0x1F85},
  {0x1F8E,0x1F86}, {0x1F8F,0x1F87}, {0x1F98,0x1F90}, {0x1F99,0x1F91},
  {0x1F9A,0x1F92}, {0x1F9B,0x1F93}, {0x1F9C,0x1F94}, {0x1F9D,0x1F95},
  {0x1F9E,0x1F96}, {0x1F9F,0x1F97}, {0x1FA8,0x1FA0}, {0x1FA9,0x1FA1},
  {0x1FAA,0x1FA2}, {0x1FAB,0x1FA3}, {0x1FAC,0x1FA4}, {0x1FAD,0x1FA5},
  {0x1FAE,0x1FA6}, {0x1FAF,0x1FA7}, {0x1FB8,0x1FB0}, {0x1FB9,0x1FB1},
  {0x1FBA,0x1F70}, {0x1FBB,0x1F71}, {0x1FBC,0x1FB3}, {0x1FBE,0x03B9},
  {0x1FC8,0x1F72}, {0x1FC9,0x1F73}, {0x1FCA,0x1F74}, {0x1FCB,0x1F75},
  {0x1FCC,0x1FC3}, {0x1FD3,0x0390}, {0x1FD8,0x1FD0}, {0x1FD9,0x1FD1},
  {0x1FDA,0x1F76}, {0x1FDB,0x1F77}, {0x1FE3,0x03B0}, {0x1FE8,0x1FE0},
  {0x1FE9,0x1FE1}, {0x1FEA,0x1F7A}, {0x1FEB,0x1F7B}, {0x1FEC,0x1FE5},
  {0x1FF8,0x1F78}, {0x1FF9,0x1F79}, {0x1FFA,0x1F7C}, {0x1FFB,0x1F7D},
  {0x1FFC,0x1FF3}, {0x2126,0x03C9}, {0x212A,0x006B}, {0x212B,0x00E5},
  {0x2132,0x214E}, {0x2160,0x2170}, {0x2161,0x2171}, {0x2162,0x2172},
  {0x2163,0x2173}, {0x2164,0x2174}, {0x2165,0x2175}, {0x2166,0x2176},
  {0x2167,0x2177}, {0x2168,0x2178}, {0x2169,0x2179}, {0x216A,0x217A},
  {0x216B,0x217B}, {0x216C,0x217C}, {0x216D,0x217D}, {0x216E,0x217E},
  {0x216F,0x217F}, {0x2183,0x2184}, {0x24B6,0x24D0}, {0x24B7,0x24D1},
  {0x24B8,0x24D2}, {0x24B9,0x24D3}, {0x24BA,0x24D4}, {0x24BB,0x24D5},
  {0x24BC,0x24D6}, {0x24BD,0x24D7}, {0x24BE,0x24D8}, {0x24BF,0x24D9},
  {0x24C0,0x24DA}, {0x24C1,0x24DB}, {0x24C2,0x24DC}, {0x24C3,0x24DD},
  {0x24C4,0x24DE}, {0x24C5,0x24DF}, {0x24C6,0x24E0}, {0x24C7,0x24E1},
  {0x24C8,0x24E2}, {0x24C9,0x24E3}, {0x24CA,0x24E4}, {0x24CB,0x24E5},
  {0x24CC,0x24E6}, {0x24CD,0x24E7}, {0x24CE,0x24E8}, {0x24CF,0x24E9},
  {0x2C00,0x2C30}, {0x2C01,0x2C31}, {0x2C02,0x2C32}, {0x2C03,0x2C33},
  {0x2C04,0x2C34}, {0x2C05,0x2C35}, {0x2C06,0x2C36}, {0x2C07,0x2C37},
  {0x2C08,0x2C38}, {0x2C09,0x2C39}, {0x2C0A,0x2C3A}, {0x2C0B,0x2C3B},
  {0x2C0C,0x2C3C}, {0x2C0D,0x2C3D}, {0x2C0E,0x2C3E}, {0x2C0F,0x2C3F},
  {0x2C10,0x2C40}, {0x2C11,0x2C41}, {0x2C12,0x2C42}, {0x2C13,0x2C43},
  {0x2C14,0x2C44}, {0x2C15,0x2C45}, {0x2C16,0x2C46}, {0x2C17,0x2C47},
  {0x2C18,0x2C48}, {0x2C19,0x2C49}, {0x2C1A,0x2C4A}, {0x2C1B,0x2C4B},
  {0x2C1C,0x2C4C}, {0x2C1D,0x2C4D}, {0x2C1E,0x2C4E}, {0x2C1F,0x2C4F},
  {0x2C20,0x2C50}, {0x2C21,0x2C51}, {0x2C22,0x2C52}, {0x2C23,0x2C53},
  {0x2C24,0x2C54}, {0x2C25,0x2C55}, {0x2C26,0x2C56}, {0x2C27,0x2C57},
  {0x2C28,0x2C58}, {0x2C29,0x2C59}, {0x2C2A,0x2C5A}, {0x2C2B,0x2C5B},
  {0x2C2C,0x2C5C}, {0x2C2D,0x2C5D}, {0x2C2E,0x2C5E}, {0x2C2F,0x2C5F},
  {0x2C60,0x2C61}, {0x2C62,0x026B}, {0x2C63,0x1D7D}, {0x2C64,0x027D},
  {0x2C67,0x2C68}, {0x2C69,0x2C6A}, {0x2C6B,0x2C6C}, {0x2C6D,0x0251},
  {0x2C6E,0x0271}, {0x2C6F,0x0250}, {0x2C70,0x0252}, {0x2C72,0x2C73},
  {0x2C75,0x2C76}, {0x2C7E,0x023F}, {0x2C7F,0x0240}, {0x2C80,0x2C81},
  {0x2C82,0x2C83}, {0x2C84,0x2C85}, {0x2C86,0x2C87}, {0x2C88,0x2C89},
  {0x2C8A,0x2C8B}, {0x2C8C,0x2C8D}, {0x2C8E,0x2C8F}, {0x2C90,0x2C91},
  {0x2C92,0x2C93}, {0x2C94,0x2C95}, {0x2C96,0x2C97}, {0x2C98,0x2C99},
  {0x2C9A,0x2C9B}, {0x2C9C,0x2C9D}, {0x2C9E,0x2C9F}, {0x2CA0,0x2CA1},
  {0x2CA2,0x2CA3}, {0x2CA4,0x2CA5}, {0x2CA6,0x2CA7}, {0x2CA8,0x2CA9},
  {0x2CAA,0x2CAB}, {0x2CAC,0x2CAD}, {0x2CAE,0x2CAF}, {0x2CB0,0x2CB1},
  {0x2CB2,0x2CB3}, {0x2CB4,0x2CB5}, {0x2CB6,0x2CB7}, {0x2CB8,0x2CB9},
  {0x2CBA,0x2CBB}, {0x2CBC,0x2CBD}, {0x2CBE,0x2CBF}, {0x2CC0,0x2CC1},
  {0x2CC2,0x2CC3}, {0x2CC4,0x2CC5}, {0x2CC6,0x2CC7}, {0x2CC8,0x2CC9},
  {0x2CCA,0x2CCB}, {0x2CCC,0x2CCD}, {0x2CCE,0x2CCF}, {0x2CD0,0x2CD1},
  {0x2CD2,0x2CD3}, {0x2CD4,0x2CD5}, {0x2CD6,0x2CD7}, {0x2CD8,0x2CD9},
  {0x2CDA,0x2CDB}, {0x2CDC,0x2CDD}, {0x2CDE,0x2CDF}, {0x2CE0,0x2CE1},
  {0x2CE2,0x2CE3}, {0x2CEB,0x2CEC}, {0x2CED,0x2CEE}, {0x2CF2,0x2CF3},
  {0xA640,0xA641}, {0xA642,0xA643}, {0xA644,0xA645}, {0xA646,0xA647},
  {0xA648,0xA649}, {0xA64A,0xA64B}, {0xA64C,0xA64D}, {0xA64E,0xA64F},
  {0xA650,0xA651}, {0xA652,0xA653}, {0xA654,0xA655}, {0xA656,0xA657},
  {0xA658,0xA659}, {0xA65A,0xA65B}, {0xA65C,0xA65D}, {0xA65E,0xA65F},
  {0xA660,0xA661}, {0xA662,0xA663}, {0xA664,0xA665}, {0xA666,0xA667},
  {0xA668,0xA669}, {0xA66A,0xA66B}, {0xA66C,0xA66D}, {0xA680,0xA681},
  {0xA682,0xA683}, {0xA684,0xA685}, {0xA686,0xA687}, {0xA688,0xA689},
  {0xA68A,0xA68B}, {0xA68C,0xA68D}, {0xA68E,0xA68F}, {0xA690,0xA691},
  {0xA692,0xA693}, {0xA694,0xA695}, {0xA696,0xA697}, {0xA698,0xA699},
  {0xA69A,0xA69B}, {0xA722,0xA723}, {0xA724,0xA725}, {0xA726,0xA727},
  {0xA728,0xA729}, {0xA72A,0xA72B}, {0xA72C,0xA72D}, {0xA72E,0xA72F},
  {0xA732,0xA733}, {0xA734,0xA735}, {0xA736,0xA737}, {0xA738,0xA739},
  {0xA73A,0xA73B}, {0xA73C,0xA73D}, {0xA73E,0xA73F}, {0xA740,0xA741},
  {0xA742,0xA743}, {0xA744,0xA745}, {0xA746,0xA747}, {0xA748,0xA749},
  {0xA74A,0xA74B}, {0xA74C,0xA74D}, {0xA74E,0xA74F}, {0xA750,0xA751},
  {0xA752,0xA753}, {0xA754,0xA755}, {0xA756,0xA757}, {0xA758,0xA759},
  {0xA75A,0xA75B}, {0xA75C,0xA75D}, {0xA75E,0xA75F}, {0xA760,0xA761},
  {0xA762,0xA763}, {0xA764,0xA765}, {0xA766,0xA767}, {0xA768,0xA769},
  {0xA76A,0xA76B}, {0xA76C,0xA76D}, {0xA76E,0xA76F}, {0xA779,0xA77A},
  {0xA77B,0xA77C}, {0xA77D,0x1D79}, {0xA77E,0xA77F}, {0xA780,0xA781},
  {0xA782,0xA783}, {0xA784,0xA785}, {0xA786,0xA787}, {0xA78B,0xA78C},
  {0xA78D,0x0265}, {0xA790,0xA791}, {0xA792,0xA793}, {0xA796,0xA797},
  {0xA798,0xA799}, {0xA79A,0xA79B}, {0xA79C,0xA79D}, {0xA79E,0xA79F},
  {0xA7A0,0xA7A1}, {0xA7A2,0xA7A3}, {0xA7A4,0xA7A5}, {0xA7A6,0xA7A7},
  {0xA7A8,0xA7A9}, {0xA7AA,0x0266}, {0xA7AB,0x025C}, {0xA7AC,0x0261},
  {0xA7AD,0x026C}, {0xA7AE,0x026A}, {0xA7B0,0x029E}, {0xA7B1,0x0287},
  {0xA7B2,0x029D}, {0xA7B3,0xAB53}, {0xA7B4,0xA7B5}, {0xA7B6,0xA7B7},
  {0xA7B8,0xA7B9}, {0xA7BA,0xA7BB}, {0xA7BC,0xA7BD}, {0xA7BE,0xA7BF},
  {0xA7C0,0xA7C1}, {0xA7C2,0xA7C3}, {0xA7C4,0xA794}, {0xA7C5,0x0282},
  {0xA7C6,0x1D8E}, {0xA7C7,0xA7C8}, {0xA7C9,0xA7CA}, {0xA7CB,0x0264},
  {0xA7CC,0xA7CD}, {0xA7CE,0xA7CF}, {0xA7D0,0xA7D1}, {0xA7D2,0xA7D3},
  {0xA7D4,0xA7D5}, {0xA7D6,0xA7D7}, {0xA7D8,0xA7D9}, {0xA7DA,0xA7DB},
  {0xA7DC,0x019B}, {0xA7F5,0xA7F6}, {0xAB70,0x13A0}, {0xAB71,0x13A1},
  {0xAB72,0x13A2}, {0xAB73,0x13A3}, {0xAB74,0x13A4}, {0xAB75,0x13A5},
  {0xAB76,0x13A6}, {0xAB77,0x13A7}, {0xAB78,0x13A8}, {0xAB79,0x13A9},
  {0xAB7A,0x13AA}, {0xAB7B,0x13AB}, {0xAB7C,0x13AC}, {0xAB7D,0x13AD},
  {0xAB7E,0x13AE}, {0xAB7F,0x13AF}, {0xAB80,0x13B0}, {0xAB81,0x13B1},
  {0xAB82,0x13B2}, {0xAB83,0x13B3}, {0xAB84,0x13B4}, {0xAB85,0x13B5},
  {0xAB86,0x13B6}, {0xAB87,0x13B7}, {0xAB88,0x13B8}, {0xAB89,0x13B9},
  {0xAB8A,0x13BA}, {0xAB8B,0x13BB}, {0xAB8C,0x13BC}, {0xAB8D,0x13BD},
  {0xAB8E,0x13BE}, {0xAB8F,0x13BF}, {0xAB90,0x13C0}, {0xAB91,0x13C1},
  {0xAB92,0x13C2}, {0xAB93,0x13C3}, {0xAB94,0x13C4}, {0xAB95,0x13C5},
  {0xAB96,0x13C6}, {0xAB97,0x13C7}, {0xAB98,0x13C8}, {0xAB99,0x13C9},
  {0xAB9A,0x13CA}, {0xAB9B,0x13CB}, {0xAB9C,0x13CC}, {0xAB9D,0x13CD},
  {0xAB9E,0x13CE}, {0xAB9F,0x13CF}, {0xABA0,0x13D0}, {0xABA1,0x13D1},
  {0xABA2,0x13D2}, {0xABA3,0x13D3}, {0xABA4,0x13D4}, {0xABA5,0x13D5},
  {0xABA6,0x13D6}, {0xABA7,0x13D7}, {0xABA8,0x13D8}, {0xABA9,0x13D9},
  {0xABAA,0x13DA}, {0xABAB,0x13DB}, {0xABAC,0x13DC}, {0xABAD,0x13DD},
  {0xABAE,0x13DE}, {0xABAF,0x13DF}, {0xABB0,0x13E0}, {0xABB1,0x13E1},
  {0xABB2,0x13E2}, {0xABB3,0x13E3}, {0xABB4,0x13E4}, {0xABB5,0x13E5},
  {0xABB6,0x13E6}, {0xABB7,0x13E7}, {0xABB8,0x13E8}, {0xABB9,0x13E9},
  {0xABBA,0x13EA}, {0xABBB,0x13EB}, {0xABBC,0x13EC}, {0xABBD,0x13ED},
  {0xABBE,0x13EE}, {0xABBF,0x13EF}, {0xFB05,0xFB06}, {0xFF21,0xFF41},
  {0xFF22,0xFF42}, {0xFF23,0xFF43}, {0xFF24,0xFF44}, {0xFF25,0xFF45},
  {0xFF26,0xFF46}, {0xFF27,0xFF47}, {0xFF28,0xFF48}, {0xFF29,0xFF49},
  {0xFF2A,0xFF4A}, {0xFF2B,0xFF4B}, {0xFF2C,0xFF4C}, {0xFF2D,0xFF4D},
  {0xFF2E,0xFF4E}, {0xFF2F,0xFF4F}, {0xFF30,0xFF50}, {0xFF31,0xFF51},
  {0xFF32,0xFF52}, {0xFF33,0xFF53}, {0xFF34,0xFF54}, {0xFF35,0xFF55},
  {0xFF36,0xFF56}, {0xFF37,0xFF57}, {0xFF38,0xFF58}, {0xFF39,0xFF59},
  {0xFF3A,0xFF5A}, {0x10400,0x10428}, {0x10401,0x10429}, {0x10402,0x1042A},
  {0x10403,0x1042B}, {0x10404,0x1042C}, {0x10405,0x1042D}, {0x10406,0x1042E},
  {0x10407,0x1042F}, {0x10408,0x10430}, {0x10409,0x10431}, {0x1040A,0x10432},
  {0x1040B,0x10433}, {0x1040C,0x10434}, {0x1040D,0x10435}, {0x1040E,0x10436},
  {0x1040F,0x10437}, {0x10410,0x10438}, {0x10411,0x10439}, {0x10412,0x1043A},
  {0x10413,0x1043B}, {0x10414,0x1043C}, {0x10415,0x1043D}, {0x10416,0x1043E},
  {0x10417,0x1043F}, {0x10418,0x10440}, {0x10419,0x10441}, {0x1041A,0x10442},
  {0x1041B,0x10443}, {0x1041C,0x10444}, {0x1041D,0x10445}, {0x1041E,0x10446},
  {0x1041F,0x10447}, {0x10420,0x10448}, {0x10421,0x10449}, {0x10422,0x1044A},
  {0x10423,0x1044B}, {0x10424,0x1044C}, {0x10425,0x1044D}, {0x10426,0x1044E},
  {0x10427,0x1044F}, {0x104B0,0x104D8}, {0x104B1,0x104D9}, {0x104B2,0x104DA},
  {0x104B3,0x104DB}, {0x104B4,0x104DC}, {0x104B5,0x104DD}, {0x104B6,0x104DE},
  {0x104B7,0x104DF}, {0x104B8,0x104E0}, {0x104B9,0x104E1}, {0x104BA,0x104E2},
  {0x104BB,0x104E3}, {0x104BC,0x104E4}, {0x104BD,0x104E5}, {0x104BE,0x104E6},
  {0x104BF,0x104E7}, {0x104C0,0x104E8}, {0x104C1,0x104E9}, {0x104C2,0x104EA},
  {0x104C3,0x104EB}, {0x104C4,0x104EC}, {0x104C5,0x104ED}, {0x104C6,0x104EE},
  {0x104C7,0x104EF}, {0x104C8,0x104F0}, {0x104C9,0x104F1}, {0x104CA,0x104F2},
  {0x104CB,0x104F3}, {0x104CC,0x104F4}, {0x104CD,0x104F5}, {0x104CE,0x104F6},
  {0x104CF,0x104F7}, {0x104D0,0x104F8}, {0x104D1,0x104F9}, {0x104D2,0x104FA},
  {0x104D3,0x104FB}, {0x10570,0x10597}, {0x10571,0x10598}, {0x10572,0x10599},
  {0x10573,0x1059A}, {0x10574,0x1059B}, {0x10575,0x1059C}, {0x10576,0x1059D},
  {0x10577,0x1059E}, {0x10578,0x1059F}, {0x10579,0x105A0}, {0x1057A,0x105A1},
  {0x1057C,0x105A3}, {0x1057D,0x105A4}, {0x1057E,0x105A5}, {0x1057F,0x105A6},
  {0x10580,0x105A7}, {0x10581,0x105A8}, {0x10582,0x105A9}, {0x10583,0x105AA},
  {0x10584,0x105AB}, {0x10585,0x105AC}, {0x10586,0x105AD}, {0x10587,0x105AE},
  {0x10588,0x105AF}, {0x10589,0x105B0}, {0x1058A,0x105B1}, {0x1058C,0x105B3},
  {0x1058D,0x105B4}, {0x1058E,0x105B5}, {0x1058F,0x105B6}, {0x10590,0x105B7},
  {0x10591,0x105B8}, {0x10592,0x105B9}, {0x10594,0x105BB}, {0x10595,0x105BC},
  {0x10C80,0x10CC0}, {0x10C81,0x10CC1}, {0x10C82,0x10CC2}, {0x10C83,0x10CC3},
  {0x10C84,0x10CC4}, {0x10C85,0x10CC5}, {0x10C86,0x10CC6}, {0x10C87,0x10CC7},
  {0x10C88,0x10CC8}, {0x10C89,0x10CC9}, {0x10C8A,0x10CCA}, {0x10C8B,0x10CCB},
  {0x10C8C,0x10CCC}, {0x10C8D,0x10CCD}, {0x10C8E,0x10CCE}, {0x10C8F,0x10CCF},
  {0x10C90,0x10CD0}, {0x10C91,0x10CD1}, {0x10C92,0x10CD2}, {0x10C93,0x10CD3},
  {0x10C94,0x10CD4}, {0x10C95,0x10CD5}, {0x10C96,0x10CD6}, {0x10C97,0x10CD7},
  {0x10C98,0x10CD8}, {0x10C99,0x10CD9}, {0x10C9A,0x10CDA}, {0x10C9B,0x10CDB},
  {0x10C9C,0x10CDC}, {0x10C9D,0x10CDD}, {0x10C9E,0x10CDE}, {0x10C9F,0x10CDF},
  {0x10CA0,0x10CE0}, {0x10CA1,0x10CE1}, {0x10CA2,0x10CE2}, {0x10CA3,0x10CE3},
  {0x10CA4,0x10CE4}, {0x10CA5,0x10CE5}, {0x10CA6,0x10CE6}, {0x10CA7,0x10CE7},
  {0x10CA8,0x10CE8}, {0x10CA9,0x10CE9}, {0x10CAA,0x10CEA}, {0x10CAB,0x10CEB},
  {0x10CAC,0x10CEC}, {0x10CAD,0x10CED}, {0x10CAE,0x10CEE}, {0x10CAF,0x10CEF},
  {0x10CB0,0x10CF0}, {0x10CB1,0x10CF1}, {0x10CB2,0x10CF2}, {0x10D50,0x10D70},
  {0x10D51,0x10D71}, {0x10D52,0x10D72}, {0x10D53,0x10D73}, {0x10D54,0x10D74},
  {0x10D55,0x10D75}, {0x10D56,0x10D76}, {0x10D57,0x10D77}, {0x10D58,0x10D78},
  {0x10D59,0x10D79}, {0x10D5A,0x10D7A}, {0x10D5B,0x10D7B}, {0x10D5C,0x10D7C},
  {0x10D5D,0x10D7D}, {0x10D5E,0x10D7E}, {0x10D5F,0x10D7F}, {0x10D60,0x10D80},
  {0x10D61,0x10D81}, {0x10D62,0x10D82}, {0x10D63,0x10D83}, {0x10D64,0x10D84},
  {0x10D65,0x10D85}, {0x118A0,0x118C0}, {0x118A1,0x118C1}, {0x118A2,0x118C2},
  {0x118A3,0x118C3}, {0x118A4,0x118C4}, {0x118A5,0x118C5}, {0x118A6,0x118C6},
  {0x118A7,0x118C7}, {0x118A8,0x118C8}, {0x118A9,0x118C9}, {0x118AA,0x118CA},
  {0x118AB,0x118CB}, {0x118AC,0x118CC}, {0x118AD,0x118CD}, {0x118AE,0x118CE},
  {0x118AF,0x118CF}, {0x118B0,0x118D0}, {0x118B1,0x118D1}, {0x118B2,0x118D2},
  {0x118B3,0x118D3}, {0x118B4,0x118D4}, {0x118B5,0x118D5}, {0x118B6,0x118D6},
  {0x118B7,0x118D7}, {0x118B8,0x118D8}, {0x118B9,0x118D9}, {0x118BA,0x118DA},
  {0x118BB,0x118DB}, {0x118BC,0x118DC}, {0x118BD,0x118DD}, {0x118BE,0x118DE},
  {0x118BF,0x118DF}, {0x16E40,0x16E60}, {0x16E41,0x16E61}, {0x16E42,0x16E62},
  {0x16E43,0x16E63}, {0x16E44,0x16E64}, {0x16E45,0x16E65}, {0x16E46,0x16E66},
  {0x16E47,0x16E67}, {0x16E48,0x16E68}, {0x16E49,0x16E69}, {0x16E4A,0x16E6A},
  {0x16E4B,0x16E6B}, {0x16E4C,0x16E6C}, {0x16E4D,0x16E6D}, {0x16E4E,0x16E6E},
  {0x16E4F,0x16E6F}, {0x16E50,0x16E70}, {0x16E51,0x16E71}, {0x16E52,0x16E72},
  {0x16E53,0x16E73}, {0x16E54,0x16E74}, {0x16E55,0x16E75}, {0x16E56,0x16E76},
  {0x16E57,0x16E77}, {0x16E58,0x16E78}, {0x16E59,0x16E79}, {0x16E5A,0x16E7A},
  {0x16E5B,0x16E7B}, {0x16E5C,0x16E7C}, {0x16E5D,0x16E7D}, {0x16E5E,0x16E7E},
  {0x16E5F,0x16E7F}, {0x16EA0,0x16EBB}, {0x16EA1,0x16EBC}, {0x16EA2,0x16EBD},
  {0x16EA3,0x16EBE}, {0x16EA4,0x16EBF}, {0x16EA5,0x16EC0}, {0x16EA6,0x16EC1},
  {0x16EA7,0x16EC2}, {0x16EA8,0x16EC3}, {0x16EA9,0x16EC4}, {0x16EAA,0x16EC5},
  {0x16EAB,0x16EC6}, {0x16EAC,0x16EC7}, {0x16EAD,0x16EC8}, {0x16EAE,0x16EC9},
  {0x16EAF,0x16ECA}, {0x16EB0,0x16ECB}, {0x16EB1,0x16ECC}, {0x16EB2,0x16ECD},
  {0x16EB3,0x16ECE}, {0x16EB4,0x16ECF}, {0x16EB5,0x16ED0}, {0x16EB6,0x16ED1},
  {0x16EB7,0x16ED2}, {0x16EB8,0x16ED3}, {0x1E900,0x1E922}, {0x1E901,0x1E923},
  {0x1E902,0x1E924}, {0x1E903,0x1E925}, {0x1E904,0x1E926}, {0x1E905,0x1E927},
  {0x1E906,0x1E928}, {0x1E907,0x1E929}, {0x1E908,0x1E92A}, {0x1E909,0x1E92B},
  {0x1E90A,0x1E92C}, {0x1E90B,0x1E92D}, {0x1E90C,0x1E92E}, {0x1E90D,0x1E92F},
  {0x1E90E,0x1E930}, {0x1E90F,0x1E931}, {0x1E910,0x1E932}, {0x1E911,0x1E933},
  {0x1E912,0x1E934}, {0x1E913,0x1E935}, {0x1E914,0x1E936}, {0x1E915,0x1E937},
  {0x1E916,0x1E938}, {0x1E917,0x1E939}, {0x1E918,0x1E93A}, {0x1E919,0x1E93B},
  {0x1E91A,0x1E93C}, {0x1E91B,0x1E93D}, {0x1E91C,0x1E93E}, {0x1E91D,0x1E93F},
  {0x1E91E,0x1E940}, {0x1E91F,0x1E941}, {0x1E920,0x1E942}, {0x1E921,0x1E943},
};
const size_t grx_unicode_fold_map_count = 1512;

const uint32_t grx_unicode_fold_orbit_members[] = {
  0x0041, 0x0061, 0x0042, 0x0062, 0x0043, 0x0063, 0x0044, 0x0064,
  0x0045, 0x0065, 0x0046, 0x0066, 0x0047, 0x0067, 0x0048, 0x0068,
  0x0049, 0x0069, 0x004A, 0x006A, 0x004B, 0x006B, 0x212A, 0x004C,
  0x006C, 0x004D, 0x006D, 0x004E, 0x006E, 0x004F, 0x006F, 0x0050,
  0x0070, 0x0051, 0x0071, 0x0052, 0x0072, 0x0053, 0x0073, 0x017F,
  0x0054, 0x0074, 0x0055, 0x0075, 0x0056, 0x0076, 0x0057, 0x0077,
  0x0058, 0x0078, 0x0059, 0x0079, 0x005A, 0x007A, 0x00B5, 0x039C,
  0x03BC, 0x00C0, 0x00E0, 0x00C1, 0x00E1, 0x00C2, 0x00E2, 0x00C3,
  0x00E3, 0x00C4, 0x00E4, 0x00C5, 0x00E5, 0x212B, 0x00C6, 0x00E6,
  0x00C7, 0x00E7, 0x00C8, 0x00E8, 0x00C9, 0x00E9, 0x00CA, 0x00EA,
  0x00CB, 0x00EB, 0x00CC, 0x00EC, 0x00CD, 0x00ED, 0x00CE, 0x00EE,
  0x00CF, 0x00EF, 0x00D0, 0x00F0, 0x00D1, 0x00F1, 0x00D2, 0x00F2,
  0x00D3, 0x00F3, 0x00D4, 0x00F4, 0x00D5, 0x00F5, 0x00D6, 0x00F6,
  0x00D8, 0x00F8, 0x00D9, 0x00F9, 0x00DA, 0x00FA, 0x00DB, 0x00FB,
  0x00DC, 0x00FC, 0x00DD, 0x00FD, 0x00DE, 0x00FE, 0x00DF, 0x1E9E,
  0x00FF, 0x0178, 0x0100, 0x0101, 0x0102, 0x0103, 0x0104, 0x0105,
  0x0106, 0x0107, 0x0108, 0x0109, 0x010A, 0x010B, 0x010C, 0x010D,
  0x010E, 0x010F, 0x0110, 0x0111, 0x0112, 0x0113, 0x0114, 0x0115,
  0x0116, 0x0117, 0x0118, 0x0119, 0x011A, 0x011B, 0x011C, 0x011D,
  0x011E, 0x011F, 0x0120, 0x0121, 0x0122, 0x0123, 0x0124, 0x0125,
  0x0126, 0x0127, 0x0128, 0x0129, 0x012A, 0x012B, 0x012C, 0x012D,
  0x012E, 0x012F, 0x0132, 0x0133, 0x0134, 0x0135, 0x0136, 0x0137,
  0x0139, 0x013A, 0x013B, 0x013C, 0x013D, 0x013E, 0x013F, 0x0140,
  0x0141, 0x0142, 0x0143, 0x0144, 0x0145, 0x0146, 0x0147, 0x0148,
  0x014A, 0x014B, 0x014C, 0x014D, 0x014E, 0x014F, 0x0150, 0x0151,
  0x0152, 0x0153, 0x0154, 0x0155, 0x0156, 0x0157, 0x0158, 0x0159,
  0x015A, 0x015B, 0x015C, 0x015D, 0x015E, 0x015F, 0x0160, 0x0161,
  0x0162, 0x0163, 0x0164, 0x0165, 0x0166, 0x0167, 0x0168, 0x0169,
  0x016A, 0x016B, 0x016C, 0x016D, 0x016E, 0x016F, 0x0170, 0x0171,
  0x0172, 0x0173, 0x0174, 0x0175, 0x0176, 0x0177, 0x0179, 0x017A,
  0x017B, 0x017C, 0x017D, 0x017E, 0x0180, 0x0243, 0x0181, 0x0253,
  0x0182, 0x0183, 0x0184, 0x0185, 0x0186, 0x0254, 0x0187, 0x0188,
  0x0189, 0x0256, 0x018A, 0x0257, 0x018B, 0x018C, 0x018E, 0x01DD,
  0x018F, 0x0259, 0x0190, 0x025B, 0x0191, 0x0192, 0x0193, 0x0260,
  0x0194, 0x0263, 0x0195, 0x01F6, 0x0196, 0x0269, 0x0197, 0x0268,
  0x0198, 0x0199, 0x019A, 0x023D, 0x019B, 0xA7DC, 0x019C, 0x026F,
  0x019D, 0x0272, 0x019E, 0x0220, 0x019F, 0x0275, 0x01A0, 0x01A1,
  0x01A2, 0x01A3, 0x01A4, 0x01A5, 0x01A6, 0x0280, 0x01A7, 0x01A8,
  0x01A9, 0x0283, 0x01AC, 0x01AD, 0x01AE, 0x0288, 0x01AF, 0x01B0,
  0x01B1, 0x028A, 0x01B2, 0x028B, 0x01B3, 0x01B4, 0x01B5, 0x01B6,
  0x01B7, 0x0292, 0x01B8, 0x01B9, 0x01BC, 0x01BD, 0x01BF, 0x01F7,
  0x01C4, 0x01C5, 0x01C6, 0x01C7, 0x01C8, 0x01C9, 0x01CA, 0x01CB,
  0x01CC, 0x01CD, 0x01CE, 0x01CF, 0x01D0, 0x01D1, 0x01D2, 0x01D3,
  0x01D4, 0x01D5, 0x01D6, 0x01D7, 0x01D8, 0x01D9, 0x01DA, 0x01DB,
  0x01DC, 0x01DE, 0x01DF, 0x01E0, 0x01E1, 0x01E2, 0x01E3, 0x01E4,
  0x01E5, 0x01E6, 0x01E7, 0x01E8, 0x01E9, 0x01EA, 0x01EB, 0x01EC,
  0x01ED, 0x01EE, 0x01EF, 0x01F1, 0x01F2, 0x01F3, 0x01F4, 0x01F5,
  0x01F8, 0x01F9, 0x01FA, 0x01FB, 0x01FC, 0x01FD, 0x01FE, 0x01FF,
  0x0200, 0x0201, 0x0202, 0x0203, 0x0204, 0x0205, 0x0206, 0x0207,
  0x0208, 0x0209, 0x020A, 0x020B, 0x020C, 0x020D, 0x020E, 0x020F,
  0x0210, 0x0211, 0x0212, 0x0213, 0x0214, 0x0215, 0x0216, 0x0217,
  0x0218, 0x0219, 0x021A, 0x021B, 0x021C, 0x021D, 0x021E, 0x021F,
  0x0222, 0x0223, 0x0224, 0x0225, 0x0226, 0x0227, 0x0228, 0x0229,
  0x022A, 0x022B, 0x022C, 0x022D, 0x022E, 0x022F, 0x0230, 0x0231,
  0x0232, 0x0233, 0x023A, 0x2C65, 0x023B, 0x023C, 0x023E, 0x2C66,
  0x023F, 0x2C7E, 0x0240, 0x2C7F, 0x0241, 0x0242, 0x0244, 0x0289,
  0x0245, 0x028C, 0x0246, 0x0247, 0x0248, 0x0249, 0x024A, 0x024B,
  0x024C, 0x024D, 0x024E, 0x024F, 0x0250, 0x2C6F, 0x0251, 0x2C6D,
  0x0252, 0x2C70, 0x025C, 0xA7AB, 0x0261, 0xA7AC, 0x0264, 0xA7CB,
  0x0265, 0xA78D, 0x0266, 0xA7AA, 0x026A, 0xA7AE, 0x026B, 0x2C62,
  0x026C, 0xA7AD, 0x0271, 0x2C6E, 0x027D, 0x2C64, 0x0282, 0xA7C5,
  0x0287, 0xA7B1, 0x029D, 0xA7B2, 0x029E, 0xA7B0, 0x0345, 0x0399,
  0x03B9, 0x1FBE, 0x0370, 0x0371, 0x0372, 0x0373, 0x0376, 0x0377,
  0x037B, 0x03FD, 0x037C, 0x03FE, 0x037D, 0x03FF, 0x037F, 0x03F3,
  0x0386, 0x03AC, 0x0388, 0x03AD, 0x0389, 0x03AE, 0x038A, 0x03AF,
  0x038C, 0x03CC, 0x038E, 0x03CD, 0x038F, 0x03CE, 0x0390, 0x1FD3,
  0x0391, 0x03B1, 0x0392, 0x03B2, 0x03D0, 0x0393, 0x03B3, 0x0394,
  0x03B4, 0x0395, 0x03B5, 0x03F5, 0x0396, 0x03B6, 0x0397, 0x03B7,
  0x0398, 0x03B8, 0x03D1, 0x03F4, 0x039A, 0x03BA, 0x03F0, 0x039B,
  0x03BB, 0x039D, 0x03BD, 0x039E, 0x03BE, 0x039F, 0x03BF, 0x03A0,
  0x03C0, 0x03D6, 0x03A1, 0x03C1, 0x03F1, 0x03A3, 0x03C2, 0x03C3,
  0x03A4, 0x03C4, 0x03A5, 0x03C5, 0x03A6, 0x03C6, 0x03D5, 0x03A7,
  0x03C7, 0x03A8, 0x03C8, 0x03A9, 0x03C9, 0x2126, 0x03AA, 0x03CA,
  0x03AB, 0x03CB, 0x03B0, 0x1FE3, 0x03CF, 0x03D7, 0x03D8, 0x03D9,
  0x03DA, 0x03DB, 0x03DC, 0x03DD, 0x03DE, 0x03DF, 0x03E0, 0x03E1,
  0x03E2, 0x03E3, 0x03E4, 0x03E5, 0x03E6, 0x03E7, 0x03E8, 0x03E9,
  0x03EA, 0x03EB, 0x03EC, 0x03ED, 0x03EE, 0x03EF, 0x03F2, 0x03F9,
  0x03F7, 0x03F8, 0x03FA, 0x03FB, 0x0400, 0x0450, 0x0401, 0x0451,
  0x0402, 0x0452, 0x0403, 0x0453, 0x0404, 0x0454, 0x0405, 0x0455,
  0x0406, 0x0456, 0x0407, 0x0457, 0x0408, 0x0458, 0x0409, 0x0459,
  0x040A, 0x045A, 0x040B, 0x045B, 0x040C, 0x045C, 0x040D, 0x045D,
  0x040E, 0x045E, 0x040F, 0x045F, 0x0410, 0x0430, 0x0411, 0x0431,
  0x0412, 0x0432, 0x1C80, 0x0413, 0x0433, 0x0414, 0x0434, 0x1C81,
  0x0415, 0x0435, 0x0416, 0x0436, 0x0417, 0x0437, 0x0418, 0x0438,
  0x0419, 0x0439, 0x041A, 0x043A, 0x041B, 0x043B, 0x041C, 0x043C,
  0x041D, 0x043D, 0x041E, 0x043E, 0x1C82, 0x041F, 0x043F, 0x0420,
  0x0440, 0x0421, 0x0441, 0x1C83, 0x0422, 0x0442, 0x1C84, 0x1C85,
  0x0423, 0x0443, 0x0424, 0x0444, 0x0425, 0x0445, 0x0426, 0x0446,
  0x0427, 0x0447, 0x0428, 0x0448, 0x0429, 0x0449, 0x042A, 0x044A,
  0x1C86, 0x042B, 0x044B, 0x042C, 0x044C, 0x042D, 0x044D, 0x042E,
  0x044E, 0x042F, 0x044F, 0x0460, 0x0461, 0x0462, 0x0463, 0x1C87,
  0x0464, 0x0465, 0x0466, 0x0467, 0x0468, 0x0469, 0x046A, 0x046B,
  0x046C, 0x046D, 0x046E, 0x046F, 0x0470, 0x0471, 0x0472, 0x0473,
  0x0474, 0x0475, 0x0476, 0x0477, 0x0478, 0x0479, 0x047A, 0x047B,
  0x047C, 0x047D, 0x047E, 0x047F, 0x0480, 0x0481, 0x048A, 0x048B,
  0x048C, 0x048D, 0x048E, 0x048F, 0x0490, 0x0491, 0x0492, 0x0493,
  0x0494, 0x0495, 0x0496, 0x0497, 0x0498, 0x0499, 0x049A, 0x049B,
  0x049C, 0x049D, 0x049E, 0x049F, 0x04A0, 0x04A1, 0x04A2, 0x04A3,
  0x04A4, 0x04A5, 0x04A6, 0x04A7, 0x04A8, 0x04A9, 0x04AA, 0x04AB,
  0x04AC, 0x04AD, 0x04AE, 0x04AF, 0x04B0, 0x04B1, 0x04B2, 0x04B3,
  0x04B4, 0x04B5, 0x04B6, 0x04B7, 0x04B8, 0x04B9, 0x04BA, 0x04BB,
  0x04BC, 0x04BD, 0x04BE, 0x04BF, 0x04C0, 0x04CF, 0x04C1, 0x04C2,
  0x04C3, 0x04C4, 0x04C5, 0x04C6, 0x04C7, 0x04C8, 0x04C9, 0x04CA,
  0x04CB, 0x04CC, 0x04CD, 0x04CE, 0x04D0, 0x04D1, 0x04D2, 0x04D3,
  0x04D4, 0x04D5, 0x04D6, 0x04D7, 0x04D8, 0x04D9, 0x04DA, 0x04DB,
  0x04DC, 0x04DD, 0x04DE, 0x04DF, 0x04E0, 0x04E1, 0x04E2, 0x04E3,
  0x04E4, 0x04E5, 0x04E6, 0x04E7, 0x04E8, 0x04E9, 0x04EA, 0x04EB,
  0x04EC, 0x04ED, 0x04EE, 0x04EF, 0x04F0, 0x04F1, 0x04F2, 0x04F3,
  0x04F4, 0x04F5, 0x04F6, 0x04F7, 0x04F8, 0x04F9, 0x04FA, 0x04FB,
  0x04FC, 0x04FD, 0x04FE, 0x04FF, 0x0500, 0x0501, 0x0502, 0x0503,
  0x0504, 0x0505, 0x0506, 0x0507, 0x0508, 0x0509, 0x050A, 0x050B,
  0x050C, 0x050D, 0x050E, 0x050F, 0x0510, 0x0511, 0x0512, 0x0513,
  0x0514, 0x0515, 0x0516, 0x0517, 0x0518, 0x0519, 0x051A, 0x051B,
  0x051C, 0x051D, 0x051E, 0x051F, 0x0520, 0x0521, 0x0522, 0x0523,
  0x0524, 0x0525, 0x0526, 0x0527, 0x0528, 0x0529, 0x052A, 0x052B,
  0x052C, 0x052D, 0x052E, 0x052F, 0x0531, 0x0561, 0x0532, 0x0562,
  0x0533, 0x0563, 0x0534, 0x0564, 0x0535, 0x0565, 0x0536, 0x0566,
  0x0537, 0x0567, 0x0538, 0x0568, 0x0539, 0x0569, 0x053A, 0x056A,
  0x053B, 0x056B, 0x053C, 0x056C, 0x053D, 0x056D, 0x053E, 0x056E,
  0x053F, 0x056F, 0x0540, 0x0570, 0x0541, 0x0571, 0x0542, 0x0572,
  0x0543, 0x0573, 0x0544, 0x0574, 0x0545, 0x0575, 0x0546, 0x0576,
  0x0547, 0x0577, 0x0548, 0x0578, 0x0549, 0x0579, 0x054A, 0x057A,
  0x054B, 0x057B, 0x054C, 0x057C, 0x054D, 0x057D, 0x054E, 0x057E,
  0x054F, 0x057F, 0x0550, 0x0580, 0x0551, 0x0581, 0x0552, 0x0582,
  0x0553, 0x0583, 0x0554, 0x0584, 0x0555, 0x0585, 0x0556, 0x0586,
  0x10A0, 0x2D00, 0x10A1, 0x2D01, 0x10A2, 0x2D02, 0x10A3, 0x2D03,
  0x10A4, 0x2D04, 0x10A5, 0x2D05, 0x10A6, 0x2D06, 0x10A7, 0x2D07,
  0x10A8, 0x2D08, 0x10A9, 0x2D09, 0x10AA, 0x2D0A, 0x10AB, 0x2D0B,
  0x10AC, 0x2D0C, 0x10AD, 0x2D0D, 0x10AE, 0x2D0E, 0x10AF, 0x2D0F,
  0x10B0, 0x2D10, 0x10B1, 0x2D11, 0x10B2, 0x2D12, 0x10B3, 0x2D13,
  0x10B4, 0x2D14, 0x10B5, 0x2D15, 0x10B6, 0x2D16, 0x10B7, 0x2D17,
  0x10B8, 0x2D18, 0x10B9, 0x2D19, 0x10BA, 0x2D1A, 0x10BB, 0x2D1B,
  0x10BC, 0x2D1C, 0x10BD, 0x2D1D, 0x10BE, 0x2D1E, 0x10BF, 0x2D1F,
  0x10C0, 0x2D20, 0x10C1, 0x2D21, 0x10C2, 0x2D22, 0x10C3, 0x2D23,
  0x10C4, 0x2D24, 0x10C5, 0x2D25, 0x10C7, 0x2D27, 0x10CD, 0x2D2D,
  0x10D0, 0x1C90, 0x10D1, 0x1C91, 0x10D2, 0x1C92, 0x10D3, 0x1C93,
  0x10D4, 0x1C94, 0x10D5, 0x1C95, 0x10D6, 0x1C96, 0x10D7, 0x1C97,
  0x10D8, 0x1C98, 0x10D9, 0x1C99, 0x10DA, 0x1C9A, 0x10DB, 0x1C9B,
  0x10DC, 0x1C9C, 0x10DD, 0x1C9D, 0x10DE, 0x1C9E, 0x10DF, 0x1C9F,
  0x10E0, 0x1CA0, 0x10E1, 0x1CA1, 0x10E2, 0x1CA2, 0x10E3, 0x1CA3,
  0x10E4, 0x1CA4, 0x10E5, 0x1CA5, 0x10E6, 0x1CA6, 0x10E7, 0x1CA7,
  0x10E8, 0x1CA8, 0x10E9, 0x1CA9, 0x10EA, 0x1CAA, 0x10EB, 0x1CAB,
  0x10EC, 0x1CAC, 0x10ED, 0x1CAD, 0x10EE, 0x1CAE, 0x10EF, 0x1CAF,
  0x10F0, 0x1CB0, 0x10F1, 0x1CB1, 0x10F2, 0x1CB2, 0x10F3, 0x1CB3,
  0x10F4, 0x1CB4, 0x10F5, 0x1CB5, 0x10F6, 0x1CB6, 0x10F7, 0x1CB7,
  0x10F8, 0x1CB8, 0x10F9, 0x1CB9, 0x10FA, 0x1CBA, 0x10FD, 0x1CBD,
  0x10FE, 0x1CBE, 0x10FF, 0x1CBF, 0x13A0, 0xAB70, 0x13A1, 0xAB71,
  0x13A2, 0xAB72, 0x13A3, 0xAB73, 0x13A4, 0xAB74, 0x13A5, 0xAB75,
  0x13A6, 0xAB76, 0x13A7, 0xAB77, 0x13A8, 0xAB78, 0x13A9, 0xAB79,
  0x13AA, 0xAB7A, 0x13AB, 0xAB7B, 0x13AC, 0xAB7C, 0x13AD, 0xAB7D,
  0x13AE, 0xAB7E, 0x13AF, 0xAB7F, 0x13B0, 0xAB80, 0x13B1, 0xAB81,
  0x13B2, 0xAB82, 0x13B3, 0xAB83, 0x13B4, 0xAB84, 0x13B5, 0xAB85,
  0x13B6, 0xAB86, 0x13B7, 0xAB87, 0x13B8, 0xAB88, 0x13B9, 0xAB89,
  0x13BA, 0xAB8A, 0x13BB, 0xAB8B, 0x13BC, 0xAB8C, 0x13BD, 0xAB8D,
  0x13BE, 0xAB8E, 0x13BF, 0xAB8F, 0x13C0, 0xAB90, 0x13C1, 0xAB91,
  0x13C2, 0xAB92, 0x13C3, 0xAB93, 0x13C4, 0xAB94, 0x13C5, 0xAB95,
  0x13C6, 0xAB96, 0x13C7, 0xAB97, 0x13C8, 0xAB98, 0x13C9, 0xAB99,
  0x13CA, 0xAB9A, 0x13CB, 0xAB9B, 0x13CC, 0xAB9C, 0x13CD, 0xAB9D,
  0x13CE, 0xAB9E, 0x13CF, 0xAB9F, 0x13D0, 0xABA0, 0x13D1, 0xABA1,
  0x13D2, 0xABA2, 0x13D3, 0xABA3, 0x13D4, 0xABA4, 0x13D5, 0xABA5,
  0x13D6, 0xABA6, 0x13D7, 0xABA7, 0x13D8, 0xABA8, 0x13D9, 0xABA9,
  0x13DA, 0xABAA, 0x13DB, 0xABAB, 0x13DC, 0xABAC, 0x13DD, 0xABAD,
  0x13DE, 0xABAE, 0x13DF, 0xABAF, 0x13E0, 0xABB0, 0x13E1, 0xABB1,
  0x13E2, 0xABB2, 0x13E3, 0xABB3, 0x13E4, 0xABB4, 0x13E5, 0xABB5,
  0x13E6, 0xABB6, 0x13E7, 0xABB7, 0x13E8, 0xABB8, 0x13E9, 0xABB9,
  0x13EA, 0xABBA, 0x13EB, 0xABBB, 0x13EC, 0xABBC, 0x13ED, 0xABBD,
  0x13EE, 0xABBE, 0x13EF, 0xABBF, 0x13F0, 0x13F8, 0x13F1, 0x13F9,
  0x13F2, 0x13FA, 0x13F3, 0x13FB, 0x13F4, 0x13FC, 0x13F5, 0x13FD,
  0x1C88, 0xA64A, 0xA64B, 0x1C89, 0x1C8A, 0x1D79, 0xA77D, 0x1D7D,
  0x2C63, 0x1D8E, 0xA7C6, 0x1E00, 0x1E01, 0x1E02, 0x1E03, 0x1E04,
  0x1E05, 0x1E06, 0x1E07, 0x1E08, 0x1E09, 0x1E0A, 0x1E0B, 0x1E0C,
  0x1E0D, 0x1E0E, 0x1E0F, 0x1E10, 0x1E11, 0x1E12, 0x1E13, 0x1E14,
  0x1E15, 0x1E16, 0x1E17, 0x1E18, 0x1E19, 0x1E1A, 0x1E1B, 0x1E1C,
  0x1E1D, 0x1E1E, 0x1E1F, 0x1E20, 0x1E21, 0x1E22, 0x1E23, 0x1E24,
  0x1E25, 0x1E26, 0x1E27, 0x1E28, 0x1E29, 0x1E2A, 0x1E2B, 0x1E2C,
  0x1E2D, 0x1E2E, 0x1E2F, 0x1E30, 0x1E31, 0x1E32, 0x1E33, 0x1E34,
  0x1E35, 0x1E36, 0x1E37, 0x1E38, 0x1E39, 0x1E3A, 0x1E3B, 0x1E3C,
  0x1E3D, 0x1E3E, 0x1E3F, 0x1E40, 0x1E41, 0x1E42, 0x1E43, 0x1E44,
  0x1E45, 0x1E46, 0x1E47, 0x1E48, 0x1E49, 0x1E4A, 0x1E4B, 0x1E4C,
  0x1E4D, 0x1E4E, 0x1E4F, 0x1E50, 0x1E51, 0x1E52, 0x1E53, 0x1E54,
  0x1E55, 0x1E56, 0x1E57, 0x1E58, 0x1E59, 0x1E5A, 0x1E5B, 0x1E5C,
  0x1E5D, 0x1E5E, 0x1E5F, 0x1E60, 0x1E61, 0x1E9B, 0x1E62, 0x1E63,
  0x1E64, 0x1E65, 0x1E66, 0x1E67, 0x1E68, 0x1E69, 0x1E6A, 0x1E6B,
  0x1E6C, 0x1E6D, 0x1E6E, 0x1E6F, 0x1E70, 0x1E71, 0x1E72, 0x1E73,
  0x1E74, 0x1E75, 0x1E76, 0x1E77, 0x1E78, 0x1E79, 0x1E7A, 0x1E7B,
  0x1E7C, 0x1E7D, 0x1E7E, 0x1E7F, 0x1E80, 0x1E81, 0x1E82, 0x1E83,
  0x1E84, 0x1E85, 0x1E86, 0x1E87, 0x1E88, 0x1E89, 0x1E8A, 0x1E8B,
  0x1E8C, 0x1E8D, 0x1E8E, 0x1E8F, 0x1E90, 0x1E91, 0x1E92, 0x1E93,
  0x1E94, 0x1E95, 0x1EA0, 0x1EA1, 0x1EA2, 0x1EA3, 0x1EA4, 0x1EA5,
  0x1EA6, 0x1EA7, 0x1EA8, 0x1EA9, 0x1EAA, 0x1EAB, 0x1EAC, 0x1EAD,
  0x1EAE, 0x1EAF, 0x1EB0, 0x1EB1, 0x1EB2, 0x1EB3, 0x1EB4, 0x1EB5,
  0x1EB6, 0x1EB7, 0x1EB8, 0x1EB9, 0x1EBA, 0x1EBB, 0x1EBC, 0x1EBD,
  0x1EBE, 0x1EBF, 0x1EC0, 0x1EC1, 0x1EC2, 0x1EC3, 0x1EC4, 0x1EC5,
  0x1EC6, 0x1EC7, 0x1EC8, 0x1EC9, 0x1ECA, 0x1ECB, 0x1ECC, 0x1ECD,
  0x1ECE, 0x1ECF, 0x1ED0, 0x1ED1, 0x1ED2, 0x1ED3, 0x1ED4, 0x1ED5,
  0x1ED6, 0x1ED7, 0x1ED8, 0x1ED9, 0x1EDA, 0x1EDB, 0x1EDC, 0x1EDD,
  0x1EDE, 0x1EDF, 0x1EE0, 0x1EE1, 0x1EE2, 0x1EE3, 0x1EE4, 0x1EE5,
  0x1EE6, 0x1EE7, 0x1EE8, 0x1EE9, 0x1EEA, 0x1EEB, 0x1EEC, 0x1EED,
  0x1EEE, 0x1EEF, 0x1EF0, 0x1EF1, 0x1EF2, 0x1EF3, 0x1EF4, 0x1EF5,
  0x1EF6, 0x1EF7, 0x1EF8, 0x1EF9, 0x1EFA, 0x1EFB, 0x1EFC, 0x1EFD,
  0x1EFE, 0x1EFF, 0x1F00, 0x1F08, 0x1F01, 0x1F09, 0x1F02, 0x1F0A,
  0x1F03, 0x1F0B, 0x1F04, 0x1F0C, 0x1F05, 0x1F0D, 0x1F06, 0x1F0E,
  0x1F07, 0x1F0F, 0x1F10, 0x1F18, 0x1F11, 0x1F19, 0x1F12, 0x1F1A,
  0x1F13, 0x1F1B, 0x1F14, 0x1F1C, 0x1F15, 0x1F1D, 0x1F20, 0x1F28,
  0x1F21, 0x1F29, 0x1F22, 0x1F2A, 0x1F23, 0x1F2B, 0x1F24, 0x1F2C,
  0x1F25, 0x1F2D, 0x1F26, 0x1F2E, 0x1F27, 0x1F2F, 0x1F30, 0x1F38,
  0x1F31, 0x1F39, 0x1F32, 0x1F3A, 0x1F33, 0x1F3B, 0x1F34, 0x1F3C,
  0x1F35, 0x1F3D, 0x1F36, 0x1F3E, 0x1F37, 0x1F3F, 0x1F40, 0x1F48,
  0x1F41, 0x1F49, 0x1F42, 0x1F4A, 0x1F43, 0x1F4B, 0x1F44, 0x1F4C,
  0x1F45, 0x1F4D, 0x1F51, 0x1F59, 0x1F53, 0x1F5B, 0x1F55, 0x1F5D,
  0x1F57, 0x1F5F, 0x1F60, 0x1F68, 0x1F61, 0x1F69, 0x1F62, 0x1F6A,
  0x1F63, 0x1F6B, 0x1F64, 0x1F6C, 0x1F65, 0x1F6D, 0x1F66, 0x1F6E,
  0x1F67, 0x1F6F, 0x1F70, 0x1FBA, 0x1F71, 0x1FBB, 0x1F72, 0x1FC8,
  0x1F73, 0x1FC9, 0x1F74, 0x1FCA, 0x1F75, 0x1FCB, 0x1F76, 0x1FDA,
  0x1F77, 0x1FDB, 0x1F78, 0x1FF8, 0x1F79, 0x1FF9, 0x1F7A, 0x1FEA,
  0x1F7B, 0x1FEB, 0x1F7C, 0x1FFA, 0x1F7D, 0x1FFB, 0x1F80, 0x1F88,
  0x1F81, 0x1F89, 0x1F82, 0x1F8A, 0x1F83, 0x1F8B, 0x1F84, 0x1F8C,
  0x1F85, 0x1F8D, 0x1F86, 0x1F8E, 0x1F87, 0x1F8F, 0x1F90, 0x1F98,
  0x1F91, 0x1F99, 0x1F92, 0x1F9A, 0x1F93, 0x1F9B, 0x1F94, 0x1F9C,
  0x1F95, 0x1F9D, 0x1F96, 0x1F9E, 0x1F97, 0x1F9F, 0x1FA0, 0x1FA8,
  0x1FA1, 0x1FA9, 0x1FA2, 0x1FAA, 0x1FA3, 0x1FAB, 0x1FA4, 0x1FAC,
  0x1FA5, 0x1FAD, 0x1FA6, 0x1FAE, 0x1FA7, 0x1FAF, 0x1FB0, 0x1FB8,
  0x1FB1, 0x1FB9, 0x1FB3, 0x1FBC, 0x1FC3, 0x1FCC, 0x1FD0, 0x1FD8,
  0x1FD1, 0x1FD9, 0x1FE0, 0x1FE8, 0x1FE1, 0x1FE9, 0x1FE5, 0x1FEC,
  0x1FF3, 0x1FFC, 0x2132, 0x214E, 0x2160, 0x2170, 0x2161, 0x2171,
  0x2162, 0x2172, 0x2163, 0x2173, 0x2164, 0x2174, 0x2165, 0x2175,
  0x2166, 0x2176, 0x2167, 0x2177, 0x2168, 0x2178, 0x2169, 0x2179,
  0x216A, 0x217A, 0x216B, 0x217B, 0x216C, 0x217C, 0x216D, 0x217D,
  0x216E, 0x217E, 0x216F, 0x217F, 0x2183, 0x2184, 0x24B6, 0x24D0,
  0x24B7, 0x24D1, 0x24B8, 0x24D2, 0x24B9, 0x24D3, 0x24BA, 0x24D4,
  0x24BB, 0x24D5, 0x24BC, 0x24D6, 0x24BD, 0x24D7, 0x24BE, 0x24D8,
  0x24BF, 0x24D9, 0x24C0, 0x24DA, 0x24C1, 0x24DB, 0x24C2, 0x24DC,
  0x24C3, 0x24DD, 0x24C4, 0x24DE, 0x24C5, 0x24DF, 0x24C6, 0x24E0,
  0x24C7, 0x24E1, 0x24C8, 0x24E2, 0x24C9, 0x24E3, 0x24CA, 0x24E4,
  0x24CB, 0x24E5, 0x24CC, 0x24E6, 0x24CD, 0x24E7, 0x24CE, 0x24E8,
  0x24CF, 0x24E9, 0x2C00, 0x2C30, 0x2C01, 0x2C31, 0x2C02, 0x2C32,
  0x2C03, 0x2C33, 0x2C04, 0x2C34, 0x2C05, 0x2C35, 0x2C06, 0x2C36,
  0x2C07, 0x2C37, 0x2C08, 0x2C38, 0x2C09, 0x2C39, 0x2C0A, 0x2C3A,
  0x2C0B, 0x2C3B, 0x2C0C, 0x2C3C, 0x2C0D, 0x2C3D, 0x2C0E, 0x2C3E,
  0x2C0F, 0x2C3F, 0x2C10, 0x2C40, 0x2C11, 0x2C41, 0x2C12, 0x2C42,
  0x2C13, 0x2C43, 0x2C14, 0x2C44, 0x2C15, 0x2C45, 0x2C16, 0x2C46,
  0x2C17, 0x2C47, 0x2C18, 0x2C48, 0x2C19, 0x2C49, 0x2C1A, 0x2C4A,
  0x2C1B, 0x2C4B, 0x2C1C, 0x2C4C, 0x2C1D, 0x2C4D, 0x2C1E, 0x2C4E,
  0x2C1F, 0x2C4F, 0x2C20, 0x2C50, 0x2C21, 0x2C51, 0x2C22, 0x2C52,
  0x2C23, 0x2C53, 0x2C24, 0x2C54, 0x2C25, 0x2C55, 0x2C26, 0x2C56,
  0x2C27, 0x2C57, 0x2C28, 0x2C58, 0x2C29, 0x2C59, 0x2C2A, 0x2C5A,
  0x2C2B, 0x2C5B, 0x2C2C, 0x2C5C, 0x2C2D, 0x2C5D, 0x2C2E, 0x2C5E,
  0x2C2F, 0x2C5F, 0x2C60, 0x2C61, 0x2C67, 0x2C68, 0x2C69, 0x2C6A,
  0x2C6B, 0x2C6C, 0x2C72, 0x2C73, 0x2C75, 0x2C76, 0x2C80, 0x2C81,
  0x2C82, 0x2C83, 0x2C84, 0x2C85, 0x2C86, 0x2C87, 0x2C88, 0x2C89,
  0x2C8A, 0x2C8B, 0x2C8C, 0x2C8D, 0x2C8E, 0x2C8F, 0x2C90, 0x2C91,
  0x2C92, 0x2C93, 0x2C94, 0x2C95, 0x2C96, 0x2C97, 0x2C98, 0x2C99,
  0x2C9A, 0x2C9B, 0x2C9C, 0x2C9D, 0x2C9E, 0x2C9F, 0x2CA0, 0x2CA1,
  0x2CA2, 0x2CA3, 0x2CA4, 0x2CA5, 0x2CA6, 0x2CA7, 0x2CA8, 0x2CA9,
  0x2CAA, 0x2CAB, 0x2CAC, 0x2CAD, 0x2CAE, 0x2CAF, 0x2CB0, 0x2CB1,
  0x2CB2, 0x2CB3, 0x2CB4, 0x2CB5, 0x2CB6, 0x2CB7, 0x2CB8, 0x2CB9,
  0x2CBA, 0x2CBB, 0x2CBC, 0x2CBD, 0x2CBE, 0x2CBF, 0x2CC0, 0x2CC1,
  0x2CC2, 0x2CC3, 0x2CC4, 0x2CC5, 0x2CC6, 0x2CC7, 0x2CC8, 0x2CC9,
  0x2CCA, 0x2CCB, 0x2CCC, 0x2CCD, 0x2CCE, 0x2CCF, 0x2CD0, 0x2CD1,
  0x2CD2, 0x2CD3, 0x2CD4, 0x2CD5, 0x2CD6, 0x2CD7, 0x2CD8, 0x2CD9,
  0x2CDA, 0x2CDB, 0x2CDC, 0x2CDD, 0x2CDE, 0x2CDF, 0x2CE0, 0x2CE1,
  0x2CE2, 0x2CE3, 0x2CEB, 0x2CEC, 0x2CED, 0x2CEE, 0x2CF2, 0x2CF3,
  0xA640, 0xA641, 0xA642, 0xA643, 0xA644, 0xA645, 0xA646, 0xA647,
  0xA648, 0xA649, 0xA64C, 0xA64D, 0xA64E, 0xA64F, 0xA650, 0xA651,
  0xA652, 0xA653, 0xA654, 0xA655, 0xA656, 0xA657, 0xA658, 0xA659,
  0xA65A, 0xA65B, 0xA65C, 0xA65D, 0xA65E, 0xA65F, 0xA660, 0xA661,
  0xA662, 0xA663, 0xA664, 0xA665, 0xA666, 0xA667, 0xA668, 0xA669,
  0xA66A, 0xA66B, 0xA66C, 0xA66D, 0xA680, 0xA681, 0xA682, 0xA683,
  0xA684, 0xA685, 0xA686, 0xA687, 0xA688, 0xA689, 0xA68A, 0xA68B,
  0xA68C, 0xA68D, 0xA68E, 0xA68F, 0xA690, 0xA691, 0xA692, 0xA693,
  0xA694, 0xA695, 0xA696, 0xA697, 0xA698, 0xA699, 0xA69A, 0xA69B,
  0xA722, 0xA723, 0xA724, 0xA725, 0xA726, 0xA727, 0xA728, 0xA729,
  0xA72A, 0xA72B, 0xA72C, 0xA72D, 0xA72E, 0xA72F, 0xA732, 0xA733,
  0xA734, 0xA735, 0xA736, 0xA737, 0xA738, 0xA739, 0xA73A, 0xA73B,
  0xA73C, 0xA73D, 0xA73E, 0xA73F, 0xA740, 0xA741, 0xA742, 0xA743,
  0xA744, 0xA745, 0xA746, 0xA747, 0xA748, 0xA749, 0xA74A, 0xA74B,
  0xA74C, 0xA74D, 0xA74E, 0xA74F, 0xA750, 0xA751, 0xA752, 0xA753,
  0xA754, 0xA755, 0xA756, 0xA757, 0xA758, 0xA759, 0xA75A, 0xA75B,
  0xA75C, 0xA75D, 0xA75E, 0xA75F, 0xA760, 0xA761, 0xA762, 0xA763,
  0xA764, 0xA765, 0xA766, 0xA767, 0xA768, 0xA769, 0xA76A, 0xA76B,
  0xA76C, 0xA76D, 0xA76E, 0xA76F, 0xA779, 0xA77A, 0xA77B, 0xA77C,
  0xA77E, 0xA77F, 0xA780, 0xA781, 0xA782, 0xA783, 0xA784, 0xA785,
  0xA786, 0xA787, 0xA78B, 0xA78C, 0xA790, 0xA791, 0xA792, 0xA793,
  0xA794, 0xA7C4, 0xA796, 0xA797, 0xA798, 0xA799, 0xA79A, 0xA79B,
  0xA79C, 0xA79D, 0xA79E, 0xA79F, 0xA7A0, 0xA7A1, 0xA7A2, 0xA7A3,
  0xA7A4, 0xA7A5, 0xA7A6, 0xA7A7, 0xA7A8, 0xA7A9, 0xA7B3, 0xAB53,
  0xA7B4, 0xA7B5, 0xA7B6, 0xA7B7, 0xA7B8, 0xA7B9, 0xA7BA, 0xA7BB,
  0xA7BC, 0xA7BD, 0xA7BE, 0xA7BF, 0xA7C0, 0xA7C1, 0xA7C2, 0xA7C3,
  0xA7C7, 0xA7C8, 0xA7C9, 0xA7CA, 0xA7CC, 0xA7CD, 0xA7CE, 0xA7CF,
  0xA7D0, 0xA7D1, 0xA7D2, 0xA7D3, 0xA7D4, 0xA7D5, 0xA7D6, 0xA7D7,
  0xA7D8, 0xA7D9, 0xA7DA, 0xA7DB, 0xA7F5, 0xA7F6, 0xFB05, 0xFB06,
  0xFF21, 0xFF41, 0xFF22, 0xFF42, 0xFF23, 0xFF43, 0xFF24, 0xFF44,
  0xFF25, 0xFF45, 0xFF26, 0xFF46, 0xFF27, 0xFF47, 0xFF28, 0xFF48,
  0xFF29, 0xFF49, 0xFF2A, 0xFF4A, 0xFF2B, 0xFF4B, 0xFF2C, 0xFF4C,
  0xFF2D, 0xFF4D, 0xFF2E, 0xFF4E, 0xFF2F, 0xFF4F, 0xFF30, 0xFF50,
  0xFF31, 0xFF51, 0xFF32, 0xFF52, 0xFF33, 0xFF53, 0xFF34, 0xFF54,
  0xFF35, 0xFF55, 0xFF36, 0xFF56, 0xFF37, 0xFF57, 0xFF38, 0xFF58,
  0xFF39, 0xFF59, 0xFF3A, 0xFF5A, 0x10400, 0x10428, 0x10401, 0x10429,
  0x10402, 0x1042A, 0x10403, 0x1042B, 0x10404, 0x1042C, 0x10405, 0x1042D,
  0x10406, 0x1042E, 0x10407, 0x1042F, 0x10408, 0x10430, 0x10409, 0x10431,
  0x1040A, 0x10432, 0x1040B, 0x10433, 0x1040C, 0x10434, 0x1040D, 0x10435,
  0x1040E, 0x10436, 0x1040F, 0x10437, 0x10410, 0x10438, 0x10411, 0x10439,
  0x10412, 0x1043A, 0x10413, 0x1043B, 0x10414, 0x1043C, 0x10415, 0x1043D,
  0x10416, 0x1043E, 0x10417, 0x1043F, 0x10418, 0x10440, 0x10419, 0x10441,
  0x1041A, 0x10442, 0x1041B, 0x10443, 0x1041C, 0x10444, 0x1041D, 0x10445,
  0x1041E, 0x10446, 0x1041F, 0x10447, 0x10420, 0x10448, 0x10421, 0x10449,
  0x10422, 0x1044A, 0x10423, 0x1044B, 0x10424, 0x1044C, 0x10425, 0x1044D,
  0x10426, 0x1044E, 0x10427, 0x1044F, 0x104B0, 0x104D8, 0x104B1, 0x104D9,
  0x104B2, 0x104DA, 0x104B3, 0x104DB, 0x104B4, 0x104DC, 0x104B5, 0x104DD,
  0x104B6, 0x104DE, 0x104B7, 0x104DF, 0x104B8, 0x104E0, 0x104B9, 0x104E1,
  0x104BA, 0x104E2, 0x104BB, 0x104E3, 0x104BC, 0x104E4, 0x104BD, 0x104E5,
  0x104BE, 0x104E6, 0x104BF, 0x104E7, 0x104C0, 0x104E8, 0x104C1, 0x104E9,
  0x104C2, 0x104EA, 0x104C3, 0x104EB, 0x104C4, 0x104EC, 0x104C5, 0x104ED,
  0x104C6, 0x104EE, 0x104C7, 0x104EF, 0x104C8, 0x104F0, 0x104C9, 0x104F1,
  0x104CA, 0x104F2, 0x104CB, 0x104F3, 0x104CC, 0x104F4, 0x104CD, 0x104F5,
  0x104CE, 0x104F6, 0x104CF, 0x104F7, 0x104D0, 0x104F8, 0x104D1, 0x104F9,
  0x104D2, 0x104FA, 0x104D3, 0x104FB, 0x10570, 0x10597, 0x10571, 0x10598,
  0x10572, 0x10599, 0x10573, 0x1059A, 0x10574, 0x1059B, 0x10575, 0x1059C,
  0x10576, 0x1059D, 0x10577, 0x1059E, 0x10578, 0x1059F, 0x10579, 0x105A0,
  0x1057A, 0x105A1, 0x1057C, 0x105A3, 0x1057D, 0x105A4, 0x1057E, 0x105A5,
  0x1057F, 0x105A6, 0x10580, 0x105A7, 0x10581, 0x105A8, 0x10582, 0x105A9,
  0x10583, 0x105AA, 0x10584, 0x105AB, 0x10585, 0x105AC, 0x10586, 0x105AD,
  0x10587, 0x105AE, 0x10588, 0x105AF, 0x10589, 0x105B0, 0x1058A, 0x105B1,
  0x1058C, 0x105B3, 0x1058D, 0x105B4, 0x1058E, 0x105B5, 0x1058F, 0x105B6,
  0x10590, 0x105B7, 0x10591, 0x105B8, 0x10592, 0x105B9, 0x10594, 0x105BB,
  0x10595, 0x105BC, 0x10C80, 0x10CC0, 0x10C81, 0x10CC1, 0x10C82, 0x10CC2,
  0x10C83, 0x10CC3, 0x10C84, 0x10CC4, 0x10C85, 0x10CC5, 0x10C86, 0x10CC6,
  0x10C87, 0x10CC7, 0x10C88, 0x10CC8, 0x10C89, 0x10CC9, 0x10C8A, 0x10CCA,
  0x10C8B, 0x10CCB, 0x10C8C, 0x10CCC, 0x10C8D, 0x10CCD, 0x10C8E, 0x10CCE,
  0x10C8F, 0x10CCF, 0x10C90, 0x10CD0, 0x10C91, 0x10CD1, 0x10C92, 0x10CD2,
  0x10C93, 0x10CD3, 0x10C94, 0x10CD4, 0x10C95, 0x10CD5, 0x10C96, 0x10CD6,
  0x10C97, 0x10CD7, 0x10C98, 0x10CD8, 0x10C99, 0x10CD9, 0x10C9A, 0x10CDA,
  0x10C9B, 0x10CDB, 0x10C9C, 0x10CDC, 0x10C9D, 0x10CDD, 0x10C9E, 0x10CDE,
  0x10C9F, 0x10CDF, 0x10CA0, 0x10CE0, 0x10CA1, 0x10CE1, 0x10CA2, 0x10CE2,
  0x10CA3, 0x10CE3, 0x10CA4, 0x10CE4, 0x10CA5, 0x10CE5, 0x10CA6, 0x10CE6,
  0x10CA7, 0x10CE7, 0x10CA8, 0x10CE8, 0x10CA9, 0x10CE9, 0x10CAA, 0x10CEA,
  0x10CAB, 0x10CEB, 0x10CAC, 0x10CEC, 0x10CAD, 0x10CED, 0x10CAE, 0x10CEE,
  0x10CAF, 0x10CEF, 0x10CB0, 0x10CF0, 0x10CB1, 0x10CF1, 0x10CB2, 0x10CF2,
  0x10D50, 0x10D70, 0x10D51, 0x10D71, 0x10D52, 0x10D72, 0x10D53, 0x10D73,
  0x10D54, 0x10D74, 0x10D55, 0x10D75, 0x10D56, 0x10D76, 0x10D57, 0x10D77,
  0x10D58, 0x10D78, 0x10D59, 0x10D79, 0x10D5A, 0x10D7A, 0x10D5B, 0x10D7B,
  0x10D5C, 0x10D7C, 0x10D5D, 0x10D7D, 0x10D5E, 0x10D7E, 0x10D5F, 0x10D7F,
  0x10D60, 0x10D80, 0x10D61, 0x10D81, 0x10D62, 0x10D82, 0x10D63, 0x10D83,
  0x10D64, 0x10D84, 0x10D65, 0x10D85, 0x118A0, 0x118C0, 0x118A1, 0x118C1,
  0x118A2, 0x118C2, 0x118A3, 0x118C3, 0x118A4, 0x118C4, 0x118A5, 0x118C5,
  0x118A6, 0x118C6, 0x118A7, 0x118C7, 0x118A8, 0x118C8, 0x118A9, 0x118C9,
  0x118AA, 0x118CA, 0x118AB, 0x118CB, 0x118AC, 0x118CC, 0x118AD, 0x118CD,
  0x118AE, 0x118CE, 0x118AF, 0x118CF, 0x118B0, 0x118D0, 0x118B1, 0x118D1,
  0x118B2, 0x118D2, 0x118B3, 0x118D3, 0x118B4, 0x118D4, 0x118B5, 0x118D5,
  0x118B6, 0x118D6, 0x118B7, 0x118D7, 0x118B8, 0x118D8, 0x118B9, 0x118D9,
  0x118BA, 0x118DA, 0x118BB, 0x118DB, 0x118BC, 0x118DC, 0x118BD, 0x118DD,
  0x118BE, 0x118DE, 0x118BF, 0x118DF, 0x16E40, 0x16E60, 0x16E41, 0x16E61,
  0x16E42, 0x16E62, 0x16E43, 0x16E63, 0x16E44, 0x16E64, 0x16E45, 0x16E65,
  0x16E46, 0x16E66, 0x16E47, 0x16E67, 0x16E48, 0x16E68, 0x16E49, 0x16E69,
  0x16E4A, 0x16E6A, 0x16E4B, 0x16E6B, 0x16E4C, 0x16E6C, 0x16E4D, 0x16E6D,
  0x16E4E, 0x16E6E, 0x16E4F, 0x16E6F, 0x16E50, 0x16E70, 0x16E51, 0x16E71,
  0x16E52, 0x16E72, 0x16E53, 0x16E73, 0x16E54, 0x16E74, 0x16E55, 0x16E75,
  0x16E56, 0x16E76, 0x16E57, 0x16E77, 0x16E58, 0x16E78, 0x16E59, 0x16E79,
  0x16E5A, 0x16E7A, 0x16E5B, 0x16E7B, 0x16E5C, 0x16E7C, 0x16E5D, 0x16E7D,
  0x16E5E, 0x16E7E, 0x16E5F, 0x16E7F, 0x16EA0, 0x16EBB, 0x16EA1, 0x16EBC,
  0x16EA2, 0x16EBD, 0x16EA3, 0x16EBE, 0x16EA4, 0x16EBF, 0x16EA5, 0x16EC0,
  0x16EA6, 0x16EC1, 0x16EA7, 0x16EC2, 0x16EA8, 0x16EC3, 0x16EA9, 0x16EC4,
  0x16EAA, 0x16EC5, 0x16EAB, 0x16EC6, 0x16EAC, 0x16EC7, 0x16EAD, 0x16EC8,
  0x16EAE, 0x16EC9, 0x16EAF, 0x16ECA, 0x16EB0, 0x16ECB, 0x16EB1, 0x16ECC,
  0x16EB2, 0x16ECD, 0x16EB3, 0x16ECE, 0x16EB4, 0x16ECF, 0x16EB5, 0x16ED0,
  0x16EB6, 0x16ED1, 0x16EB7, 0x16ED2, 0x16EB8, 0x16ED3, 0x1E900, 0x1E922,
  0x1E901, 0x1E923, 0x1E902, 0x1E924, 0x1E903, 0x1E925, 0x1E904, 0x1E926,
  0x1E905, 0x1E927, 0x1E906, 0x1E928, 0x1E907, 0x1E929, 0x1E908, 0x1E92A,
  0x1E909, 0x1E92B, 0x1E90A, 0x1E92C, 0x1E90B, 0x1E92D, 0x1E90C, 0x1E92E,
  0x1E90D, 0x1E92F, 0x1E90E, 0x1E930, 0x1E90F, 0x1E931, 0x1E910, 0x1E932,
  0x1E911, 0x1E933, 0x1E912, 0x1E934, 0x1E913, 0x1E935, 0x1E914, 0x1E936,
  0x1E915, 0x1E937, 0x1E916, 0x1E938, 0x1E917, 0x1E939, 0x1E918, 0x1E93A,
  0x1E919, 0x1E93B, 0x1E91A, 0x1E93C, 0x1E91B, 0x1E93D, 0x1E91C, 0x1E93E,
  0x1E91D, 0x1E93F, 0x1E91E, 0x1E940, 0x1E91F, 0x1E941, 0x1E920, 0x1E942,
  0x1E921, 0x1E943,
};
const size_t grx_unicode_fold_orbit_member_count = 2994;

const GRX_UnicodeOrbit grx_unicode_fold_orbits[] = {
  {0x0041, 0, 2},
  {0x0042, 2, 2},
  {0x0043, 4, 2},
  {0x0044, 6, 2},
  {0x0045, 8, 2},
  {0x0046, 10, 2},
  {0x0047, 12, 2},
  {0x0048, 14, 2},
  {0x0049, 16, 2},
  {0x004A, 18, 2},
  {0x004B, 20, 3},
  {0x004C, 23, 2},
  {0x004D, 25, 2},
  {0x004E, 27, 2},
  {0x004F, 29, 2},
  {0x0050, 31, 2},
  {0x0051, 33, 2},
  {0x0052, 35, 2},
  {0x0053, 37, 3},
  {0x0054, 40, 2},
  {0x0055, 42, 2},
  {0x0056, 44, 2},
  {0x0057, 46, 2},
  {0x0058, 48, 2},
  {0x0059, 50, 2},
  {0x005A, 52, 2},
  {0x0061, 0, 2},
  {0x0062, 2, 2},
  {0x0063, 4, 2},
  {0x0064, 6, 2},
  {0x0065, 8, 2},
  {0x0066, 10, 2},
  {0x0067, 12, 2},
  {0x0068, 14, 2},
  {0x0069, 16, 2},
  {0x006A, 18, 2},
  {0x006B, 20, 3},
  {0x006C, 23, 2},
  {0x006D, 25, 2},
  {0x006E, 27, 2},
  {0x006F, 29, 2},
  {0x0070, 31, 2},
  {0x0071, 33, 2},
  {0x0072, 35, 2},
  {0x0073, 37, 3},
  {0x0074, 40, 2},
  {0x0075, 42, 2},
  {0x0076, 44, 2},
  {0x0077, 46, 2},
  {0x0078, 48, 2},
  {0x0079, 50, 2},
  {0x007A, 52, 2},
  {0x00B5, 54, 3},
  {0x00C0, 57, 2},
  {0x00C1, 59, 2},
  {0x00C2, 61, 2},
  {0x00C3, 63, 2},
  {0x00C4, 65, 2},
  {0x00C5, 67, 3},
  {0x00C6, 70, 2},
  {0x00C7, 72, 2},
  {0x00C8, 74, 2},
  {0x00C9, 76, 2},
  {0x00CA, 78, 2},
  {0x00CB, 80, 2},
  {0x00CC, 82, 2},
  {0x00CD, 84, 2},
  {0x00CE, 86, 2},
  {0x00CF, 88, 2},
  {0x00D0, 90, 2},
  {0x00D1, 92, 2},
  {0x00D2, 94, 2},
  {0x00D3, 96, 2},
  {0x00D4, 98, 2},
  {0x00D5, 100, 2},
  {0x00D6, 102, 2},
  {0x00D8, 104, 2},
  {0x00D9, 106, 2},
  {0x00DA, 108, 2},
  {0x00DB, 110, 2},
  {0x00DC, 112, 2},
  {0x00DD, 114, 2},
  {0x00DE, 116, 2},
  {0x00DF, 118, 2},
  {0x00E0, 57, 2},
  {0x00E1, 59, 2},
  {0x00E2, 61, 2},
  {0x00E3, 63, 2},
  {0x00E4, 65, 2},
  {0x00E5, 67, 3},
  {0x00E6, 70, 2},
  {0x00E7, 72, 2},
  {0x00E8, 74, 2},
  {0x00E9, 76, 2},
  {0x00EA, 78, 2},
  {0x00EB, 80, 2},
  {0x00EC, 82, 2},
  {0x00ED, 84, 2},
  {0x00EE, 86, 2},
  {0x00EF, 88, 2},
  {0x00F0, 90, 2},
  {0x00F1, 92, 2},
  {0x00F2, 94, 2},
  {0x00F3, 96, 2},
  {0x00F4, 98, 2},
  {0x00F5, 100, 2},
  {0x00F6, 102, 2},
  {0x00F8, 104, 2},
  {0x00F9, 106, 2},
  {0x00FA, 108, 2},
  {0x00FB, 110, 2},
  {0x00FC, 112, 2},
  {0x00FD, 114, 2},
  {0x00FE, 116, 2},
  {0x00FF, 120, 2},
  {0x0100, 122, 2},
  {0x0101, 122, 2},
  {0x0102, 124, 2},
  {0x0103, 124, 2},
  {0x0104, 126, 2},
  {0x0105, 126, 2},
  {0x0106, 128, 2},
  {0x0107, 128, 2},
  {0x0108, 130, 2},
  {0x0109, 130, 2},
  {0x010A, 132, 2},
  {0x010B, 132, 2},
  {0x010C, 134, 2},
  {0x010D, 134, 2},
  {0x010E, 136, 2},
  {0x010F, 136, 2},
  {0x0110, 138, 2},
  {0x0111, 138, 2},
  {0x0112, 140, 2},
  {0x0113, 140, 2},
  {0x0114, 142, 2},
  {0x0115, 142, 2},
  {0x0116, 144, 2},
  {0x0117, 144, 2},
  {0x0118, 146, 2},
  {0x0119, 146, 2},
  {0x011A, 148, 2},
  {0x011B, 148, 2},
  {0x011C, 150, 2},
  {0x011D, 150, 2},
  {0x011E, 152, 2},
  {0x011F, 152, 2},
  {0x0120, 154, 2},
  {0x0121, 154, 2},
  {0x0122, 156, 2},
  {0x0123, 156, 2},
  {0x0124, 158, 2},
  {0x0125, 158, 2},
  {0x0126, 160, 2},
  {0x0127, 160, 2},
  {0x0128, 162, 2},
  {0x0129, 162, 2},
  {0x012A, 164, 2},
  {0x012B, 164, 2},
  {0x012C, 166, 2},
  {0x012D, 166, 2},
  {0x012E, 168, 2},
  {0x012F, 168, 2},
  {0x0132, 170, 2},
  {0x0133, 170, 2},
  {0x0134, 172, 2},
  {0x0135, 172, 2},
  {0x0136, 174, 2},
  {0x0137, 174, 2},
  {0x0139, 176, 2},
  {0x013A, 176, 2},
  {0x013B, 178, 2},
  {0x013C, 178, 2},
  {0x013D, 180, 2},
  {0x013E, 180, 2},
  {0x013F, 182, 2},
  {0x0140, 182, 2},
  {0x0141, 184, 2},
  {0x0142, 184, 2},
  {0x0143, 186, 2},
  {0x0144, 186, 2},
  {0x0145, 188, 2},
  {0x0146, 188, 2},
  {0x0147, 190, 2},
  {0x0148, 190, 2},
  {0x014A, 192, 2},
  {0x014B, 192, 2},
  {0x014C, 194, 2},
  {0x014D, 194, 2},
  {0x014E, 196, 2},
  {0x014F, 196, 2},
  {0x0150, 198, 2},
  {0x0151, 198, 2},
  {0x0152, 200, 2},
  {0x0153, 200, 2},
  {0x0154, 202, 2},
  {0x0155, 202, 2},
  {0x0156, 204, 2},
  {0x0157, 204, 2},
  {0x0158, 206, 2},
  {0x0159, 206, 2},
  {0x015A, 208, 2},
  {0x015B, 208, 2},
  {0x015C, 210, 2},
  {0x015D, 210, 2},
  {0x015E, 212, 2},
  {0x015F, 212, 2},
  {0x0160, 214, 2},
  {0x0161, 214, 2},
  {0x0162, 216, 2},
  {0x0163, 216, 2},
  {0x0164, 218, 2},
  {0x0165, 218, 2},
  {0x0166, 220, 2},
  {0x0167, 220, 2},
  {0x0168, 222, 2},
  {0x0169, 222, 2},
  {0x016A, 224, 2},
  {0x016B, 224, 2},
  {0x016C, 226, 2},
  {0x016D, 226, 2},
  {0x016E, 228, 2},
  {0x016F, 228, 2},
  {0x0170, 230, 2},
  {0x0171, 230, 2},
  {0x0172, 232, 2},
  {0x0173, 232, 2},
  {0x0174, 234, 2},
  {0x0175, 234, 2},
  {0x0176, 236, 2},
  {0x0177, 236, 2},
  {0x0178, 120, 2},
  {0x0179, 238, 2},
  {0x017A, 238, 2},
  {0x017B, 240, 2},
  {0x017C, 240, 2},
  {0x017D, 242, 2},
  {0x017E, 242, 2},
  {0x017F, 37, 3},
  {0x0180, 244, 2},
  {0x0181, 246, 2},
  {0x0182, 248, 2},
  {0x0183, 248, 2},
  {0x0184, 250, 2},
  {0x0185, 250, 2},
  {0x0186, 252, 2},
  {0x0187, 254, 2},
  {0x0188, 254, 2},
  {0x0189, 256, 2},
  {0x018A, 258, 2},
  {0x018B, 260, 2},
  {0x018C, 260, 2},
  {0x018E, 262, 2},
  {0x018F, 264, 2},
  {0x0190, 266, 2},
  {0x0191, 268, 2},
  {0x0192, 268, 2},
  {0x0193, 270, 2},
  {0x0194, 272, 2},
  {0x0195, 274, 2},
  {0x0196, 276, 2},
  {0x0197, 278, 2},
  {0x0198, 280, 2},
  {0x0199, 280, 2},
  {0x019A, 282, 2},
  {0x019B, 284, 2},
  {0x019C, 286, 2},
  {0x019D, 288, 2},
  {0x019E, 290, 2},
  {0x019F, 292, 2},
  {0x01A0, 294, 2},
  {0x01A1, 294, 2},
  {0x01A2, 296, 2},
  {0x01A3, 296, 2},
  {0x01A4, 298, 2},
  {0x01A5, 298, 2},
  {0x01A6, 300, 2},
  {0x01A7, 302, 2},
  {0x01A8, 302, 2},
  {0x01A9, 304, 2},
  {0x01AC, 306, 2},
  {0x01AD, 306, 2},
  {0x01AE, 308, 2},
  {0x01AF, 310, 2},
  {0x01B0, 310, 2},
  {0x01B1, 312, 2},
  {0x01B2, 314, 2},
  {0x01B3, 316, 2},
  {0x01B4, 316, 2},
  {0x01B5, 318, 2},
  {0x01B6, 318, 2},
  {0x01B7, 320, 2},
  {0x01B8, 322, 2},
  {0x01B9, 322, 2},
  {0x01BC, 324, 2},
  {0x01BD, 324, 2},
  {0x01BF, 326, 2},
  {0x01C4, 328, 3},
  {0x01C5, 328, 3},
  {0x01C6, 328, 3},
  {0x01C7, 331, 3},
  {0x01C8, 331, 3},
  {0x01C9, 331, 3},
  {0x01CA, 334, 3},
  {0x01CB, 334, 3},
  {0x01CC, 334, 3},
  {0x01CD, 337, 2},
  {0x01CE, 337, 2},
  {0x01CF, 339, 2},
  {0x01D0, 339, 2},
  {0x01D1, 341, 2},
  {0x01D2, 341, 2},
  {0x01D3, 343, 2},
  {0x01D4, 343, 2},
  {0x01D5, 345, 2},
  {0x01D6, 345, 2},
  {0x01D7, 347, 2},
  {0x01D8, 347, 2},
  {0x01D9, 349, 2},
  {0x01DA, 349, 2},
  {0x01DB, 351, 2},
  {0x01DC, 351, 2},
  {0x01DD, 262, 2},
  {0x01DE, 353, 2},
  {0x01DF, 353, 2},
  {0x01E0, 355, 2},
  {0x01E1, 355, 2},
  {0x01E2, 357, 2},
  {0x01E3, 357, 2},
  {0x01E4, 359, 2},
  {0x01E5, 359, 2},
  {0x01E6, 361, 2},
  {0x01E7, 361, 2},
  {0x01E8, 363, 2},
  {0x01E9, 363, 2},
  {0x01EA, 365, 2},
  {0x01EB, 365, 2},
  {0x01EC, 367, 2},
  {0x01ED, 367, 2},
  {0x01EE, 369, 2},
  {0x01EF, 369, 2},
  {0x01F1, 371, 3},
  {0x01F2, 371, 3},
  {0x01F3, 371, 3},
  {0x01F4, 374, 2},
  {0x01F5, 374, 2},
  {0x01F6, 274, 2},
  {0x01F7, 326, 2},
  {0x01F8, 376, 2},
  {0x01F9, 376, 2},
  {0x01FA, 378, 2},
  {0x01FB, 378, 2},
  {0x01FC, 380, 2},
  {0x01FD, 380, 2},
  {0x01FE, 382, 2},
  {0x01FF, 382, 2},
  {0x0200, 384, 2},
  {0x0201, 384, 2},
  {0x0202, 386, 2},
  {0x0203, 386, 2},
  {0x0204, 388, 2},
  {0x0205, 388, 2},
  {0x0206, 390, 2},
  {0x0207, 390, 2},
  {0x0208, 392, 2},
  {0x0209, 392, 2},
  {0x020A, 394, 2},
  {0x020B, 394, 2},
  {0x020C, 396, 2},
  {0x020D, 396, 2},
  {0x020E, 398, 2},
  {0x020F, 398, 2},
  {0x0210, 400, 2},
  {0x0211, 400, 2},
  {0x0212, 402, 2},
  {0x0213, 402, 2},
  {0x0214, 404, 2},
  {0x0215, 404, 2},
  {0x0216, 406, 2},
  {0x0217, 406, 2},
  {0x0218, 408, 2},
  {0x0219, 408, 2},
  {0x021A, 410, 2},
  {0x021B, 410, 2},
  {0x021C, 412, 2},
  {0x021D, 412, 2},
  {0x021E, 414, 2},
  {0x021F, 414, 2},
  {0x0220, 290, 2},
  {0x0222, 416, 2},
  {0x0223, 416, 2},
  {0x0224, 418, 2},
  {0x0225, 418, 2},
  {0x0226, 420, 2},
  {0x0227, 420, 2},
  {0x0228, 422, 2},
  {0x0229, 422, 2},
  {0x022A, 424, 2},
  {0x022B, 424, 2},
  {0x022C, 426, 2},
  {0x022D, 426, 2},
  {0x022E, 428, 2},
  {0x022F, 428, 2},
  {0x0230, 430, 2},
  {0x0231, 430, 2},
  {0x0232, 432, 2},
  {0x0233, 432, 2},
  {0x023A, 434, 2},
  {0x023B, 436, 2},
  {0x023C, 436, 2},
  {0x023D, 282, 2},
  {0x023E, 438, 2},
  {0x023F, 440, 2},
  {0x0240, 442, 2},
  {0x0241, 444, 2},
  {0x0242, 444, 2},
  {0x0243, 244, 2},
  {0x0244, 446, 2},
  {0x0245, 448, 2},
  {0x0246, 450, 2},
  {0x0247, 450, 2},
  {0x0248, 452, 2},
  {0x0249, 452, 2},
  {0x024A, 454, 2},
  {0x024B, 454, 2},
  {0x024C, 456, 2},
  {0x024D, 456, 2},
  {0x024E, 458, 2},
  {0x024F, 458, 2},
  {0x0250, 460, 2},
  {0x0251, 462, 2},
  {0x0252, 464, 2},
  {0x0253, 246, 2},
  {0x0254, 252, 2},
  {0x0256, 256, 2},
  {0x0257, 258, 2},
  {0x0259, 264, 2},
  {0x025B, 266, 2},
  {0x025C, 466, 2},
  {0x0260, 270, 2},
  {0x0261, 468, 2},
  {0x0263, 272, 2},
  {0x0264, 470, 2},
  {0x0265, 472, 2},
  {0x0266, 474, 2},
  {0x0268, 278, 2},
  {0x0269, 276, 2},
  {0x026A, 476, 2},
  {0x026B, 478, 2},
  {0x026C, 480, 2},
  {0x026F, 286, 2},
  {0x0271, 482, 2},
  {0x0272, 288, 2},
  {0x0275, 292, 2},
  {0x027D, 484, 2},
  {0x0280, 300, 2},
  {0x0282, 486, 2},
  {0x0283, 304, 2},
  {0x0287, 488, 2},
  {0x0288, 308, 2},
  {0x0289, 446, 2},
  {0x028A, 312, 2},
  {0x028B, 314, 2},
  {0x028C, 448, 2},
  {0x0292, 320, 2},
  {0x029D, 490, 2},
  {0x029E, 492, 2},
  {0x0345, 494, 4},
  {0x0370, 498, 2},
  {0x0371, 498, 2},
  {0x0372, 500, 2},
  {0x0373, 500, 2},
  {0x0376, 502, 2},
  {0x0377, 502, 2},
  {0x037B, 504, 2},
  {0x037C, 506, 2},
  {0x037D, 508, 2},
  {0x037F, 510, 2},
  {0x0386, 512, 2},
  {0x0388, 514, 2},
  {0x0389, 516, 2},
  {0x038A, 518, 2},
  {0x038C, 520, 2},
  {0x038E, 522, 2},
  {0x038F, 524, 2},
  {0x0390, 526, 2},
  {0x0391, 528, 2},
  {0x0392, 530, 3},
  {0x0393, 533, 2},
  {0x0394, 535, 2},
  {0x0395, 537, 3},
  {0x0396, 540, 2},
  {0x0397, 542, 2},
  {0x0398, 544, 4},
  {0x0399, 494, 4},
  {0x039A, 548, 3},
  {0x039B, 551, 2},
  {0x039C, 54, 3},
  {0x039D, 553, 2},
  {0x039E, 555, 2},
  {0x039F, 557, 2},
  {0x03A0, 559, 3},
  {0x03A1, 562, 3},
  {0x03A3, 565, 3},
  {0x03A4, 568, 2},
  {0x03A5, 570, 2},
  {0x03A6, 572, 3},
  {0x03A7, 575, 2},
  {0x03A8, 577, 2},
  {0x03A9, 579, 3},
  {0x03AA, 582, 2},
  {0x03AB, 584, 2},
  {0x03AC, 512, 2},
  {0x03AD, 514, 2},
  {0x03AE, 516, 2},
  {0x03AF, 518, 2},
  {0x03B0, 586, 2},
  {0x03B1, 528, 2},
  {0x03B2, 530, 3},
  {0x03B3, 533, 2},
  {0x03B4, 535, 2},
  {0x03B5, 537, 3},
  {0x03B6, 540, 2},
  {0x03B7, 542, 2},
  {0x03B8, 544, 4},
  {0x03B9, 494, 4},
  {0x03BA, 548, 3},
  {0x03BB, 551, 2},
  {0x03BC, 54, 3},
  {0x03BD, 553, 2},
  {0x03BE, 555, 2},
  {0x03BF, 557, 2},
  {0x03C0, 559, 3},
  {0x03C1, 562, 3},
  {0x03C2, 565, 3},
  {0x03C3, 565, 3},
  {0x03C4, 568, 2},
  {0x03C5, 570, 2},
  {0x03C6, 572, 3},
  {0x03C7, 575, 2},
  {0x03C8, 577, 2},
  {0x03C9, 579, 3},
  {0x03CA, 582, 2},
  {0x03CB, 584, 2},
  {0x03CC, 520, 2},
  {0x03CD, 522, 2},
  {0x03CE, 524, 2},
  {0x03CF, 588, 2},
  {0x03D0, 530, 3},
  {0x03D1, 544, 4},
  {0x03D5, 572, 3},
  {0x03D6, 559, 3},
  {0x03D7, 588, 2},
  {0x03D8, 590, 2},
  {0x03D9, 590, 2},
  {0x03DA, 592, 2},
  {0x03DB, 592, 2},
  {0x03DC, 594, 2},
  {0x03DD, 594, 2},
  {0x03DE, 596, 2},
  {0x03DF, 596, 2},
  {0x03E0, 598, 2},
  {0x03E1, 598, 2},
  {0x03E2, 600, 2},
  {0x03E3, 600, 2},
  {0x03E4, 602, 2},
  {0x03E5, 602, 2},
  {0x03E6, 604, 2},
  {0x03E7, 604, 2},
  {0x03E8, 606, 2},
  {0x03E9, 606, 2},
  {0x03EA, 608, 2},
  {0x03EB, 608, 2},
  {0x03EC, 610, 2},
  {0x03ED, 610, 2},
  {0x03EE, 612, 2},
  {0x03EF, 612, 2},
  {0x03F0, 548, 3},
  {0x03F1, 562, 3},
  {0x03F2, 614, 2},
  {0x03F3, 510, 2},
  {0x03F4, 544, 4},
  {0x03F5, 537, 3},
  {0x03F7, 616, 2},
  {0x03F8, 616, 2},
  {0x03F9, 614, 2},
  {0x03FA, 618, 2},
  {0x03FB, 618, 2},
  {0x03FD, 504, 2},
  {0x03FE, 506, 2},
  {0x03FF, 508, 2},
  {0x0400, 620, 2},
  {0x0401, 622, 2},
  {0x0402, 624, 2},
  {0x0403, 626, 2},
  {0x0404, 628, 2},
  {0x0405, 630, 2},
  {0x0406, 632, 2},
  {0x0407, 634, 2},
  {0x0408, 636, 2},
  {0x0409, 638, 2},
  {0x040A, 640, 2},
  {0x040B, 642, 2},
  {0x040C, 644, 2},
  {0x040D, 646, 2},
  {0x040E, 648, 2},
  {0x040F, 650, 2},
  {0x0410, 652, 2},
  {0x0411, 654, 2},
  {0x0412, 656, 3},
  {0x0413, 659, 2},
  {0x0414, 661, 3},
  {0x0415, 664, 2},
  {0x0416, 666, 2},
  {0x0417, 668, 2},
  {0x0418, 670, 2},
  {0x0419, 672, 2},
  {0x041A, 674, 2},
  {0x041B, 676, 2},
  {0x041C, 678, 2},
  {0x041D, 680, 2},
  {0x041E, 682, 3},
  {0x041F, 685, 2},
  {0x0420, 687, 2},
  {0x0421, 689, 3},
  {0x0422, 692, 4},
  {0x0423, 696, 2},
  {0x0424, 698, 2},
  {0x0425, 700, 2},
  {0x0426, 702, 2},
  {0x0427, 704, 2},
  {0x0428, 706, 2},
  {0x0429, 708, 2},
  {0x042A, 710, 3},
  {0x042B, 713, 2},
  {0x042C, 715, 2},
  {0x042D, 717, 2},
  {0x042E, 719, 2},
  {0x042F, 721, 2},
  {0x0430, 652, 2},
  {0x0431, 654, 2},
  {0x0432, 656, 3},
  {0x0433, 659, 2},
  {0x0434, 661, 3},
  {0x0435, 664, 2},
  {0x0436, 666, 2},
  {0x0437, 668, 2},
  {0x0438, 670, 2},
  {0x0439, 672, 2},
  {0x043A, 674, 2},
  {0x043B, 676, 2},
  {0x043C, 678, 2},
  {0x043D, 680, 2},
  {0x043E, 682, 3},
  {0x043F, 685, 2},
  {0x0440, 687, 2},
  {0x0441, 689, 3},
  {0x0442, 692, 4},
  {0x0443, 696, 2},
  {0x0444, 698, 2},
  {0x0445, 700, 2},
  {0x0446, 702, 2},
  {0x0447, 704, 2},
  {0x0448, 706, 2},
  {0x0449, 708, 2},
  {0x044A, 710, 3},
  {0x044B, 713, 2},
  {0x044C, 715, 2},
  {0x044D, 717, 2},
  {0x044E, 719, 2},
  {0x044F, 721, 2},
  {0x0450, 620, 2},
  {0x0451, 622, 2},
  {0x0452, 624, 2},
  {0x0453, 626, 2},
  {0x0454, 628, 2},
  {0x0455, 630, 2},
  {0x0456, 632, 2},
  {0x0457, 634, 2},
  {0x0458, 636, 2},
  {0x0459, 638, 2},
  {0x045A, 640, 2},
  {0x045B, 642, 2},
  {0x045C, 644, 2},
  {0x045D, 646, 2},
  {0x045E, 648, 2},
  {0x045F, 650, 2},
  {0x0460, 723, 2},
  {0x0461, 723, 2},
  {0x0462, 725, 3},
  {0x0463, 725, 3},
  {0x0464, 728, 2},
  {0x0465, 728, 2},
  {0x0466, 730, 2},
  {0x0467, 730, 2},
  {0x0468, 732, 2},
  {0x0469, 732, 2},
  {0x046A, 734, 2},
  {0x046B, 734, 2},
  {0x046C, 736, 2},
  {0x046D, 736, 2},
  {0x046E, 738, 2},
  {0x046F, 738, 2},
  {0x0470, 740, 2},
  {0x0471, 740, 2},
  {0x0472, 742, 2},
  {0x0473, 742, 2},
  {0x0474, 744, 2},
  {0x0475, 744, 2},
  {0x0476, 746, 2},
  {0x0477, 746, 2},
  {0x0478, 748, 2},
  {0x0479, 748, 2},
  {0x047A, 750, 2},
  {0x047B, 750, 2},
  {0x047C, 752, 2},
  {0x047D, 752, 2},
  {0x047E, 754, 2},
  {0x047F, 754, 2},
  {0x0480, 756, 2},
  {0x0481, 756, 2},
  {0x048A, 758, 2},
  {0x048B, 758, 2},
  {0x048C, 760, 2},
  {0x048D, 760, 2},
  {0x048E, 762, 2},
  {0x048F, 762, 2},
  {0x0490, 764, 2},
  {0x0491, 764, 2},
  {0x0492, 766, 2},
  {0x0493, 766, 2},
  {0x0494, 768, 2},
  {0x0495, 768, 2},
  {0x0496, 770, 2},
  {0x0497, 770, 2},
  {0x0498, 772, 2},
  {0x0499, 772, 2},
  {0x049A, 774, 2},
  {0x049B, 774, 2},
  {0x049C, 776, 2},
  {0x049D, 776, 2},
  {0x049E, 778, 2},
  {0x049F, 778, 2},
  {0x04A0, 780, 2},
  {0x04A1, 780, 2},
  {0x04A2, 782, 2},
  {0x04A3, 782, 2},
  {0x04A4, 784, 2},
  {0x04A5, 784, 2},
  {0x04A6, 786, 2},
  {0x04A7, 786, 2},
  {0x04A8, 788, 2},
  {0x04A9, 788, 2},
  {0x04AA, 790, 2},
  {0x04AB, 790, 2},
  {0x04AC, 792, 2},
  {0x04AD, 792, 2},
  {0x04AE, 794, 2},
  {0x04AF, 794, 2},
  {0x04B0, 796, 2},
  {0x04B1, 796, 2},
  {0x04B2, 798, 2},
  {0x04B3, 798, 2},
  {0x04B4, 800, 2},
  {0x04B5, 800, 2},
  {0x04B6, 802, 2},
  {0x04B7, 802, 2},
  {0x04B8, 804, 2},
  {0x04B9, 804, 2},
  {0x04BA, 806, 2},
  {0x04BB, 806, 2},
  {0x04BC, 808, 2},
  {0x04BD, 808, 2},
  {0x04BE, 810, 2},
  {0x04BF, 810, 2},
  {0x04C0, 812, 2},
  {0x04C1, 814, 2},
  {0x04C2, 814, 2},
  {0x04C3, 816, 2},
  {0x04C4, 816, 2},
  {0x04C5, 818, 2},
  {0x04C6, 818, 2},
  {0x04C7, 820, 2},
  {0x04C8, 820, 2},
  {0x04C9, 822, 2},
  {0x04CA, 822, 2},
  {0x04CB, 824, 2},
  {0x04CC, 824, 2},
  {0x04CD, 826, 2},
  {0x04CE, 826, 2},
  {0x04CF, 812, 2},
  {0x04D0, 828, 2},
  {0x04D1, 828, 2},
  {0x04D2, 830, 2},
  {0x04D3, 830, 2},
  {0x04D4, 832, 2},
  {0x04D5, 832, 2},
  {0x04D6, 834, 2},
  {0x04D7, 834, 2},
  {0x04D8, 836, 2},
  {0x04D9, 836, 2},
  {0x04DA, 838, 2},
  {0x04DB, 838, 2},
  {0x04DC, 840, 2},
  {0x04DD, 840, 2},
  {0x04DE, 842, 2},
  {0x04DF, 842, 2},
  {0x04E0, 844, 2},
  {0x04E1, 844, 2},
  {0x04E2, 846, 2},
  {0x04E3, 846, 2},
  {0x04E4, 848, 2},
  {0x04E5, 848, 2},
  {0x04E6, 850, 2},
  {0x04E7, 850, 2},
  {0x04E8, 852, 2},
  {0x04E9, 852, 2},
  {0x04EA, 854, 2},
  {0x04EB, 854, 2},
  {0x04EC, 856, 2},
  {0x04ED, 856, 2},
  {0x04EE, 858, 2},
  {0x04EF, 858, 2},
  {0x04F0, 860, 2},
  {0x04F1, 860, 2},
  {0x04F2, 862, 2},
  {0x04F3, 862, 2},
  {0x04F4, 864, 2},
  {0x04F5, 864, 2},
  {0x04F6, 866, 2},
  {0x04F7, 866, 2},
  {0x04F8, 868, 2},
  {0x04F9, 868, 2},
  {0x04FA, 870, 2},
  {0x04FB, 870, 2},
  {0x04FC, 872, 2},
  {0x04FD, 872, 2},
  {0x04FE, 874, 2},
  {0x04FF, 874, 2},
  {0x0500, 876, 2},
  {0x0501, 876, 2},
  {0x0502, 878, 2},
  {0x0503, 878, 2},
  {0x0504, 880, 2},
  {0x0505, 880, 2},
  {0x0506, 882, 2},
  {0x0507, 882, 2},
  {0x0508, 884, 2},
  {0x0509, 884, 2},
  {0x050A, 886, 2},
  {0x050B, 886, 2},
  {0x050C, 888, 2},
  {0x050D, 888, 2},
  {0x050E, 890, 2},
  {0x050F, 890, 2},
  {0x0510, 892, 2},
  {0x0511, 892, 2},
  {0x0512, 894, 2},
  {0x0513, 894, 2},
  {0x0514, 896, 2},
  {0x0515, 896, 2},
  {0x0516, 898, 2},
  {0x0517, 898, 2},
  {0x0518, 900, 2},
  {0x0519, 900, 2},
  {0x051A, 902, 2},
  {0x051B, 902, 2},
  {0x051C, 904, 2},
  {0x051D, 904, 2},
  {0x051E, 906, 2},
  {0x051F, 906, 2},
  {0x0520, 908, 2},
  {0x0521, 908, 2},
  {0x0522, 910, 2},
  {0x0523, 910, 2},
  {0x0524, 912, 2},
  {0x0525, 912, 2},
  {0x0526, 914, 2},
  {0x0527, 914, 2},
  {0x0528, 916, 2},
  {0x0529, 916, 2},
  {0x052A, 918, 2},
  {0x052B, 918, 2},
  {0x052C, 920, 2},
  {0x052D, 920, 2},
  {0x052E, 922, 2},
  {0x052F, 922, 2},
  {0x0531, 924, 2},
  {0x0532, 926, 2},
  {0x0533, 928, 2},
  {0x0534, 930, 2},
  {0x0535, 932, 2},
  {0x0536, 934, 2},
  {0x0537, 936, 2},
  {0x0538, 938, 2},
  {0x0539, 940, 2},
  {0x053A, 942, 2},
  {0x053B, 944, 2},
  {0x053C, 946, 2},
  {0x053D, 948, 2},
  {0x053E, 950, 2},
  {0x053F, 952, 2},
  {0x0540, 954, 2},
  {0x0541, 956, 2},
  {0x0542, 958, 2},
  {0x0543, 960, 2},
  {0x0544, 962, 2},
  {0x0545, 964, 2},
  {0x0546, 966, 2},
  {0x0547, 968, 2},
  {0x0548, 970, 2},
  {0x0549, 972, 2},
  {0x054A, 974, 2},
  {0x054B, 976, 2},
  {0x054C, 978, 2},
  {0x054D, 980, 2},
  {0x054E, 982, 2},
  {0x054F, 984, 2},
  {0x0550, 986, 2},
  {0x0551, 988, 2},
  {0x0552, 990, 2},
  {0x0553, 992, 2},
  {0x0554, 994, 2},
  {0x0555, 996, 2},
  {0x0556, 998, 2},
  {0x0561, 924, 2},
  {0x0562, 926, 2},
  {0x0563, 928, 2},
  {0x0564, 930, 2},
  {0x0565, 932, 2},
  {0x0566, 934, 2},
  {0x0567, 936, 2},
  {0x0568, 938, 2},
  {0x0569, 940, 2},
  {0x056A, 942, 2},
  {0x056B, 944, 2},
  {0x056C, 946, 2},
  {0x056D, 948, 2},
  {0x056E, 950, 2},
  {0x056F, 952, 2},
  {0x0570, 954, 2},
  {0x0571, 956, 2},
  {0x0572, 958, 2},
  {0x0573, 960, 2},
  {0x0574, 962, 2},
  {0x0575, 964, 2},
  {0x0576, 966, 2},
  {0x0577, 968, 2},
  {0x0578, 970, 2},
  {0x0579, 972, 2},
  {0x057A, 974, 2},
  {0x057B, 976, 2},
  {0x057C, 978, 2},
  {0x057D, 980, 2},
  {0x057E, 982, 2},
  {0x057F, 984, 2},
  {0x0580, 986, 2},
  {0x0581, 988, 2},
  {0x0582, 990, 2},
  {0x0583, 992, 2},
  {0x0584, 994, 2},
  {0x0585, 996, 2},
  {0x0586, 998, 2},
  {0x10A0, 1000, 2},
  {0x10A1, 1002, 2},
  {0x10A2, 1004, 2},
  {0x10A3, 1006, 2},
  {0x10A4, 1008, 2},
  {0x10A5, 1010, 2},
  {0x10A6, 1012, 2},
  {0x10A7, 1014, 2},
  {0x10A8, 1016, 2},
  {0x10A9, 1018, 2},
  {0x10AA, 1020, 2},
  {0x10AB, 1022, 2},
  {0x10AC, 1024, 2},
  {0x10AD, 1026, 2},
  {0x10AE, 1028, 2},
  {0x10AF, 1030, 2},
  {0x10B0, 1032, 2},
  {0x10B1, 1034, 2},
  {0x10B2, 1036, 2},
  {0x10B3, 1038, 2},
  {0x10B4, 1040, 2},
  {0x10B5, 1042, 2},
  {0x10B6, 1044, 2},
  {0x10B7, 1046, 2},
  {0x10B8, 1048, 2},
  {0x10B9, 1050, 2},
  {0x10BA, 1052, 2},
  {0x10BB, 1054, 2},
  {0x10BC, 1056, 2},
  {0x10BD, 1058, 2},
  {0x10BE, 1060, 2},
  {0x10BF, 1062, 2},
  {0x10C0, 1064, 2},
  {0x10C1, 1066, 2},
  {0x10C2, 1068, 2},
  {0x10C3, 1070, 2},
  {0x10C4, 1072, 2},
  {0x10C5, 1074, 2},
  {0x10C7, 1076, 2},
  {0x10CD, 1078, 2},
  {0x10D0, 1080, 2},
  {0x10D1, 1082, 2},
  {0x10D2, 1084, 2},
  {0x10D3, 1086, 2},
  {0x10D4, 1088, 2},
  {0x10D5, 1090, 2},
  {0x10D6, 1092, 2},
  {0x10D7, 1094, 2},
  {0x10D8, 1096, 2},
  {0x10D9, 1098, 2},
  {0x10DA, 1100, 2},
  {0x10DB, 1102, 2},
  {0x10DC, 1104, 2},
  {0x10DD, 1106, 2},
  {0x10DE, 1108, 2},
  {0x10DF, 1110, 2},
  {0x10E0, 1112, 2},
  {0x10E1, 1114, 2},
  {0x10E2, 1116, 2},
  {0x10E3, 1118, 2},
  {0x10E4, 1120, 2},
  {0x10E5, 1122, 2},
  {0x10E6, 1124, 2},
  {0x10E7, 1126, 2},
  {0x10E8, 1128, 2},
  {0x10E9, 1130, 2},
  {0x10EA, 1132, 2},
  {0x10EB, 1134, 2},
  {0x10EC, 1136, 2},
  {0x10ED, 1138, 2},
  {0x10EE, 1140, 2},
  {0x10EF, 1142, 2},
  {0x10F0, 1144, 2},
  {0x10F1, 1146, 2},
  {0x10F2, 1148, 2},
  {0x10F3, 1150, 2},
  {0x10F4, 1152, 2},
  {0x10F5, 1154, 2},
  {0x10F6, 1156, 2},
  {0x10F7, 1158, 2},
  {0x10F8, 1160, 2},
  {0x10F9, 1162, 2},
  {0x10FA, 1164, 2},
  {0x10FD, 1166, 2},
  {0x10FE, 1168, 2},
  {0x10FF, 1170, 2},
  {0x13A0, 1172, 2},
  {0x13A1, 1174, 2},
  {0x13A2, 1176, 2},
  {0x13A3, 1178, 2},
  {0x13A4, 1180, 2},
  {0x13A5, 1182, 2},
  {0x13A6, 1184, 2},
  {0x13A7, 1186, 2},
  {0x13A8, 1188, 2},
  {0x13A9, 1190, 2},
  {0x13AA, 1192, 2},
  {0x13AB, 1194, 2},
  {0x13AC, 1196, 2},
  {0x13AD, 1198, 2},
  {0x13AE, 1200, 2},
  {0x13AF, 1202, 2},
  {0x13B0, 1204, 2},
  {0x13B1, 1206, 2},
  {0x13B2, 1208, 2},
  {0x13B3, 1210, 2},
  {0x13B4, 1212, 2},
  {0x13B5, 1214, 2},
  {0x13B6, 1216, 2},
  {0x13B7, 1218, 2},
  {0x13B8, 1220, 2},
  {0x13B9, 1222, 2},
  {0x13BA, 1224, 2},
  {0x13BB, 1226, 2},
  {0x13BC, 1228, 2},
  {0x13BD, 1230, 2},
  {0x13BE, 1232, 2},
  {0x13BF, 1234, 2},
  {0x13C0, 1236, 2},
  {0x13C1, 1238, 2},
  {0x13C2, 1240, 2},
  {0x13C3, 1242, 2},
  {0x13C4, 1244, 2},
  {0x13C5, 1246, 2},
  {0x13C6, 1248, 2},
  {0x13C7, 1250, 2},
  {0x13C8, 1252, 2},
  {0x13C9, 1254, 2},
  {0x13CA, 1256, 2},
  {0x13CB, 1258, 2},
  {0x13CC, 1260, 2},
  {0x13CD, 1262, 2},
  {0x13CE, 1264, 2},
  {0x13CF, 1266, 2},
  {0x13D0, 1268, 2},
  {0x13D1, 1270, 2},
  {0x13D2, 1272, 2},
  {0x13D3, 1274, 2},
  {0x13D4, 1276, 2},
  {0x13D5, 1278, 2},
  {0x13D6, 1280, 2},
  {0x13D7, 1282, 2},
  {0x13D8, 1284, 2},
  {0x13D9, 1286, 2},
  {0x13DA, 1288, 2},
  {0x13DB, 1290, 2},
  {0x13DC, 1292, 2},
  {0x13DD, 1294, 2},
  {0x13DE, 1296, 2},
  {0x13DF, 1298, 2},
  {0x13E0, 1300, 2},
  {0x13E1, 1302, 2},
  {0x13E2, 1304, 2},
  {0x13E3, 1306, 2},
  {0x13E4, 1308, 2},
  {0x13E5, 1310, 2},
  {0x13E6, 1312, 2},
  {0x13E7, 1314, 2},
  {0x13E8, 1316, 2},
  {0x13E9, 1318, 2},
  {0x13EA, 1320, 2},
  {0x13EB, 1322, 2},
  {0x13EC, 1324, 2},
  {0x13ED, 1326, 2},
  {0x13EE, 1328, 2},
  {0x13EF, 1330, 2},
  {0x13F0, 1332, 2},
  {0x13F1, 1334, 2},
  {0x13F2, 1336, 2},
  {0x13F3, 1338, 2},
  {0x13F4, 1340, 2},
  {0x13F5, 1342, 2},
  {0x13F8, 1332, 2},
  {0x13F9, 1334, 2},
  {0x13FA, 1336, 2},
  {0x13FB, 1338, 2},
  {0x13FC, 1340, 2},
  {0x13FD, 1342, 2},
  {0x1C80, 656, 3},
  {0x1C81, 661, 3},
  {0x1C82, 682, 3},
  {0x1C83, 689, 3},
  {0x1C84, 692, 4},
  {0x1C85, 692, 4},
  {0x1C86, 710, 3},
  {0x1C87, 725, 3},
  {0x1C88, 1344, 3},
  {0x1C89, 1347, 2},
  {0x1C8A, 1347, 2},
  {0x1C90, 1080, 2},
  {0x1C91, 1082, 2},
  {0x1C92, 1084, 2},
  {0x1C93, 1086, 2},
  {0x1C94, 1088, 2},
  {0x1C95, 1090, 2},
  {0x1C96, 1092, 2},
  {0x1C97, 1094, 2},
  {0x1C98, 1096, 2},
  {0x1C99, 1098, 2},
  {0x1C9A, 1100, 2},
  {0x1C9B, 1102, 2},
  {0x1C9C, 1104, 2},
  {0x1C9D, 1106, 2},
  {0x1C9E, 1108, 2},
  {0x1C9F, 1110, 2},
  {0x1CA0, 1112, 2},
  {0x1CA1, 1114, 2},
  {0x1CA2, 1116, 2},
  {0x1CA3, 1118, 2},
  {0x1CA4, 1120, 2},
  {0x1CA5, 1122, 2},
  {0x1CA6, 1124, 2},
  {0x1CA7, 1126, 2},
  {0x1CA8, 1128, 2},
  {0x1CA9, 1130, 2},
  {0x1CAA, 1132, 2},
  {0x1CAB, 1134, 2},
  {0x1CAC, 1136, 2},
  {0x1CAD, 1138, 2},
  {0x1CAE, 1140, 2},
  {0x1CAF, 1142, 2},
  {0x1CB0, 1144, 2},
  {0x1CB1, 1146, 2},
  {0x1CB2, 1148, 2},
  {0x1CB3, 1150, 2},
  {0x1CB4, 1152, 2},
  {0x1CB5, 1154, 2},
  {0x1CB6, 1156, 2},
  {0x1CB7, 1158, 2},
  {0x1CB8, 1160, 2},
  {0x1CB9, 1162, 2},
  {0x1CBA, 1164, 2},
  {0x1CBD, 1166, 2},
  {0x1CBE, 1168, 2},
  {0x1CBF, 1170, 2},
  {0x1D79, 1349, 2},
  {0x1D7D, 1351, 2},
  {0x1D8E, 1353, 2},
  {0x1E00, 1355, 2},
  {0x1E01, 1355, 2},
  {0x1E02, 1357, 2},
  {0x1E03, 1357, 2},
  {0x1E04, 1359, 2},
  {0x1E05, 1359, 2},
  {0x1E06, 1361, 2},
  {0x1E07, 1361, 2},
  {0x1E08, 1363, 2},
  {0x1E09, 1363, 2},
  {0x1E0A, 1365, 2},
  {0x1E0B, 1365, 2},
  {0x1E0C, 1367, 2},
  {0x1E0D, 1367, 2},
  {0x1E0E, 1369, 2},
  {0x1E0F, 1369, 2},
  {0x1E10, 1371, 2},
  {0x1E11, 1371, 2},
  {0x1E12, 1373, 2},
  {0x1E13, 1373, 2},
  {0x1E14, 1375, 2},
  {0x1E15, 1375, 2},
  {0x1E16, 1377, 2},
  {0x1E17, 1377, 2},
  {0x1E18, 1379, 2},
  {0x1E19, 1379, 2},
  {0x1E1A, 1381, 2},
  {0x1E1B, 1381, 2},
  {0x1E1C, 1383, 2},
  {0x1E1D, 1383, 2},
  {0x1E1E, 1385, 2},
  {0x1E1F, 1385, 2},
  {0x1E20, 1387, 2},
  {0x1E21, 1387, 2},
  {0x1E22, 1389, 2},
  {0x1E23, 1389, 2},
  {0x1E24, 1391, 2},
  {0x1E25, 1391, 2},
  {0x1E26, 1393, 2},
  {0x1E27, 1393, 2},
  {0x1E28, 1395, 2},
  {0x1E29, 1395, 2},
  {0x1E2A, 1397, 2},
  {0x1E2B, 1397, 2},
  {0x1E2C, 1399, 2},
  {0x1E2D, 1399, 2},
  {0x1E2E, 1401, 2},
  {0x1E2F, 1401, 2},
  {0x1E30, 1403, 2},
  {0x1E31, 1403, 2},
  {0x1E32, 1405, 2},
  {0x1E33, 1405, 2},
  {0x1E34, 1407, 2},
  {0x1E35, 1407, 2},
  {0x1E36, 1409, 2},
  {0x1E37, 1409, 2},
  {0x1E38, 1411, 2},
  {0x1E39, 1411, 2},
  {0x1E3A, 1413, 2},
  {0x1E3B, 1413, 2},
  {0x1E3C, 1415, 2},
  {0x1E3D, 1415, 2},
  {0x1E3E, 1417, 2},
  {0x1E3F, 1417, 2},
  {0x1E40, 1419, 2},
  {0x1E41, 1419, 2},
  {0x1E42, 1421, 2},
  {0x1E43, 1421, 2},
  {0x1E44, 1423, 2},
  {0x1E45, 1423, 2},
  {0x1E46, 1425, 2},
  {0x1E47, 1425, 2},
  {0x1E48, 1427, 2},
  {0x1E49, 1427, 2},
  {0x1E4A, 1429, 2},
  {0x1E4B, 1429, 2},
  {0x1E4C, 1431, 2},
  {0x1E4D, 1431, 2},
  {0x1E4E, 1433, 2},
  {0x1E4F, 1433, 2},
  {0x1E50, 1435, 2},
  {0x1E51, 1435, 2},
  {0x1E52, 1437, 2},
  {0x1E53, 1437, 2},
  {0x1E54, 1439, 2},
  {0x1E55, 1439, 2},
  {0x1E56, 1441, 2},
  {0x1E57, 1441, 2},
  {0x1E58, 1443, 2},
  {0x1E59, 1443, 2},
  {0x1E5A, 1445, 2},
  {0x1E5B, 1445, 2},
  {0x1E5C, 1447, 2},
  {0x1E5D, 1447, 2},
  {0x1E5E, 1449, 2},
  {0x1E5F, 1449, 2},
  {0x1E60, 1451, 3},
  {0x1E61, 1451, 3},
  {0x1E62, 1454, 2},
  {0x1E63, 1454, 2},
  {0x1E64, 1456, 2},
  {0x1E65, 1456, 2},
  {0x1E66, 1458, 2},
  {0x1E67, 1458, 2},
  {0x1E68, 1460, 2},
  {0x1E69, 1460, 2},
  {0x1E6A, 1462, 2},
  {0x1E6B, 1462, 2},
  {0x1E6C, 1464, 2},
  {0x1E6D, 1464, 2},
  {0x1E6E, 1466, 2},
  {0x1E6F, 1466, 2},
  {0x1E70, 1468, 2},
  {0x1E71, 1468, 2},
  {0x1E72, 1470, 2},
  {0x1E73, 1470, 2},
  {0x1E74, 1472, 2},
  {0x1E75, 1472, 2},
  {0x1E76, 1474, 2},
  {0x1E77, 1474, 2},
  {0x1E78, 1476, 2},
  {0x1E79, 1476, 2},
  {0x1E7A, 1478, 2},
  {0x1E7B, 1478, 2},
  {0x1E7C, 1480, 2},
  {0x1E7D, 1480, 2},
  {0x1E7E, 1482, 2},
  {0x1E7F, 1482, 2},
  {0x1E80, 1484, 2},
  {0x1E81, 1484, 2},
  {0x1E82, 1486, 2},
  {0x1E83, 1486, 2},
  {0x1E84, 1488, 2},
  {0x1E85, 1488, 2},
  {0x1E86, 1490, 2},
  {0x1E87, 1490, 2},
  {0x1E88, 1492, 2},
  {0x1E89, 1492, 2},
  {0x1E8A, 1494, 2},
  {0x1E8B, 1494, 2},
  {0x1E8C, 1496, 2},
  {0x1E8D, 1496, 2},
  {0x1E8E, 1498, 2},
  {0x1E8F, 1498, 2},
  {0x1E90, 1500, 2},
  {0x1E91, 1500, 2},
  {0x1E92, 1502, 2},
  {0x1E93, 1502, 2},
  {0x1E94, 1504, 2},
  {0x1E95, 1504, 2},
  {0x1E9B, 1451, 3},
  {0x1E9E, 118, 2},
  {0x1EA0, 1506, 2},
  {0x1EA1, 1506, 2},
  {0x1EA2, 1508, 2},
  {0x1EA3, 1508, 2},
  {0x1EA4, 1510, 2},
  {0x1EA5, 1510, 2},
  {0x1EA6, 1512, 2},
  {0x1EA7, 1512, 2},
  {0x1EA8, 1514, 2},
  {0x1EA9, 1514, 2},
  {0x1EAA, 1516, 2},
  {0x1EAB, 1516, 2},
  {0x1EAC, 1518, 2},
  {0x1EAD, 1518, 2},
  {0x1EAE, 1520, 2},
  {0x1EAF, 1520, 2},
  {0x1EB0, 1522, 2},
  {0x1EB1, 1522, 2},
  {0x1EB2, 1524, 2},
  {0x1EB3, 1524, 2},
  {0x1EB4, 1526, 2},
  {0x1EB5, 1526, 2},
  {0x1EB6, 1528, 2},
  {0x1EB7, 1528, 2},
  {0x1EB8, 1530, 2},
  {0x1EB9, 1530, 2},
  {0x1EBA, 1532, 2},
  {0x1EBB, 1532, 2},
  {0x1EBC, 1534, 2},
  {0x1EBD, 1534, 2},
  {0x1EBE, 1536, 2},
  {0x1EBF, 1536, 2},
  {0x1EC0, 1538, 2},
  {0x1EC1, 1538, 2},
  {0x1EC2, 1540, 2},
  {0x1EC3, 1540, 2},
  {0x1EC4, 1542, 2},
  {0x1EC5, 1542, 2},
  {0x1EC6, 1544, 2},
  {0x1EC7, 1544, 2},
  {0x1EC8, 1546, 2},
  {0x1EC9, 1546, 2},
  {0x1ECA, 1548, 2},
  {0x1ECB, 1548, 2},
  {0x1ECC, 1550, 2},
  {0x1ECD, 1550, 2},
  {0x1ECE, 1552, 2},
  {0x1ECF, 1552, 2},
  {0x1ED0, 1554, 2},
  {0x1ED1, 1554, 2},
  {0x1ED2, 1556, 2},
  {0x1ED3, 1556, 2},
  {0x1ED4, 1558, 2},
  {0x1ED5, 1558, 2},
  {0x1ED6, 1560, 2},
  {0x1ED7, 1560, 2},
  {0x1ED8, 1562, 2},
  {0x1ED9, 1562, 2},
  {0x1EDA, 1564, 2},
  {0x1EDB, 1564, 2},
  {0x1EDC, 1566, 2},
  {0x1EDD, 1566, 2},
  {0x1EDE, 1568, 2},
  {0x1EDF, 1568, 2},
  {0x1EE0, 1570, 2},
  {0x1EE1, 1570, 2},
  {0x1EE2, 1572, 2},
  {0x1EE3, 1572, 2},
  {0x1EE4, 1574, 2},
  {0x1EE5, 1574, 2},
  {0x1EE6, 1576, 2},
  {0x1EE7, 1576, 2},
  {0x1EE8, 1578, 2},
  {0x1EE9, 1578, 2},
  {0x1EEA, 1580, 2},
  {0x1EEB, 1580, 2},
  {0x1EEC, 1582, 2},
  {0x1EED, 1582, 2},
  {0x1EEE, 1584, 2},
  {0x1EEF, 1584, 2},
  {0x1EF0, 1586, 2},
  {0x1EF1, 1586, 2},
  {0x1EF2, 1588, 2},
  {0x1EF3, 1588, 2},
  {0x1EF4, 1590, 2},
  {0x1EF5, 1590, 2},
  {0x1EF6, 1592, 2},
  {0x1EF7, 1592, 2},
  {0x1EF8, 1594, 2},
  {0x1EF9, 1594, 2},
  {0x1EFA, 1596, 2},
  {0x1EFB, 1596, 2},
  {0x1EFC, 1598, 2},
  {0x1EFD, 1598, 2},
  {0x1EFE, 1600, 2},
  {0x1EFF, 1600, 2},
  {0x1F00, 1602, 2},
  {0x1F01, 1604, 2},
  {0x1F02, 1606, 2},
  {0x1F03, 1608, 2},
  {0x1F04, 1610, 2},
  {0x1F05, 1612, 2},
  {0x1F06, 1614, 2},
  {0x1F07, 1616, 2},
  {0x1F08, 1602, 2},
  {0x1F09, 1604, 2},
  {0x1F0A, 1606, 2},
  {0x1F0B, 1608, 2},
  {0x1F0C, 1610, 2},
  {0x1F0D, 1612, 2},
  {0x1F0E, 1614, 2},
  {0x1F0F, 1616, 2},
  {0x1F10, 1618, 2},
  {0x1F11, 1620, 2},
  {0x1F12, 1622, 2},
  {0x1F13, 1624, 2},
  {0x1F14, 1626, 2},
  {0x1F15, 1628, 2},
  {0x1F18, 1618, 2},
  {0x1F19, 1620, 2},
  {0x1F1A, 1622, 2},
  {0x1F1B, 1624, 2},
  {0x1F1C, 1626, 2},
  {0x1F1D, 1628, 2},
  {0x1F20, 1630, 2},
  {0x1F21, 1632, 2},
  {0x1F22, 1634, 2},
  {0x1F23, 1636, 2},
  {0x1F24, 1638, 2},
  {0x1F25, 1640, 2},
  {0x1F26, 1642, 2},
  {0x1F27, 1644, 2},
  {0x1F28, 1630, 2},
  {0x1F29, 1632, 2},
  {0x1F2A, 1634, 2},
  {0x1F2B, 1636, 2},
  {0x1F2C, 1638, 2},
  {0x1F2D, 1640, 2},
  {0x1F2E, 1642, 2},
  {0x1F2F, 1644, 2},
  {0x1F30, 1646, 2},
  {0x1F31, 1648, 2},
  {0x1F32, 1650, 2},
  {0x1F33, 1652, 2},
  {0x1F34, 1654, 2},
  {0x1F35, 1656, 2},
  {0x1F36, 1658, 2},
  {0x1F37, 1660, 2},
  {0x1F38, 1646, 2},
  {0x1F39, 1648, 2},
  {0x1F3A, 1650, 2},
  {0x1F3B, 1652, 2},
  {0x1F3C, 1654, 2},
  {0x1F3D, 1656, 2},
  {0x1F3E, 1658, 2},
  {0x1F3F, 1660, 2},
  {0x1F40, 1662, 2},
  {0x1F41, 1664, 2},
  {0x1F42, 1666, 2},
  {0x1F43, 1668, 2},
  {0x1F44, 1670, 2},
  {0x1F45, 1672, 2},
  {0x1F48, 1662, 2},
  {0x1F49, 1664, 2},
  {0x1F4A, 1666, 2},
  {0x1F4B, 1668, 2},
  {0x1F4C, 1670, 2},
  {0x1F4D, 1672, 2},
  {0x1F51, 1674, 2},
  {0x1F53, 1676, 2},
  {0x1F55, 1678, 2},
  {0x1F57, 1680, 2},
  {0x1F59, 1674, 2},
  {0x1F5B, 1676, 2},
  {0x1F5D, 1678, 2},
  {0x1F5F, 1680, 2},
  {0x1F60, 1682, 2},
  {0x1F61, 1684, 2},
  {0x1F62, 1686, 2},
  {0x1F63, 1688, 2},
  {0x1F64, 1690, 2},
  {0x1F65, 1692, 2},
  {0x1F66, 1694, 2},
  {0x1F67, 1696, 2},
  {0x1F68, 1682, 2},
  {0x1F69, 1684, 2},
  {0x1F6A, 1686, 2},
  {0x1F6B, 1688, 2},
  {0x1F6C, 1690, 2},
  {0x1F6D, 1692, 2},
  {0x1F6E, 1694, 2},
  {0x1F6F, 1696, 2},
  {0x1F70, 1698, 2},
  {0x1F71, 1700, 2},
  {0x1F72, 1702, 2},
  {0x1F73, 1704, 2},
  {0x1F74, 1706, 2},
  {0x1F75, 1708, 2},
  {0x1F76, 1710, 2},
  {0x1F77, 1712, 2},
  {0x1F78, 1714, 2},
  {0x1F79, 1716, 2},
  {0x1F7A, 1718, 2},
  {0x1F7B, 1720, 2},
  {0x1F7C, 1722, 2},
  {0x1F7D, 1724, 2},
  {0x1F80, 1726, 2},
  {0x1F81, 1728, 2},
  {0x1F82, 1730, 2},
  {0x1F83, 1732, 2},
  {0x1F84, 1734, 2},
  {0x1F85, 1736, 2},
  {0x1F86, 1738, 2},
  {0x1F87, 1740, 2},
  {0x1F88, 1726, 2},
  {0x1F89, 1728, 2},
  {0x1F8A, 1730, 2},
  {0x1F8B, 1732, 2},
  {0x1F8C, 1734, 2},
  {0x1F8D, 1736, 2},
  {0x1F8E, 1738, 2},
  {0x1F8F, 1740, 2},
  {0x1F90, 1742, 2},
  {0x1F91, 1744, 2},
  {0x1F92, 1746, 2},
  {0x1F93, 1748, 2},
  {0x1F94, 1750, 2},
  {0x1F95, 1752, 2},
  {0x1F96, 1754, 2},
  {0x1F97, 1756, 2},
  {0x1F98, 1742, 2},
  {0x1F99, 1744, 2},
  {0x1F9A, 1746, 2},
  {0x1F9B, 1748, 2},
  {0x1F9C, 1750, 2},
  {0x1F9D, 1752, 2},
  {0x1F9E, 1754, 2},
  {0x1F9F, 1756, 2},
  {0x1FA0, 1758, 2},
  {0x1FA1, 1760, 2},
  {0x1FA2, 1762, 2},
  {0x1FA3, 1764, 2},
  {0x1FA4, 1766, 2},
  {0x1FA5, 1768, 2},
  {0x1FA6, 1770, 2},
  {0x1FA7, 1772, 2},
  {0x1FA8, 1758, 2},
  {0x1FA9, 1760, 2},
  {0x1FAA, 1762, 2},
  {0x1FAB, 1764, 2},
  {0x1FAC, 1766, 2},
  {0x1FAD, 1768, 2},
  {0x1FAE, 1770, 2},
  {0x1FAF, 1772, 2},
  {0x1FB0, 1774, 2},
  {0x1FB1, 1776, 2},
  {0x1FB3, 1778, 2},
  {0x1FB8, 1774, 2},
  {0x1FB9, 1776, 2},
  {0x1FBA, 1698, 2},
  {0x1FBB, 1700, 2},
  {0x1FBC, 1778, 2},
  {0x1FBE, 494, 4},
  {0x1FC3, 1780, 2},
  {0x1FC8, 1702, 2},
  {0x1FC9, 1704, 2},
  {0x1FCA, 1706, 2},
  {0x1FCB, 1708, 2},
  {0x1FCC, 1780, 2},
  {0x1FD0, 1782, 2},
  {0x1FD1, 1784, 2},
  {0x1FD3, 526, 2},
  {0x1FD8, 1782, 2},
  {0x1FD9, 1784, 2},
  {0x1FDA, 1710, 2},
  {0x1FDB, 1712, 2},
  {0x1FE0, 1786, 2},
  {0x1FE1, 1788, 2},
  {0x1FE3, 586, 2},
  {0x1FE5, 1790, 2},
  {0x1FE8, 1786, 2},
  {0x1FE9, 1788, 2},
  {0x1FEA, 1718, 2},
  {0x1FEB, 1720, 2},
  {0x1FEC, 1790, 2},
  {0x1FF3, 1792, 2},
  {0x1FF8, 1714, 2},
  {0x1FF9, 1716, 2},
  {0x1FFA, 1722, 2},
  {0x1FFB, 1724, 2},
  {0x1FFC, 1792, 2},
  {0x2126, 579, 3},
  {0x212A, 20, 3},
  {0x212B, 67, 3},
  {0x2132, 1794, 2},
  {0x214E, 1794, 2},
  {0x2160, 1796, 2},
  {0x2161, 1798, 2},
  {0x2162, 1800, 2},
  {0x2163, 1802, 2},
  {0x2164, 1804, 2},
  {0x2165, 1806, 2},
  {0x2166, 1808, 2},
  {0x2167, 1810, 2},
  {0x2168, 1812, 2},
  {0x2169, 1814, 2},
  {0x216A, 1816, 2},
  {0x216B, 1818, 2},
  {0x216C, 1820, 2},
  {0x216D, 1822, 2},
  {0x216E, 1824, 2},
  {0x216F, 1826, 2},
  {0x2170, 1796, 2},
  {0x2171, 1798, 2},
  {0x2172, 1800, 2},
  {0x2173, 1802, 2},
  {0x2174, 1804, 2},
  {0x2175, 1806, 2},
  {0x2176, 1808, 2},
  {0x2177, 1810, 2},
  {0x2178, 1812, 2},
  {0x2179, 1814, 2},
  {0x217A, 1816, 2},
  {0x217B, 1818, 2},
  {0x217C, 1820, 2},
  {0x217D, 1822, 2},
  {0x217E, 1824, 2},
  {0x217F, 1826, 2},
  {0x2183, 1828, 2},
  {0x2184, 1828, 2},
  {0x24B6, 1830, 2},
  {0x24B7, 1832, 2},
  {0x24B8, 1834, 2},
  {0x24B9, 1836, 2},
  {0x24BA, 1838, 2},
  {0x24BB, 1840, 2},
  {0x24BC, 1842, 2},
  {0x24BD, 1844, 2},
  {0x24BE, 1846, 2},
  {0x24BF, 1848, 2},
  {0x24C0, 1850, 2},
  {0x24C1, 1852, 2},
  {0x24C2, 1854, 2},
  {0x24C3, 1856, 2},
  {0x24C4, 1858, 2},
  {0x24C5, 1860, 2},
  {0x24C6, 1862, 2},
  {0x24C7, 1864, 2},
  {0x24C8, 1866, 2},
  {0x24C9, 1868, 2},
  {0x24CA, 1870, 2},
  {0x24CB, 1872, 2},
  {0x24CC, 1874, 2},
  {0x24CD, 1876, 2},
  {0x24CE, 1878, 2},
  {0x24CF, 1880, 2},
  {0x24D0, 1830, 2},
  {0x24D1, 1832, 2},
  {0x24D2, 1834, 2},
  {0x24D3, 1836, 2},
  {0x24D4, 1838, 2},
  {0x24D5, 1840, 2},
  {0x24D6, 1842, 2},
  {0x24D7, 1844, 2},
  {0x24D8, 1846, 2},
  {0x24D9, 1848, 2},
  {0x24DA, 1850, 2},
  {0x24DB, 1852, 2},
  {0x24DC, 1854, 2},
  {0x24DD, 1856, 2},
  {0x24DE, 1858, 2},
  {0x24DF, 1860, 2},
  {0x24E0, 1862, 2},
  {0x24E1, 1864, 2},
  {0x24E2, 1866, 2},
  {0x24E3, 1868, 2},
  {0x24E4, 1870, 2},
  {0x24E5, 1872, 2},
  {0x24E6, 1874, 2},
  {0x24E7, 1876, 2},
  {0x24E8, 1878, 2},
  {0x24E9, 1880, 2},
  {0x2C00, 1882, 2},
  {0x2C01, 1884, 2},
  {0x2C02, 1886, 2},
  {0x2C03, 1888, 2},
  {0x2C04, 1890, 2},
  {0x2C05, 1892, 2},
  {0x2C06, 1894, 2},
  {0x2C07, 1896, 2},
  {0x2C08, 1898, 2},
  {0x2C09, 1900, 2},
  {0x2C0A, 1902, 2},
  {0x2C0B, 1904, 2},
  {0x2C0C, 1906, 2},
  {0x2C0D, 1908, 2},
  {0x2C0E, 1910, 2},
  {0x2C0F, 1912, 2},
  {0x2C10, 1914, 2},
  {0x2C11, 1916, 2},
  {0x2C12, 1918, 2},
  {0x2C13, 1920, 2},
  {0x2C14, 1922, 2},
  {0x2C15, 1924, 2},
  {0x2C16, 1926, 2},
  {0x2C17, 1928, 2},
  {0x2C18, 1930, 2},
  {0x2C19, 1932, 2},
  {0x2C1A, 1934, 2},
  {0x2C1B, 1936, 2},
  {0x2C1C, 1938, 2},
  {0x2C1D, 1940, 2},
  {0x2C1E, 1942, 2},
  {0x2C1F, 1944, 2},
  {0x2C20, 1946, 2},
  {0x2C21, 1948, 2},
  {0x2C22, 1950, 2},
  {0x2C23, 1952, 2},
  {0x2C24, 1954, 2},
  {0x2C25, 1956, 2},
  {0x2C26, 1958, 2},
  {0x2C27, 1960, 2},
  {0x2C28, 1962, 2},
  {0x2C29, 1964, 2},
  {0x2C2A, 1966, 2},
  {0x2C2B, 1968, 2},
  {0x2C2C, 1970, 2},
  {0x2C2D, 1972, 2},
  {0x2C2E, 1974, 2},
  {0x2C2F, 1976, 2},
  {0x2C30, 1882, 2},
  {0x2C31, 1884, 2},
  {0x2C32, 1886, 2},
  {0x2C33, 1888, 2},
  {0x2C34, 1890, 2},
  {0x2C35, 1892, 2},
  {0x2C36, 1894, 2},
  {0x2C37, 1896, 2},
  {0x2C38, 1898, 2},
  {0x2C39, 1900, 2},
  {0x2C3A, 1902, 2},
  {0x2C3B, 1904, 2},
  {0x2C3C, 1906, 2},
  {0x2C3D, 1908, 2},
  {0x2C3E, 1910, 2},
  {0x2C3F, 1912, 2},
  {0x2C40, 1914, 2},
  {0x2C41, 1916, 2},
  {0x2C42, 1918, 2},
  {0x2C43, 1920, 2},
  {0x2C44, 1922, 2},
  {0x2C45, 1924, 2},
  {0x2C46, 1926, 2},
  {0x2C47, 1928, 2},
  {0x2C48, 1930, 2},
  {0x2C49, 1932, 2},
  {0x2C4A, 1934, 2},
  {0x2C4B, 1936, 2},
  {0x2C4C, 1938, 2},
  {0x2C4D, 1940, 2},
  {0x2C4E, 1942, 2},
  {0x2C4F, 1944, 2},
  {0x2C50, 1946, 2},
  {0x2C51, 1948, 2},
  {0x2C52, 1950, 2},
  {0x2C53, 1952, 2},
  {0x2C54, 1954, 2},
  {0x2C55, 1956, 2},
  {0x2C56, 1958, 2},
  {0x2C57, 1960, 2},
  {0x2C58, 1962, 2},
  {0x2C59, 1964, 2},
  {0x2C5A, 1966, 2},
  {0x2C5B, 1968, 2},
  {0x2C5C, 1970, 2},
  {0x2C5D, 1972, 2},
  {0x2C5E, 1974, 2},
  {0x2C5F, 1976, 2},
  {0x2C60, 1978, 2},
  {0x2C61, 1978, 2},
  {0x2C62, 478, 2},
  {0x2C63, 1351, 2},
  {0x2C64, 484, 2},
  {0x2C65, 434, 2},
  {0x2C66, 438, 2},
  {0x2C67, 1980, 2},
  {0x2C68, 1980, 2},
  {0x2C69, 1982, 2},
  {0x2C6A, 1982, 2},
  {0x2C6B, 1984, 2},
  {0x2C6C, 1984, 2},
  {0x2C6D, 462, 2},
  {0x2C6E, 482, 2},
  {0x2C6F, 460, 2},
  {0x2C70, 464, 2},
  {0x2C72, 1986, 2},
  {0x2C73, 1986, 2},
  {0x2C75, 1988, 2},
  {0x2C76, 1988, 2},
  {0x2C7E, 440, 2},
  {0x2C7F, 442, 2},
  {0x2C80, 1990, 2},
  {0x2C81, 1990, 2},
  {0x2C82, 1992, 2},
  {0x2C83, 1992, 2},
  {0x2C84, 1994, 2},
  {0x2C85, 1994, 2},
  {0x2C86, 1996, 2},
  {0x2C87, 1996, 2},
  {0x2C88, 1998, 2},
  {0x2C89, 1998, 2},
  {0x2C8A, 2000, 2},
  {0x2C8B, 2000, 2},
  {0x2C8C, 2002, 2},
  {0x2C8D, 2002, 2},
  {0x2C8E, 2004, 2},
  {0x2C8F, 2004, 2},
  {0x2C90, 2006, 2},
  {0x2C91, 2006, 2},
  {0x2C92, 2008, 2},
  {0x2C93, 2008, 2},
  {0x2C94, 2010, 2},
  {0x2C95, 2010, 2},
  {0x2C96, 2012, 2},
  {0x2C97, 2012, 2},
  {0x2C98, 2014, 2},
  {0x2C99, 2014, 2},
  {0x2C9A, 2016, 2},
  {0x2C9B, 2016, 2},
  {0x2C9C, 2018, 2},
  {0x2C9D, 2018, 2},
  {0x2C9E, 2020, 2},
  {0x2C9F, 2020, 2},
  {0x2CA0, 2022, 2},
  {0x2CA1, 2022, 2},
  {0x2CA2, 2024, 2},
  {0x2CA3, 2024, 2},
  {0x2CA4, 2026, 2},
  {0x2CA5, 2026, 2},
  {0x2CA6, 2028, 2},
  {0x2CA7, 2028, 2},
  {0x2CA8, 2030, 2},
  {0x2CA9, 2030, 2},
  {0x2CAA, 2032, 2},
  {0x2CAB, 2032, 2},
  {0x2CAC, 2034, 2},
  {0x2CAD, 2034, 2},
  {0x2CAE, 2036, 2},
  {0x2CAF, 2036, 2},
  {0x2CB0, 2038, 2},
  {0x2CB1, 2038, 2},
  {0x2CB2, 2040, 2},
  {0x2CB3, 2040, 2},
  {0x2CB4, 2042, 2},
  {0x2CB5, 2042, 2},
  {0x2CB6, 2044, 2},
  {0x2CB7, 2044, 2},
  {0x2CB8, 2046, 2},
  {0x2CB9, 2046, 2},
  {0x2CBA, 2048, 2},
  {0x2CBB, 2048, 2},
  {0x2CBC, 2050, 2},
  {0x2CBD, 2050, 2},
  {0x2CBE, 2052, 2},
  {0x2CBF, 2052, 2},
  {0x2CC0, 2054, 2},
  {0x2CC1, 2054, 2},
  {0x2CC2, 2056, 2},
  {0x2CC3, 2056, 2},
  {0x2CC4, 2058, 2},
  {0x2CC5, 2058, 2},
  {0x2CC6, 2060, 2},
  {0x2CC7, 2060, 2},
  {0x2CC8, 2062, 2},
  {0x2CC9, 2062, 2},
  {0x2CCA, 2064, 2},
  {0x2CCB, 2064, 2},
  {0x2CCC, 2066, 2},
  {0x2CCD, 2066, 2},
  {0x2CCE, 2068, 2},
  {0x2CCF, 2068, 2},
  {0x2CD0, 2070, 2},
  {0x2CD1, 2070, 2},
  {0x2CD2, 2072, 2},
  {0x2CD3, 2072, 2},
  {0x2CD4, 2074, 2},
  {0x2CD5, 2074, 2},
  {0x2CD6, 2076, 2},
  {0x2CD7, 2076, 2},
  {0x2CD8, 2078, 2},
  {0x2CD9, 2078, 2},
  {0x2CDA, 2080, 2},
  {0x2CDB, 2080, 2},
  {0x2CDC, 2082, 2},
  {0x2CDD, 2082, 2},
  {0x2CDE, 2084, 2},
  {0x2CDF, 2084, 2},
  {0x2CE0, 2086, 2},
  {0x2CE1, 2086, 2},
  {0x2CE2, 2088, 2},
  {0x2CE3, 2088, 2},
  {0x2CEB, 2090, 2},
  {0x2CEC, 2090, 2},
  {0x2CED, 2092, 2},
  {0x2CEE, 2092, 2},
  {0x2CF2, 2094, 2},
  {0x2CF3, 2094, 2},
  {0x2D00, 1000, 2},
  {0x2D01, 1002, 2},
  {0x2D02, 1004, 2},
  {0x2D03, 1006, 2},
  {0x2D04, 1008, 2},
  {0x2D05, 1010, 2},
  {0x2D06, 1012, 2},
  {0x2D07, 1014, 2},
  {0x2D08, 1016, 2},
  {0x2D09, 1018, 2},
  {0x2D0A, 1020, 2},
  {0x2D0B, 1022, 2},
  {0x2D0C, 1024, 2},
  {0x2D0D, 1026, 2},
  {0x2D0E, 1028, 2},
  {0x2D0F, 1030, 2},
  {0x2D10, 1032, 2},
  {0x2D11, 1034, 2},
  {0x2D12, 1036, 2},
  {0x2D13, 1038, 2},
  {0x2D14, 1040, 2},
  {0x2D15, 1042, 2},
  {0x2D16, 1044, 2},
  {0x2D17, 1046, 2},
  {0x2D18, 1048, 2},
  {0x2D19, 1050, 2},
  {0x2D1A, 1052, 2},
  {0x2D1B, 1054, 2},
  {0x2D1C, 1056, 2},
  {0x2D1D, 1058, 2},
  {0x2D1E, 1060, 2},
  {0x2D1F, 1062, 2},
  {0x2D20, 1064, 2},
  {0x2D21, 1066, 2},
  {0x2D22, 1068, 2},
  {0x2D23, 1070, 2},
  {0x2D24, 1072, 2},
  {0x2D25, 1074, 2},
  {0x2D27, 1076, 2},
  {0x2D2D, 1078, 2},
  {0xA640, 2096, 2},
  {0xA641, 2096, 2},
  {0xA642, 2098, 2},
  {0xA643, 2098, 2},
  {0xA644, 2100, 2},
  {0xA645, 2100, 2},
  {0xA646, 2102, 2},
  {0xA647, 2102, 2},
  {0xA648, 2104, 2},
  {0xA649, 2104, 2},
  {0xA64A, 1344, 3},
  {0xA64B, 1344, 3},
  {0xA64C, 2106, 2},
  {0xA64D, 2106, 2},
  {0xA64E, 2108, 2},
  {0xA64F, 2108, 2},
  {0xA650, 2110, 2},
  {0xA651, 2110, 2},
  {0xA652, 2112, 2},
  {0xA653, 2112, 2},
  {0xA654, 2114, 2},
  {0xA655, 2114, 2},
  {0xA656, 2116, 2},
  {0xA657, 2116, 2},
  {0xA658, 2118, 2},
  {0xA659, 2118, 2},
  {0xA65A, 2120, 2},
  {0xA65B, 2120, 2},
  {0xA65C, 2122, 2},
  {0xA65D, 2122, 2},
  {0xA65E, 2124, 2},
  {0xA65F, 2124, 2},
  {0xA660, 2126, 2},
  {0xA661, 2126, 2},
  {0xA662, 2128, 2},
  {0xA663, 2128, 2},
  {0xA664, 2130, 2},
  {0xA665, 2130, 2},
  {0xA666, 2132, 2},
  {0xA667, 2132, 2},
  {0xA668, 2134, 2},
  {0xA669, 2134, 2},
  {0xA66A, 2136, 2},
  {0xA66B, 2136, 2},
  {0xA66C, 2138, 2},
  {0xA66D, 2138, 2},
  {0xA680, 2140, 2},
  {0xA681, 2140, 2},
  {0xA682, 2142, 2},
  {0xA683, 2142, 2},
  {0xA684, 2144, 2},
  {0xA685, 2144, 2},
  {0xA686, 2146, 2},
  {0xA687, 2146, 2},
  {0xA688, 2148, 2},
  {0xA689, 2148, 2},
  {0xA68A, 2150, 2},
  {0xA68B, 2150, 2},
  {0xA68C, 2152, 2},
  {0xA68D, 2152, 2},
  {0xA68E, 2154, 2},
  {0xA68F, 2154, 2},
  {0xA690, 2156, 2},
  {0xA691, 2156, 2},
  {0xA692, 2158, 2},
  {0xA693, 2158, 2},
  {0xA694, 2160, 2},
  {0xA695, 2160, 2},
  {0xA696, 2162, 2},
  {0xA697, 2162, 2},
  {0xA698, 2164, 2},
  {0xA699, 2164, 2},
  {0xA69A, 2166, 2},
  {0xA69B, 2166, 2},
  {0xA722, 2168, 2},
  {0xA723, 2168, 2},
  {0xA724, 2170, 2},
  {0xA725, 2170, 2},
  {0xA726, 2172, 2},
  {0xA727, 2172, 2},
  {0xA728, 2174, 2},
  {0xA729, 2174, 2},
  {0xA72A, 2176, 2},
  {0xA72B, 2176, 2},
  {0xA72C, 2178, 2},
  {0xA72D, 2178, 2},
  {0xA72E, 2180, 2},
  {0xA72F, 2180, 2},
  {0xA732, 2182, 2},
  {0xA733, 2182, 2},
  {0xA734, 2184, 2},
  {0xA735, 2184, 2},
  {0xA736, 2186, 2},
  {0xA737, 2186, 2},
  {0xA738, 2188, 2},
  {0xA739, 2188, 2},
  {0xA73A, 2190, 2},
  {0xA73B, 2190, 2},
  {0xA73C, 2192, 2},
  {0xA73D, 2192, 2},
  {0xA73E, 2194, 2},
  {0xA73F, 2194, 2},
  {0xA740, 2196, 2},
  {0xA741, 2196, 2},
  {0xA742, 2198, 2},
  {0xA743, 2198, 2},
  {0xA744, 2200, 2},
  {0xA745, 2200, 2},
  {0xA746, 2202, 2},
  {0xA747, 2202, 2},
  {0xA748, 2204, 2},
  {0xA749, 2204, 2},
  {0xA74A, 2206, 2},
  {0xA74B, 2206, 2},
  {0xA74C, 2208, 2},
  {0xA74D, 2208, 2},
  {0xA74E, 2210, 2},
  {0xA74F, 2210, 2},
  {0xA750, 2212, 2},
  {0xA751, 2212, 2},
  {0xA752, 2214, 2},
  {0xA753, 2214, 2},
  {0xA754, 2216, 2},
  {0xA755, 2216, 2},
  {0xA756, 2218, 2},
  {0xA757, 2218, 2},
  {0xA758, 2220, 2},
  {0xA759, 2220, 2},
  {0xA75A, 2222, 2},
  {0xA75B, 2222, 2},
  {0xA75C, 2224, 2},
  {0xA75D, 2224, 2},
  {0xA75E, 2226, 2},
  {0xA75F, 2226, 2},
  {0xA760, 2228, 2},
  {0xA761, 2228, 2},
  {0xA762, 2230, 2},
  {0xA763, 2230, 2},
  {0xA764, 2232, 2},
  {0xA765, 2232, 2},
  {0xA766, 2234, 2},
  {0xA767, 2234, 2},
  {0xA768, 2236, 2},
  {0xA769, 2236, 2},
  {0xA76A, 2238, 2},
  {0xA76B, 2238, 2},
  {0xA76C, 2240, 2},
  {0xA76D, 2240, 2},
  {0xA76E, 2242, 2},
  {0xA76F, 2242, 2},
  {0xA779, 2244, 2},
  {0xA77A, 2244, 2},
  {0xA77B, 2246, 2},
  {0xA77C, 2246, 2},
  {0xA77D, 1349, 2},
  {0xA77E, 2248, 2},
  {0xA77F, 2248, 2},
  {0xA780, 2250, 2},
  {0xA781, 2250, 2},
  {0xA782, 2252, 2},
  {0xA783, 2252, 2},
  {0xA784, 2254, 2},
  {0xA785, 2254, 2},
  {0xA786, 2256, 2},
  {0xA787, 2256, 2},
  {0xA78B, 2258, 2},
  {0xA78C, 2258, 2},
  {0xA78D, 472, 2},
  {0xA790, 2260, 2},
  {0xA791, 2260, 2},
  {0xA792, 2262, 2},
  {0xA793, 2262, 2},
  {0xA794, 2264, 2},
  {0xA796, 2266, 2},
  {0xA797, 2266, 2},
  {0xA798, 2268, 2},
  {0xA799, 2268, 2},
  {0xA79A, 2270, 2},
  {0xA79B, 2270, 2},
  {0xA79C, 2272, 2},
  {0xA79D, 2272, 2},
  {0xA79E, 2274, 2},
  {0xA79F, 2274, 2},
  {0xA7A0, 2276, 2},
  {0xA7A1, 2276, 2},
  {0xA7A2, 2278, 2},
  {0xA7A3, 2278, 2},
  {0xA7A4, 2280, 2},
  {0xA7A5, 2280, 2},
  {0xA7A6, 2282, 2},
  {0xA7A7, 2282, 2},
  {0xA7A8, 2284, 2},
  {0xA7A9, 2284, 2},
  {0xA7AA, 474, 2},
  {0xA7AB, 466, 2},
  {0xA7AC, 468, 2},
  {0xA7AD, 480, 2},
  {0xA7AE, 476, 2},
  {0xA7B0, 492, 2},
  {0xA7B1, 488, 2},
  {0xA7B2, 490, 2},
  {0xA7B3, 2286, 2},
  {0xA7B4, 2288, 2},
  {0xA7B5, 2288, 2},
  {0xA7B6, 2290, 2},
  {0xA7B7, 2290, 2},
  {0xA7B8, 2292, 2},
  {0xA7B9, 2292, 2},
  {0xA7BA, 2294, 2},
  {0xA7BB, 2294, 2},
  {0xA7BC, 2296, 2},
  {0xA7BD, 2296, 2},
  {0xA7BE, 2298, 2},
  {0xA7BF, 2298, 2},
  {0xA7C0, 2300, 2},
  {0xA7C1, 2300, 2},
  {0xA7C2, 2302, 2},
  {0xA7C3, 2302, 2},
  {0xA7C4, 2264, 2},
  {0xA7C5, 486, 2},
  {0xA7C6, 1353, 2},
  {0xA7C7, 2304, 2},
  {0xA7C8, 2304, 2},
  {0xA7C9, 2306, 2},
  {0xA7CA, 2306, 2},
  {0xA7CB, 470, 2},
  {0xA7CC, 2308, 2},
  {0xA7CD, 2308, 2},
  {0xA7CE, 2310, 2},
  {0xA7CF, 2310, 2},
  {0xA7D0, 2312, 2},
  {0xA7D1, 2312, 2},
  {0xA7D2, 2314, 2},
  {0xA7D3, 2314, 2},
  {0xA7D4, 2316, 2},
  {0xA7D5, 2316, 2},
  {0xA7D6, 2318, 2},
  {0xA7D7, 2318, 2},
  {0xA7D8, 2320, 2},
  {0xA7D9, 2320, 2},
  {0xA7DA, 2322, 2},
  {0xA7DB, 2322, 2},
  {0xA7DC, 284, 2},
  {0xA7F5, 2324, 2},
  {0xA7F6, 2324, 2},
  {0xAB53, 2286, 2},
  {0xAB70, 1172, 2},
  {0xAB71, 1174, 2},
  {0xAB72, 1176, 2},
  {0xAB73, 1178, 2},
  {0xAB74, 1180, 2},
  {0xAB75, 1182, 2},
  {0xAB76, 1184, 2},
  {0xAB77, 1186, 2},
  {0xAB78, 1188, 2},
  {0xAB79, 1190, 2},
  {0xAB7A, 1192, 2},
  {0xAB7B, 1194, 2},
  {0xAB7C, 1196, 2},
  {0xAB7D, 1198, 2},
  {0xAB7E, 1200, 2},
  {0xAB7F, 1202, 2},
  {0xAB80, 1204, 2},
  {0xAB81, 1206, 2},
  {0xAB82, 1208, 2},
  {0xAB83, 1210, 2},
  {0xAB84, 1212, 2},
  {0xAB85, 1214, 2},
  {0xAB86, 1216, 2},
  {0xAB87, 1218, 2},
  {0xAB88, 1220, 2},
  {0xAB89, 1222, 2},
  {0xAB8A, 1224, 2},
  {0xAB8B, 1226, 2},
  {0xAB8C, 1228, 2},
  {0xAB8D, 1230, 2},
  {0xAB8E, 1232, 2},
  {0xAB8F, 1234, 2},
  {0xAB90, 1236, 2},
  {0xAB91, 1238, 2},
  {0xAB92, 1240, 2},
  {0xAB93, 1242, 2},
  {0xAB94, 1244, 2},
  {0xAB95, 1246, 2},
  {0xAB96, 1248, 2},
  {0xAB97, 1250, 2},
  {0xAB98, 1252, 2},
  {0xAB99, 1254, 2},
  {0xAB9A, 1256, 2},
  {0xAB9B, 1258, 2},
  {0xAB9C, 1260, 2},
  {0xAB9D, 1262, 2},
  {0xAB9E, 1264, 2},
  {0xAB9F, 1266, 2},
  {0xABA0, 1268, 2},
  {0xABA1, 1270, 2},
  {0xABA2, 1272, 2},
  {0xABA3, 1274, 2},
  {0xABA4, 1276, 2},
  {0xABA5, 1278, 2},
  {0xABA6, 1280, 2},
  {0xABA7, 1282, 2},
  {0xABA8, 1284, 2},
  {0xABA9, 1286, 2},
  {0xABAA, 1288, 2},
  {0xABAB, 1290, 2},
  {0xABAC, 1292, 2},
  {0xABAD, 1294, 2},
  {0xABAE, 1296, 2},
  {0xABAF, 1298, 2},
  {0xABB0, 1300, 2},
  {0xABB1, 1302, 2},
  {0xABB2, 1304, 2},
  {0xABB3, 1306, 2},
  {0xABB4, 1308, 2},
  {0xABB5, 1310, 2},
  {0xABB6, 1312, 2},
  {0xABB7, 1314, 2},
  {0xABB8, 1316, 2},
  {0xABB9, 1318, 2},
  {0xABBA, 1320, 2},
  {0xABBB, 1322, 2},
  {0xABBC, 1324, 2},
  {0xABBD, 1326, 2},
  {0xABBE, 1328, 2},
  {0xABBF, 1330, 2},
  {0xFB05, 2326, 2},
  {0xFB06, 2326, 2},
  {0xFF21, 2328, 2},
  {0xFF22, 2330, 2},
  {0xFF23, 2332, 2},
  {0xFF24, 2334, 2},
  {0xFF25, 2336, 2},
  {0xFF26, 2338, 2},
  {0xFF27, 2340, 2},
  {0xFF28, 2342, 2},
  {0xFF29, 2344, 2},
  {0xFF2A, 2346, 2},
  {0xFF2B, 2348, 2},
  {0xFF2C, 2350, 2},
  {0xFF2D, 2352, 2},
  {0xFF2E, 2354, 2},
  {0xFF2F, 2356, 2},
  {0xFF30, 2358, 2},
  {0xFF31, 2360, 2},
  {0xFF32, 2362, 2},
  {0xFF33, 2364, 2},
  {0xFF34, 2366, 2},
  {0xFF35, 2368, 2},
  {0xFF36, 2370, 2},
  {0xFF37, 2372, 2},
  {0xFF38, 2374, 2},
  {0xFF39, 2376, 2},
  {0xFF3A, 2378, 2},
  {0xFF41, 2328, 2},
  {0xFF42, 2330, 2},
  {0xFF43, 2332, 2},
  {0xFF44, 2334, 2},
  {0xFF45, 2336, 2},
  {0xFF46, 2338, 2},
  {0xFF47, 2340, 2},
  {0xFF48, 2342, 2},
  {0xFF49, 2344, 2},
  {0xFF4A, 2346, 2},
  {0xFF4B, 2348, 2},
  {0xFF4C, 2350, 2},
  {0xFF4D, 2352, 2},
  {0xFF4E, 2354, 2},
  {0xFF4F, 2356, 2},
  {0xFF50, 2358, 2},
  {0xFF51, 2360, 2},
  {0xFF52, 2362, 2},
  {0xFF53, 2364, 2},
  {0xFF54, 2366, 2},
  {0xFF55, 2368, 2},
  {0xFF56, 2370, 2},
  {0xFF57, 2372, 2},
  {0xFF58, 2374, 2},
  {0xFF59, 2376, 2},
  {0xFF5A, 2378, 2},
  {0x10400, 2380, 2},
  {0x10401, 2382, 2},
  {0x10402, 2384, 2},
  {0x10403, 2386, 2},
  {0x10404, 2388, 2},
  {0x10405, 2390, 2},
  {0x10406, 2392, 2},
  {0x10407, 2394, 2},
  {0x10408, 2396, 2},
  {0x10409, 2398, 2},
  {0x1040A, 2400, 2},
  {0x1040B, 2402, 2},
  {0x1040C, 2404, 2},
  {0x1040D, 2406, 2},
  {0x1040E, 2408, 2},
  {0x1040F, 2410, 2},
  {0x10410, 2412, 2},
  {0x10411, 2414, 2},
  {0x10412, 2416, 2},
  {0x10413, 2418, 2},
  {0x10414, 2420, 2},
  {0x10415, 2422, 2},
  {0x10416, 2424, 2},
  {0x10417, 2426, 2},
  {0x10418, 2428, 2},
  {0x10419, 2430, 2},
  {0x1041A, 2432, 2},
  {0x1041B, 2434, 2},
  {0x1041C, 2436, 2},
  {0x1041D, 2438, 2},
  {0x1041E, 2440, 2},
  {0x1041F, 2442, 2},
  {0x10420, 2444, 2},
  {0x10421, 2446, 2},
  {0x10422, 2448, 2},
  {0x10423, 2450, 2},
  {0x10424, 2452, 2},
  {0x10425, 2454, 2},
  {0x10426, 2456, 2},
  {0x10427, 2458, 2},
  {0x10428, 2380, 2},
  {0x10429, 2382, 2},
  {0x1042A, 2384, 2},
  {0x1042B, 2386, 2},
  {0x1042C, 2388, 2},
  {0x1042D, 2390, 2},
  {0x1042E, 2392, 2},
  {0x1042F, 2394, 2},
  {0x10430, 2396, 2},
  {0x10431, 2398, 2},
  {0x10432, 2400, 2},
  {0x10433, 2402, 2},
  {0x10434, 2404, 2},
  {0x10435, 2406, 2},
  {0x10436, 2408, 2},
  {0x10437, 2410, 2},
  {0x10438, 2412, 2},
  {0x10439, 2414, 2},
  {0x1043A, 2416, 2},
  {0x1043B, 2418, 2},
  {0x1043C, 2420, 2},
  {0x1043D, 2422, 2},
  {0x1043E, 2424, 2},
  {0x1043F, 2426, 2},
  {0x10440, 2428, 2},
  {0x10441, 2430, 2},
  {0x10442, 2432, 2},
  {0x10443, 2434, 2},
  {0x10444, 2436, 2},
  {0x10445, 2438, 2},
  {0x10446, 2440, 2},
  {0x10447, 2442, 2},
  {0x10448, 2444, 2},
  {0x10449, 2446, 2},
  {0x1044A, 2448, 2},
  {0x1044B, 2450, 2},
  {0x1044C, 2452, 2},
  {0x1044D, 2454, 2},
  {0x1044E, 2456, 2},
  {0x1044F, 2458, 2},
  {0x104B0, 2460, 2},
  {0x104B1, 2462, 2},
  {0x104B2, 2464, 2},
  {0x104B3, 2466, 2},
  {0x104B4, 2468, 2},
  {0x104B5, 2470, 2},
  {0x104B6, 2472, 2},
  {0x104B7, 2474, 2},
  {0x104B8, 2476, 2},
  {0x104B9, 2478, 2},
  {0x104BA, 2480, 2},
  {0x104BB, 2482, 2},
  {0x104BC, 2484, 2},
  {0x104BD, 2486, 2},
  {0x104BE, 2488, 2},
  {0x104BF, 2490, 2},
  {0x104C0, 2492, 2},
  {0x104C1, 2494, 2},
  {0x104C2, 2496, 2},
  {0x104C3, 2498, 2},
  {0x104C4, 2500, 2},
  {0x104C5, 2502, 2},
  {0x104C6, 2504, 2},
  {0x104C7, 2506, 2},
  {0x104C8, 2508, 2},
  {0x104C9, 2510, 2},
  {0x104CA, 2512, 2},
  {0x104CB, 2514, 2},
  {0x104CC, 2516, 2},
  {0x104CD, 2518, 2},
  {0x104CE, 2520, 2},
  {0x104CF, 2522, 2},
  {0x104D0, 2524, 2},
  {0x104D1, 2526, 2},
  {0x104D2, 2528, 2},
  {0x104D3, 2530, 2},
  {0x104D8, 2460, 2},
  {0x104D9, 2462, 2},
  {0x104DA, 2464, 2},
  {0x104DB, 2466, 2},
  {0x104DC, 2468, 2},
  {0x104DD, 2470, 2},
  {0x104DE, 2472, 2},
  {0x104DF, 2474, 2},
  {0x104E0, 2476, 2},
  {0x104E1, 2478, 2},
  {0x104E2, 2480, 2},
  {0x104E3, 2482, 2},
  {0x104E4, 2484, 2},
  {0x104E5, 2486, 2},
  {0x104E6, 2488, 2},
  {0x104E7, 2490, 2},
  {0x104E8, 2492, 2},
  {0x104E9, 2494, 2},
  {0x104EA, 2496, 2},
  {0x104EB, 2498, 2},
  {0x104EC, 2500, 2},
  {0x104ED, 2502, 2},
  {0x104EE, 2504, 2},
  {0x104EF, 2506, 2},
  {0x104F0, 2508, 2},
  {0x104F1, 2510, 2},
  {0x104F2, 2512, 2},
  {0x104F3, 2514, 2},
  {0x104F4, 2516, 2},
  {0x104F5, 2518, 2},
  {0x104F6, 2520, 2},
  {0x104F7, 2522, 2},
  {0x104F8, 2524, 2},
  {0x104F9, 2526, 2},
  {0x104FA, 2528, 2},
  {0x104FB, 2530, 2},
  {0x10570, 2532, 2},
  {0x10571, 2534, 2},
  {0x10572, 2536, 2},
  {0x10573, 2538, 2},
  {0x10574, 2540, 2},
  {0x10575, 2542, 2},
  {0x10576, 2544, 2},
  {0x10577, 2546, 2},
  {0x10578, 2548, 2},
  {0x10579, 2550, 2},
  {0x1057A, 2552, 2},
  {0x1057C, 2554, 2},
  {0x1057D, 2556, 2},
  {0x1057E, 2558, 2},
  {0x1057F, 2560, 2},
  {0x10580, 2562, 2},
  {0x10581, 2564, 2},
  {0x10582, 2566, 2},
  {0x10583, 2568, 2},
  {0x10584, 2570, 2},
  {0x10585, 2572, 2},
  {0x10586, 2574, 2},
  {0x10587, 2576, 2},
  {0x10588, 2578, 2},
  {0x10589, 2580, 2},
  {0x1058A, 2582, 2},
  {0x1058C, 2584, 2},
  {0x1058D, 2586, 2},
  {0x1058E, 2588, 2},
  {0x1058F, 2590, 2},
  {0x10590, 2592, 2},
  {0x10591, 2594, 2},
  {0x10592, 2596, 2},
  {0x10594, 2598, 2},
  {0x10595, 2600, 2},
  {0x10597, 2532, 2},
  {0x10598, 2534, 2},
  {0x10599, 2536, 2},
  {0x1059A, 2538, 2},
  {0x1059B, 2540, 2},
  {0x1059C, 2542, 2},
  {0x1059D, 2544, 2},
  {0x1059E, 2546, 2},
  {0x1059F, 2548, 2},
  {0x105A0, 2550, 2},
  {0x105A1, 2552, 2},
  {0x105A3, 2554, 2},
  {0x105A4, 2556, 2},
  {0x105A5, 2558, 2},
  {0x105A6, 2560, 2},
  {0x105A7, 2562, 2},
  {0x105A8, 2564, 2},
  {0x105A9, 2566, 2},
  {0x105AA, 2568, 2},
  {0x105AB, 2570, 2},
  {0x105AC, 2572, 2},
  {0x105AD, 2574, 2},
  {0x105AE, 2576, 2},
  {0x105AF, 2578, 2},
  {0x105B0, 2580, 2},
  {0x105B1, 2582, 2},
  {0x105B3, 2584, 2},
  {0x105B4, 2586, 2},
  {0x105B5, 2588, 2},
  {0x105B6, 2590, 2},
  {0x105B7, 2592, 2},
  {0x105B8, 2594, 2},
  {0x105B9, 2596, 2},
  {0x105BB, 2598, 2},
  {0x105BC, 2600, 2},
  {0x10C80, 2602, 2},
  {0x10C81, 2604, 2},
  {0x10C82, 2606, 2},
  {0x10C83, 2608, 2},
  {0x10C84, 2610, 2},
  {0x10C85, 2612, 2},
  {0x10C86, 2614, 2},
  {0x10C87, 2616, 2},
  {0x10C88, 2618, 2},
  {0x10C89, 2620, 2},
  {0x10C8A, 2622, 2},
  {0x10C8B, 2624, 2},
  {0x10C8C, 2626, 2},
  {0x10C8D, 2628, 2},
  {0x10C8E, 2630, 2},
  {0x10C8F, 2632, 2},
  {0x10C90, 2634, 2},
  {0x10C91, 2636, 2},
  {0x10C92, 2638, 2},
  {0x10C93, 2640, 2},
  {0x10C94, 2642, 2},
  {0x10C95, 2644, 2},
  {0x10C96, 2646, 2},
  {0x10C97, 2648, 2},
  {0x10C98, 2650, 2},
  {0x10C99, 2652, 2},
  {0x10C9A, 2654, 2},
  {0x10C9B, 2656, 2},
  {0x10C9C, 2658, 2},
  {0x10C9D, 2660, 2},
  {0x10C9E, 2662, 2},
  {0x10C9F, 2664, 2},
  {0x10CA0, 2666, 2},
  {0x10CA1, 2668, 2},
  {0x10CA2, 2670, 2},
  {0x10CA3, 2672, 2},
  {0x10CA4, 2674, 2},
  {0x10CA5, 2676, 2},
  {0x10CA6, 2678, 2},
  {0x10CA7, 2680, 2},
  {0x10CA8, 2682, 2},
  {0x10CA9, 2684, 2},
  {0x10CAA, 2686, 2},
  {0x10CAB, 2688, 2},
  {0x10CAC, 2690, 2},
  {0x10CAD, 2692, 2},
  {0x10CAE, 2694, 2},
  {0x10CAF, 2696, 2},
  {0x10CB0, 2698, 2},
  {0x10CB1, 2700, 2},
  {0x10CB2, 2702, 2},
  {0x10CC0, 2602, 2},
  {0x10CC1, 2604, 2},
  {0x10CC2, 2606, 2},
  {0x10CC3, 2608, 2},
  {0x10CC4, 2610, 2},
  {0x10CC5, 2612, 2},
  {0x10CC6, 2614, 2},
  {0x10CC7, 2616, 2},
  {0x10CC8, 2618, 2},
  {0x10CC9, 2620, 2},
  {0x10CCA, 2622, 2},
  {0x10CCB, 2624, 2},
  {0x10CCC, 2626, 2},
  {0x10CCD, 2628, 2},
  {0x10CCE, 2630, 2},
  {0x10CCF, 2632, 2},
  {0x10CD0, 2634, 2},
  {0x10CD1, 2636, 2},
  {0x10CD2, 2638, 2},
  {0x10CD3, 2640, 2},
  {0x10CD4, 2642, 2},
  {0x10CD5, 2644, 2},
  {0x10CD6, 2646, 2},
  {0x10CD7, 2648, 2},
  {0x10CD8, 2650, 2},
  {0x10CD9, 2652, 2},
  {0x10CDA, 2654, 2},
  {0x10CDB, 2656, 2},
  {0x10CDC, 2658, 2},
  {0x10CDD, 2660, 2},
  {0x10CDE, 2662, 2},
  {0x10CDF, 2664, 2},
  {0x10CE0, 2666, 2},
  {0x10CE1, 2668, 2},
  {0x10CE2, 2670, 2},
  {0x10CE3, 2672, 2},
  {0x10CE4, 2674, 2},
  {0x10CE5, 2676, 2},
  {0x10CE6, 2678, 2},
  {0x10CE7, 2680, 2},
  {0x10CE8, 2682, 2},
  {0x10CE9, 2684, 2},
  {0x10CEA, 2686, 2},
  {0x10CEB, 2688, 2},
  {0x10CEC, 2690, 2},
  {0x10CED, 2692, 2},
  {0x10CEE, 2694, 2},
  {0x10CEF, 2696, 2},
  {0x10CF0, 2698, 2},
  {0x10CF1, 2700, 2},
  {0x10CF2, 2702, 2},
  {0x10D50, 2704, 2},
  {0x10D51, 2706, 2},
  {0x10D52, 2708, 2},
  {0x10D53, 2710, 2},
  {0x10D54, 2712, 2},
  {0x10D55, 2714, 2},
  {0x10D56, 2716, 2},
  {0x10D57, 2718, 2},
  {0x10D58, 2720, 2},
  {0x10D59, 2722, 2},
  {0x10D5A, 2724, 2},
  {0x10D5B, 2726, 2},
  {0x10D5C, 2728, 2},
  {0x10D5D, 2730, 2},
  {0x10D5E, 2732, 2},
  {0x10D5F, 2734, 2},
  {0x10D60, 2736, 2},
  {0x10D61, 2738, 2},
  {0x10D62, 2740, 2},
  {0x10D63, 2742, 2},
  {0x10D64, 2744, 2},
  {0x10D65, 2746, 2},
  {0x10D70, 2704, 2},
  {0x10D71, 2706, 2},
  {0x10D72, 2708, 2},
  {0x10D73, 2710, 2},
  {0x10D74, 2712, 2},
  {0x10D75, 2714, 2},
  {0x10D76, 2716, 2},
  {0x10D77, 2718, 2},
  {0x10D78, 2720, 2},
  {0x10D79, 2722, 2},
  {0x10D7A, 2724, 2},
  {0x10D7B, 2726, 2},
  {0x10D7C, 2728, 2},
  {0x10D7D, 2730, 2},
  {0x10D7E, 2732, 2},
  {0x10D7F, 2734, 2},
  {0x10D80, 2736, 2},
  {0x10D81, 2738, 2},
  {0x10D82, 2740, 2},
  {0x10D83, 2742, 2},
  {0x10D84, 2744, 2},
  {0x10D85, 2746, 2},
  {0x118A0, 2748, 2},
  {0x118A1, 2750, 2},
  {0x118A2, 2752, 2},
  {0x118A3, 2754, 2},
  {0x118A4, 2756, 2},
  {0x118A5, 2758, 2},
  {0x118A6, 2760, 2},
  {0x118A7, 2762, 2},
  {0x118A8, 2764, 2},
  {0x118A9, 2766, 2},
  {0x118AA, 2768, 2},
  {0x118AB, 2770, 2},
  {0x118AC, 2772, 2},
  {0x118AD, 2774, 2},
  {0x118AE, 2776, 2},
  {0x118AF, 2778, 2},
  {0x118B0, 2780, 2},
  {0x118B1, 2782, 2},
  {0x118B2, 2784, 2},
  {0x118B3, 2786, 2},
  {0x118B4, 2788, 2},
  {0x118B5, 2790, 2},
  {0x118B6, 2792, 2},
  {0x118B7, 2794, 2},
  {0x118B8, 2796, 2},
  {0x118B9, 2798, 2},
  {0x118BA, 2800, 2},
  {0x118BB, 2802, 2},
  {0x118BC, 2804, 2},
  {0x118BD, 2806, 2},
  {0x118BE, 2808, 2},
  {0x118BF, 2810, 2},
  {0x118C0, 2748, 2},
  {0x118C1, 2750, 2},
  {0x118C2, 2752, 2},
  {0x118C3, 2754, 2},
  {0x118C4, 2756, 2},
  {0x118C5, 2758, 2},
  {0x118C6, 2760, 2},
  {0x118C7, 2762, 2},
  {0x118C8, 2764, 2},
  {0x118C9, 2766, 2},
  {0x118CA, 2768, 2},
  {0x118CB, 2770, 2},
  {0x118CC, 2772, 2},
  {0x118CD, 2774, 2},
  {0x118CE, 2776, 2},
  {0x118CF, 2778, 2},
  {0x118D0, 2780, 2},
  {0x118D1, 2782, 2},
  {0x118D2, 2784, 2},
  {0x118D3, 2786, 2},
  {0x118D4, 2788, 2},
  {0x118D5, 2790, 2},
  {0x118D6, 2792, 2},
  {0x118D7, 2794, 2},
  {0x118D8, 2796, 2},
  {0x118D9, 2798, 2},
  {0x118DA, 2800, 2},
  {0x118DB, 2802, 2},
  {0x118DC, 2804, 2},
  {0x118DD, 2806, 2},
  {0x118DE, 2808, 2},
  {0x118DF, 2810, 2},
  {0x16E40, 2812, 2},
  {0x16E41, 2814, 2},
  {0x16E42, 2816, 2},
  {0x16E43, 2818, 2},
  {0x16E44, 2820, 2},
  {0x16E45, 2822, 2},
  {0x16E46, 2824, 2},
  {0x16E47, 2826, 2},
  {0x16E48, 2828, 2},
  {0x16E49, 2830, 2},
  {0x16E4A, 2832, 2},
  {0x16E4B, 2834, 2},
  {0x16E4C, 2836, 2},
  {0x16E4D, 2838, 2},
  {0x16E4E, 2840, 2},
  {0x16E4F, 2842, 2},
  {0x16E50, 2844, 2},
  {0x16E51, 2846, 2},
  {0x16E52, 2848, 2},
  {0x16E53, 2850, 2},
  {0x16E54, 2852, 2},
  {0x16E55, 2854, 2},
  {0x16E56, 2856, 2},
  {0x16E57, 2858, 2},
  {0x16E58, 2860, 2},
  {0x16E59, 2862, 2},
  {0x16E5A, 2864, 2},
  {0x16E5B, 2866, 2},
  {0x16E5C, 2868, 2},
  {0x16E5D, 2870, 2},
  {0x16E5E, 2872, 2},
  {0x16E5F, 2874, 2},
  {0x16E60, 2812, 2},
  {0x16E61, 2814, 2},
  {0x16E62, 2816, 2},
  {0x16E63, 2818, 2},
  {0x16E64, 2820, 2},
  {0x16E65, 2822, 2},
  {0x16E66, 2824, 2},
  {0x16E67, 2826, 2},
  {0x16E68, 2828, 2},
  {0x16E69, 2830, 2},
  {0x16E6A, 2832, 2},
  {0x16E6B, 2834, 2},
  {0x16E6C, 2836, 2},
  {0x16E6D, 2838, 2},
  {0x16E6E, 2840, 2},
  {0x16E6F, 2842, 2},
  {0x16E70, 2844, 2},
  {0x16E71, 2846, 2},
  {0x16E72, 2848, 2},
  {0x16E73, 2850, 2},
  {0x16E74, 2852, 2},
  {0x16E75, 2854, 2},
  {0x16E76, 2856, 2},
  {0x16E77, 2858, 2},
  {0x16E78, 2860, 2},
  {0x16E79, 2862, 2},
  {0x16E7A, 2864, 2},
  {0x16E7B, 2866, 2},
  {0x16E7C, 2868, 2},
  {0x16E7D, 2870, 2},
  {0x16E7E, 2872, 2},
  {0x16E7F, 2874, 2},
  {0x16EA0, 2876, 2},
  {0x16EA1, 2878, 2},
  {0x16EA2, 2880, 2},
  {0x16EA3, 2882, 2},
  {0x16EA4, 2884, 2},
  {0x16EA5, 2886, 2},
  {0x16EA6, 2888, 2},
  {0x16EA7, 2890, 2},
  {0x16EA8, 2892, 2},
  {0x16EA9, 2894, 2},
  {0x16EAA, 2896, 2},
  {0x16EAB, 2898, 2},
  {0x16EAC, 2900, 2},
  {0x16EAD, 2902, 2},
  {0x16EAE, 2904, 2},
  {0x16EAF, 2906, 2},
  {0x16EB0, 2908, 2},
  {0x16EB1, 2910, 2},
  {0x16EB2, 2912, 2},
  {0x16EB3, 2914, 2},
  {0x16EB4, 2916, 2},
  {0x16EB5, 2918, 2},
  {0x16EB6, 2920, 2},
  {0x16EB7, 2922, 2},
  {0x16EB8, 2924, 2},
  {0x16EBB, 2876, 2},
  {0x16EBC, 2878, 2},
  {0x16EBD, 2880, 2},
  {0x16EBE, 2882, 2},
  {0x16EBF, 2884, 2},
  {0x16EC0, 2886, 2},
  {0x16EC1, 2888, 2},
  {0x16EC2, 2890, 2},
  {0x16EC3, 2892, 2},
  {0x16EC4, 2894, 2},
  {0x16EC5, 2896, 2},
  {0x16EC6, 2898, 2},
  {0x16EC7, 2900, 2},
  {0x16EC8, 2902, 2},
  {0x16EC9, 2904, 2},
  {0x16ECA, 2906, 2},
  {0x16ECB, 2908, 2},
  {0x16ECC, 2910, 2},
  {0x16ECD, 2912, 2},
  {0x16ECE, 2914, 2},
  {0x16ECF, 2916, 2},
  {0x16ED0, 2918, 2},
  {0x16ED1, 2920, 2},
  {0x16ED2, 2922, 2},
  {0x16ED3, 2924, 2},
  {0x1E900, 2926, 2},
  {0x1E901, 2928, 2},
  {0x1E902, 2930, 2},
  {0x1E903, 2932, 2},
  {0x1E904, 2934, 2},
  {0x1E905, 2936, 2},
  {0x1E906, 2938, 2},
  {0x1E907, 2940, 2},
  {0x1E908, 2942, 2},
  {0x1E909, 2944, 2},
  {0x1E90A, 2946, 2},
  {0x1E90B, 2948, 2},
  {0x1E90C, 2950, 2},
  {0x1E90D, 2952, 2},
  {0x1E90E, 2954, 2},
  {0x1E90F, 2956, 2},
  {0x1E910, 2958, 2},
  {0x1E911, 2960, 2},
  {0x1E912, 2962, 2},
  {0x1E913, 2964, 2},
  {0x1E914, 2966, 2},
  {0x1E915, 2968, 2},
  {0x1E916, 2970, 2},
  {0x1E917, 2972, 2},
  {0x1E918, 2974, 2},
  {0x1E919, 2976, 2},
  {0x1E91A, 2978, 2},
  {0x1E91B, 2980, 2},
  {0x1E91C, 2982, 2},
  {0x1E91D, 2984, 2},
  {0x1E91E, 2986, 2},
  {0x1E91F, 2988, 2},
  {0x1E920, 2990, 2},
  {0x1E921, 2992, 2},
  {0x1E922, 2926, 2},
  {0x1E923, 2928, 2},
  {0x1E924, 2930, 2},
  {0x1E925, 2932, 2},
  {0x1E926, 2934, 2},
  {0x1E927, 2936, 2},
  {0x1E928, 2938, 2},
  {0x1E929, 2940, 2},
  {0x1E92A, 2942, 2},
  {0x1E92B, 2944, 2},
  {0x1E92C, 2946, 2},
  {0x1E92D, 2948, 2},
  {0x1E92E, 2950, 2},
  {0x1E92F, 2952, 2},
  {0x1E930, 2954, 2},
  {0x1E931, 2956, 2},
  {0x1E932, 2958, 2},
  {0x1E933, 2960, 2},
  {0x1E934, 2962, 2},
  {0x1E935, 2964, 2},
  {0x1E936, 2966, 2},
  {0x1E937, 2968, 2},
  {0x1E938, 2970, 2},
  {0x1E939, 2972, 2},
  {0x1E93A, 2974, 2},
  {0x1E93B, 2976, 2},
  {0x1E93C, 2978, 2},
  {0x1E93D, 2980, 2},
  {0x1E93E, 2982, 2},
  {0x1E93F, 2984, 2},
  {0x1E940, 2986, 2},
  {0x1E941, 2988, 2},
  {0x1E942, 2990, 2},
  {0x1E943, 2992, 2},
};
const size_t grx_unicode_fold_orbit_count = 2994;

const GRX_UnicodeCaseMap grx_unicode_es_legacy_map[] = {
  {0x0061,0x0041}, {0x0062,0x0042}, {0x0063,0x0043}, {0x0064,0x0044},
  {0x0065,0x0045}, {0x0066,0x0046}, {0x0067,0x0047}, {0x0068,0x0048},
  {0x0069,0x0049}, {0x006A,0x004A}, {0x006B,0x004B}, {0x006C,0x004C},
  {0x006D,0x004D}, {0x006E,0x004E}, {0x006F,0x004F}, {0x0070,0x0050},
  {0x0071,0x0051}, {0x0072,0x0052}, {0x0073,0x0053}, {0x0074,0x0054},
  {0x0075,0x0055}, {0x0076,0x0056}, {0x0077,0x0057}, {0x0078,0x0058},
  {0x0079,0x0059}, {0x007A,0x005A}, {0x00B5,0x039C}, {0x00E0,0x00C0},
  {0x00E1,0x00C1}, {0x00E2,0x00C2}, {0x00E3,0x00C3}, {0x00E4,0x00C4},
  {0x00E5,0x00C5}, {0x00E6,0x00C6}, {0x00E7,0x00C7}, {0x00E8,0x00C8},
  {0x00E9,0x00C9}, {0x00EA,0x00CA}, {0x00EB,0x00CB}, {0x00EC,0x00CC},
  {0x00ED,0x00CD}, {0x00EE,0x00CE}, {0x00EF,0x00CF}, {0x00F0,0x00D0},
  {0x00F1,0x00D1}, {0x00F2,0x00D2}, {0x00F3,0x00D3}, {0x00F4,0x00D4},
  {0x00F5,0x00D5}, {0x00F6,0x00D6}, {0x00F8,0x00D8}, {0x00F9,0x00D9},
  {0x00FA,0x00DA}, {0x00FB,0x00DB}, {0x00FC,0x00DC}, {0x00FD,0x00DD},
  {0x00FE,0x00DE}, {0x00FF,0x0178}, {0x0101,0x0100}, {0x0103,0x0102},
  {0x0105,0x0104}, {0x0107,0x0106}, {0x0109,0x0108}, {0x010B,0x010A},
  {0x010D,0x010C}, {0x010F,0x010E}, {0x0111,0x0110}, {0x0113,0x0112},
  {0x0115,0x0114}, {0x0117,0x0116}, {0x0119,0x0118}, {0x011B,0x011A},
  {0x011D,0x011C}, {0x011F,0x011E}, {0x0121,0x0120}, {0x0123,0x0122},
  {0x0125,0x0124}, {0x0127,0x0126}, {0x0129,0x0128}, {0x012B,0x012A},
  {0x012D,0x012C}, {0x012F,0x012E}, {0x0133,0x0132}, {0x0135,0x0134},
  {0x0137,0x0136}, {0x013A,0x0139}, {0x013C,0x013B}, {0x013E,0x013D},
  {0x0140,0x013F}, {0x0142,0x0141}, {0x0144,0x0143}, {0x0146,0x0145},
  {0x0148,0x0147}, {0x014B,0x014A}, {0x014D,0x014C}, {0x014F,0x014E},
  {0x0151,0x0150}, {0x0153,0x0152}, {0x0155,0x0154}, {0x0157,0x0156},
  {0x0159,0x0158}, {0x015B,0x015A}, {0x015D,0x015C}, {0x015F,0x015E},
  {0x0161,0x0160}, {0x0163,0x0162}, {0x0165,0x0164}, {0x0167,0x0166},
  {0x0169,0x0168}, {0x016B,0x016A}, {0x016D,0x016C}, {0x016F,0x016E},
  {0x0171,0x0170}, {0x0173,0x0172}, {0x0175,0x0174}, {0x0177,0x0176},
  {0x017A,0x0179}, {0x017C,0x017B}, {0x017E,0x017D}, {0x0180,0x0243},
  {0x0183,0x0182}, {0x0185,0x0184}, {0x0188,0x0187}, {0x018C,0x018B},
  {0x0192,0x0191}, {0x0195,0x01F6}, {0x0199,0x0198}, {0x019A,0x023D},
  {0x019B,0xA7DC}, {0x019E,0x0220}, {0x01A1,0x01A0}, {0x01A3,0x01A2},
  {0x01A5,0x01A4}, {0x01A8,0x01A7}, {0x01AD,0x01AC}, {0x01B0,0x01AF},
  {0x01B4,0x01B3}, {0x01B6,0x01B5}, {0x01B9,0x01B8}, {0x01BD,0x01BC},
  {0x01BF,0x01F7}, {0x01C5,0x01C4}, {0x01C6,0x01C4}, {0x01C8,0x01C7},
  {0x01C9,0x01C7}, {0x01CB,0x01CA}, {0x01CC,0x01CA}, {0x01CE,0x01CD},
  {0x01D0,0x01CF}, {0x01D2,0x01D1}, {0x01D4,0x01D3}, {0x01D6,0x01D5},
  {0x01D8,0x01D7}, {0x01DA,0x01D9}, {0x01DC,0x01DB}, {0x01DD,0x018E},
  {0x01DF,0x01DE}, {0x01E1,0x01E0}, {0x01E3,0x01E2}, {0x01E5,0x01E4},
  {0x01E7,0x01E6}, {0x01E9,0x01E8}, {0x01EB,0x01EA}, {0x01ED,0x01EC},
  {0x01EF,0x01EE}, {0x01F2,0x01F1}, {0x01F3,0x01F1}, {0x01F5,0x01F4},
  {0x01F9,0x01F8}, {0x01FB,0x01FA}, {0x01FD,0x01FC}, {0x01FF,0x01FE},
  {0x0201,0x0200}, {0x0203,0x0202}, {0x0205,0x0204}, {0x0207,0x0206},
  {0x0209,0x0208}, {0x020B,0x020A}, {0x020D,0x020C}, {0x020F,0x020E},
  {0x0211,0x0210}, {0x0213,0x0212}, {0x0215,0x0214}, {0x0217,0x0216},
  {0x0219,0x0218}, {0x021B,0x021A}, {0x021D,0x021C}, {0x021F,0x021E},
  {0x0223,0x0222}, {0x0225,0x0224}, {0x0227,0x0226}, {0x0229,0x0228},
  {0x022B,0x022A}, {0x022D,0x022C}, {0x022F,0x022E}, {0x0231,0x0230},
  {0x0233,0x0232}, {0x023C,0x023B}, {0x023F,0x2C7E}, {0x0240,0x2C7F},
  {0x0242,0x0241}, {0x0247,0x0246}, {0x0249,0x0248}, {0x024B,0x024A},
  {0x024D,0x024C}, {0x024F,0x024E}, {0x0250,0x2C6F}, {0x0251,0x2C6D},
  {0x0252,0x2C70}, {0x0253,0x0181}, {0x0254,0x0186}, {0x0256,0x0189},
  {0x0257,0x018A}, {0x0259,0x018F}, {0x025B,0x0190}, {0x025C,0xA7AB},
  {0x0260,0x0193}, {0x0261,0xA7AC}, {0x0263,0x0194}, {0x0264,0xA7CB},
  {0x0265,0xA78D}, {0x0266,0xA7AA}, {0x0268,0x0197}, {0x0269,0x0196},
  {0x026A,0xA7AE}, {0x026B,0x2C62}, {0x026C,0xA7AD}, {0x026F,0x019C},
  {0x0271,0x2C6E}, {0x0272,0x019D}, {0x0275,0x019F}, {0x027D,0x2C64},
  {0x0280,0x01A6}, {0x0282,0xA7C5}, {0x0283,0x01A9}, {0x0287,0xA7B1},
  {0x0288,0x01AE}, {0x0289,0x0244}, {0x028A,0x01B1}, {0x028B,0x01B2},
  {0x028C,0x0245}, {0x0292,0x01B7}, {0x029D,0xA7B2}, {0x029E,0xA7B0},
  {0x0345,0x0399}, {0x0371,0x0370}, {0x0373,0x0372}, {0x0377,0x0376},
  {0x037B,0x03FD}, {0x037C,0x03FE}, {0x037D,0x03FF}, {0x03AC,0x0386},
  {0x03AD,0x0388}, {0x03AE,0x0389}, {0x03AF,0x038A}, {0x03B1,0x0391},
  {0x03B2,0x0392}, {0x03B3,0x0393}, {0x03B4,0x0394}, {0x03B5,0x0395},
  {0x03B6,0x0396}, {0x03B7,0x0397}, {0x03B8,0x0398}, {0x03B9,0x0399},
  {0x03BA,0x039A}, {0x03BB,0x039B}, {0x03BC,0x039C}, {0x03BD,0x039D},
  {0x03BE,0x039E}, {0x03BF,0x039F}, {0x03C0,0x03A0}, {0x03C1,0x03A1},
  {0x03C2,0x03A3}, {0x03C3,0x03A3}, {0x03C4,0x03A4}, {0x03C5,0x03A5},
  {0x03C6,0x03A6}, {0x03C7,0x03A7}, {0x03C8,0x03A8}, {0x03C9,0x03A9},
  {0x03CA,0x03AA}, {0x03CB,0x03AB}, {0x03CC,0x038C}, {0x03CD,0x038E},
  {0x03CE,0x038F}, {0x03D0,0x0392}, {0x03D1,0x0398}, {0x03D5,0x03A6},
  {0x03D6,0x03A0}, {0x03D7,0x03CF}, {0x03D9,0x03D8}, {0x03DB,0x03DA},
  {0x03DD,0x03DC}, {0x03DF,0x03DE}, {0x03E1,0x03E0}, {0x03E3,0x03E2},
  {0x03E5,0x03E4}, {0x03E7,0x03E6}, {0x03E9,0x03E8}, {0x03EB,0x03EA},
  {0x03ED,0x03EC}, {0x03EF,0x03EE}, {0x03F0,0x039A}, {0x03F1,0x03A1},
  {0x03F2,0x03F9}, {0x03F3,0x037F}, {0x03F5,0x0395}, {0x03F8,0x03F7},
  {0x03FB,0x03FA}, {0x0430,0x0410}, {0x0431,0x0411}, {0x0432,0x0412},
  {0x0433,0x0413}, {0x0434,0x0414}, {0x0435,0x0415}, {0x0436,0x0416},
  {0x0437,0x0417}, {0x0438,0x0418}, {0x0439,0x0419}, {0x043A,0x041A},
  {0x043B,0x041B}, {0x043C,0x041C}, {0x043D,0x041D}, {0x043E,0x041E},
  {0x043F,0x041F}, {0x0440,0x0420}, {0x0441,0x0421}, {0x0442,0x0422},
  {0x0443,0x0423}, {0x0444,0x0424}, {0x0445,0x0425}, {0x0446,0x0426},
  {0x0447,0x0427}, {0x0448,0x0428}, {0x0449,0x0429}, {0x044A,0x042A},
  {0x044B,0x042B}, {0x044C,0x042C}, {0x044D,0x042D}, {0x044E,0x042E},
  {0x044F,0x042F}, {0x0450,0x0400}, {0x0451,0x0401}, {0x0452,0x0402},
  {0x0453,0x0403}, {0x0454,0x0404}, {0x0455,0x0405}, {0x0456,0x0406},
  {0x0457,0x0407}, {0x0458,0x0408}, {0x0459,0x0409}, {0x045A,0x040A},
  {0x045B,0x040B}, {0x045C,0x040C}, {0x045D,0x040D}, {0x045E,0x040E},
  {0x045F,0x040F}, {0x0461,0x0460}, {0x0463,0x0462}, {0x0465,0x0464},
  {0x0467,0x0466}, {0x0469,0x0468}, {0x046B,0x046A}, {0x046D,0x046C},
  {0x046F,0x046E}, {0x0471,0x0470}, {0x0473,0x0472}, {0x0475,0x0474},
  {0x0477,0x0476}, {0x0479,0x0478}, {0x047B,0x047A}, {0x047D,0x047C},
  {0x047F,0x047E}, {0x0481,0x0480}, {0x048B,0x048A}, {0x048D,0x048C},
  {0x048F,0x048E}, {0x0491,0x0490}, {0x0493,0x0492}, {0x0495,0x0494},
  {0x0497,0x0496}, {0x0499,0x0498}, {0x049B,0x049A}, {0x049D,0x049C},
  {0x049F,0x049E}, {0x04A1,0x04A0}, {0x04A3,0x04A2}, {0x04A5,0x04A4},
  {0x04A7,0x04A6}, {0x04A9,0x04A8}, {0x04AB,0x04AA}, {0x04AD,0x04AC},
  {0x04AF,0x04AE}, {0x04B1,0x04B0}, {0x04B3,0x04B2}, {0x04B5,0x04B4},
  {0x04B7,0x04B6}, {0x04B9,0x04B8}, {0x04BB,0x04BA}, {0x04BD,0x04BC},
  {0x04BF,0x04BE}, {0x04C2,0x04C1}, {0x04C4,0x04C3}, {0x04C6,0x04C5},
  {0x04C8,0x04C7}, {0x04CA,0x04C9}, {0x04CC,0x04CB}, {0x04CE,0x04CD},
  {0x04CF,0x04C0}, {0x04D1,0x04D0}, {0x04D3,0x04D2}, {0x04D5,0x04D4},
  {0x04D7,0x04D6}, {0x04D9,0x04D8}, {0x04DB,0x04DA}, {0x04DD,0x04DC},
  {0x04DF,0x04DE}, {0x04E1,0x04E0}, {0x04E3,0x04E2}, {0x04E5,0x04E4},
  {0x04E7,0x04E6}, {0x04E9,0x04E8}, {0x04EB,0x04EA}, {0x04ED,0x04EC},
  {0x04EF,0x04EE}, {0x04F1,0x04F0}, {0x04F3,0x04F2}, {0x04F5,0x04F4},
  {0x04F7,0x04F6}, {0x04F9,0x04F8}, {0x04FB,0x04FA}, {0x04FD,0x04FC},
  {0x04FF,0x04FE}, {0x0501,0x0500}, {0x0503,0x0502}, {0x0505,0x0504},
  {0x0507,0x0506}, {0x0509,0x0508}, {0x050B,0x050A}, {0x050D,0x050C},
  {0x050F,0x050E}, {0x0511,0x0510}, {0x0513,0x0512}, {0x0515,0x0514},
  {0x0517,0x0516}, {0x0519,0x0518}, {0x051B,0x051A}, {0x051D,0x051C},
  {0x051F,0x051E}, {0x0521,0x0520}, {0x0523,0x0522}, {0x0525,0x0524},
  {0x0527,0x0526}, {0x0529,0x0528}, {0x052B,0x052A}, {0x052D,0x052C},
  {0x052F,0x052E}, {0x0561,0x0531}, {0x0562,0x0532}, {0x0563,0x0533},
  {0x0564,0x0534}, {0x0565,0x0535}, {0x0566,0x0536}, {0x0567,0x0537},
  {0x0568,0x0538}, {0x0569,0x0539}, {0x056A,0x053A}, {0x056B,0x053B},
  {0x056C,0x053C}, {0x056D,0x053D}, {0x056E,0x053E}, {0x056F,0x053F},
  {0x0570,0x0540}, {0x0571,0x0541}, {0x0572,0x0542}, {0x0573,0x0543},
  {0x0574,0x0544}, {0x0575,0x0545}, {0x0576,0x0546}, {0x0577,0x0547},
  {0x0578,0x0548}, {0x0579,0x0549}, {0x057A,0x054A}, {0x057B,0x054B},
  {0x057C,0x054C}, {0x057D,0x054D}, {0x057E,0x054E}, {0x057F,0x054F},
  {0x0580,0x0550}, {0x0581,0x0551}, {0x0582,0x0552}, {0x0583,0x0553},
  {0x0584,0x0554}, {0x0585,0x0555}, {0x0586,0x0556}, {0x10D0,0x1C90},
  {0x10D1,0x1C91}, {0x10D2,0x1C92}, {0x10D3,0x1C93}, {0x10D4,0x1C94},
  {0x10D5,0x1C95}, {0x10D6,0x1C96}, {0x10D7,0x1C97}, {0x10D8,0x1C98},
  {0x10D9,0x1C99}, {0x10DA,0x1C9A}, {0x10DB,0x1C9B}, {0x10DC,0x1C9C},
  {0x10DD,0x1C9D}, {0x10DE,0x1C9E}, {0x10DF,0x1C9F}, {0x10E0,0x1CA0},
  {0x10E1,0x1CA1}, {0x10E2,0x1CA2}, {0x10E3,0x1CA3}, {0x10E4,0x1CA4},
  {0x10E5,0x1CA5}, {0x10E6,0x1CA6}, {0x10E7,0x1CA7}, {0x10E8,0x1CA8},
  {0x10E9,0x1CA9}, {0x10EA,0x1CAA}, {0x10EB,0x1CAB}, {0x10EC,0x1CAC},
  {0x10ED,0x1CAD}, {0x10EE,0x1CAE}, {0x10EF,0x1CAF}, {0x10F0,0x1CB0},
  {0x10F1,0x1CB1}, {0x10F2,0x1CB2}, {0x10F3,0x1CB3}, {0x10F4,0x1CB4},
  {0x10F5,0x1CB5}, {0x10F6,0x1CB6}, {0x10F7,0x1CB7}, {0x10F8,0x1CB8},
  {0x10F9,0x1CB9}, {0x10FA,0x1CBA}, {0x10FD,0x1CBD}, {0x10FE,0x1CBE},
  {0x10FF,0x1CBF}, {0x13F8,0x13F0}, {0x13F9,0x13F1}, {0x13FA,0x13F2},
  {0x13FB,0x13F3}, {0x13FC,0x13F4}, {0x13FD,0x13F5}, {0x1C80,0x0412},
  {0x1C81,0x0414}, {0x1C82,0x041E}, {0x1C83,0x0421}, {0x1C84,0x0422},
  {0x1C85,0x0422}, {0x1C86,0x042A}, {0x1C87,0x0462}, {0x1C88,0xA64A},
  {0x1C8A,0x1C89}, {0x1D79,0xA77D}, {0x1D7D,0x2C63}, {0x1D8E,0xA7C6},
  {0x1E01,0x1E00}, {0x1E03,0x1E02}, {0x1E05,0x1E04}, {0x1E07,0x1E06},
  {0x1E09,0x1E08}, {0x1E0B,0x1E0A}, {0x1E0D,0x1E0C}, {0x1E0F,0x1E0E},
  {0x1E11,0x1E10}, {0x1E13,0x1E12}, {0x1E15,0x1E14}, {0x1E17,0x1E16},
  {0x1E19,0x1E18}, {0x1E1B,0x1E1A}, {0x1E1D,0x1E1C}, {0x1E1F,0x1E1E},
  {0x1E21,0x1E20}, {0x1E23,0x1E22}, {0x1E25,0x1E24}, {0x1E27,0x1E26},
  {0x1E29,0x1E28}, {0x1E2B,0x1E2A}, {0x1E2D,0x1E2C}, {0x1E2F,0x1E2E},
  {0x1E31,0x1E30}, {0x1E33,0x1E32}, {0x1E35,0x1E34}, {0x1E37,0x1E36},
  {0x1E39,0x1E38}, {0x1E3B,0x1E3A}, {0x1E3D,0x1E3C}, {0x1E3F,0x1E3E},
  {0x1E41,0x1E40}, {0x1E43,0x1E42}, {0x1E45,0x1E44}, {0x1E47,0x1E46},
  {0x1E49,0x1E48}, {0x1E4B,0x1E4A}, {0x1E4D,0x1E4C}, {0x1E4F,0x1E4E},
  {0x1E51,0x1E50}, {0x1E53,0x1E52}, {0x1E55,0x1E54}, {0x1E57,0x1E56},
  {0x1E59,0x1E58}, {0x1E5B,0x1E5A}, {0x1E5D,0x1E5C}, {0x1E5F,0x1E5E},
  {0x1E61,0x1E60}, {0x1E63,0x1E62}, {0x1E65,0x1E64}, {0x1E67,0x1E66},
  {0x1E69,0x1E68}, {0x1E6B,0x1E6A}, {0x1E6D,0x1E6C}, {0x1E6F,0x1E6E},
  {0x1E71,0x1E70}, {0x1E73,0x1E72}, {0x1E75,0x1E74}, {0x1E77,0x1E76},
  {0x1E79,0x1E78}, {0x1E7B,0x1E7A}, {0x1E7D,0x1E7C}, {0x1E7F,0x1E7E},
  {0x1E81,0x1E80}, {0x1E83,0x1E82}, {0x1E85,0x1E84}, {0x1E87,0x1E86},
  {0x1E89,0x1E88}, {0x1E8B,0x1E8A}, {0x1E8D,0x1E8C}, {0x1E8F,0x1E8E},
  {0x1E91,0x1E90}, {0x1E93,0x1E92}, {0x1E95,0x1E94}, {0x1E9B,0x1E60},
  {0x1EA1,0x1EA0}, {0x1EA3,0x1EA2}, {0x1EA5,0x1EA4}, {0x1EA7,0x1EA6},
  {0x1EA9,0x1EA8}, {0x1EAB,0x1EAA}, {0x1EAD,0x1EAC}, {0x1EAF,0x1EAE},
  {0x1EB1,0x1EB0}, {0x1EB3,0x1EB2}, {0x1EB5,0x1EB4}, {0x1EB7,0x1EB6},
  {0x1EB9,0x1EB8}, {0x1EBB,0x1EBA}, {0x1EBD,0x1EBC}, {0x1EBF,0x1EBE},
  {0x1EC1,0x1EC0}, {0x1EC3,0x1EC2}, {0x1EC5,0x1EC4}, {0x1EC7,0x1EC6},
  {0x1EC9,0x1EC8}, {0x1ECB,0x1ECA}, {0x1ECD,0x1ECC}, {0x1ECF,0x1ECE},
  {0x1ED1,0x1ED0}, {0x1ED3,0x1ED2}, {0x1ED5,0x1ED4}, {0x1ED7,0x1ED6},
  {0x1ED9,0x1ED8}, {0x1EDB,0x1EDA}, {0x1EDD,0x1EDC}, {0x1EDF,0x1EDE},
  {0x1EE1,0x1EE0}, {0x1EE3,0x1EE2}, {0x1EE5,0x1EE4}, {0x1EE7,0x1EE6},
  {0x1EE9,0x1EE8}, {0x1EEB,0x1EEA}, {0x1EED,0x1EEC}, {0x1EEF,0x1EEE},
  {0x1EF1,0x1EF0}, {0x1EF3,0x1EF2}, {0x1EF5,0x1EF4}, {0x1EF7,0x1EF6},
  {0x1EF9,0x1EF8}, {0x1EFB,0x1EFA}, {0x1EFD,0x1EFC}, {0x1EFF,0x1EFE},
  {0x1F00,0x1F08}, {0x1F01,0x1F09}, {0x1F02,0x1F0A}, {0x1F03,0x1F0B},
  {0x1F04,0x1F0C}, {0x1F05,0x1F0D}, {0x1F06,0x1F0E}, {0x1F07,0x1F0F},
  {0x1F10,0x1F18}, {0x1F11,0x1F19}, {0x1F12,0x1F1A}, {0x1F13,0x1F1B},
  {0x1F14,0x1F1C}, {0x1F15,0x1F1D}, {0x1F20,0x1F28}, {0x1F21,0x1F29},
  {0x1F22,0x1F2A}, {0x1F23,0x1F2B}, {0x1F24,0x1F2C}, {0x1F25,0x1F2D},
  {0x1F26,0x1F2E}, {0x1F27,0x1F2F}, {0x1F30,0x1F38}, {0x1F31,0x1F39},
  {0x1F32,0x1F3A}, {0x1F33,0x1F3B}, {0x1F34,0x1F3C}, {0x1F35,0x1F3D},
  {0x1F36,0x1F3E}, {0x1F37,0x1F3F}, {0x1F40,0x1F48}, {0x1F41,0x1F49},
  {0x1F42,0x1F4A}, {0x1F43,0x1F4B}, {0x1F44,0x1F4C}, {0x1F45,0x1F4D},
  {0x1F51,0x1F59}, {0x1F53,0x1F5B}, {0x1F55,0x1F5D}, {0x1F57,0x1F5F},
  {0x1F60,0x1F68}, {0x1F61,0x1F69}, {0x1F62,0x1F6A}, {0x1F63,0x1F6B},
  {0x1F64,0x1F6C}, {0x1F65,0x1F6D}, {0x1F66,0x1F6E}, {0x1F67,0x1F6F},
  {0x1F70,0x1FBA}, {0x1F71,0x1FBB}, {0x1F72,0x1FC8}, {0x1F73,0x1FC9},
  {0x1F74,0x1FCA}, {0x1F75,0x1FCB}, {0x1F76,0x1FDA}, {0x1F77,0x1FDB},
  {0x1F78,0x1FF8}, {0x1F79,0x1FF9}, {0x1F7A,0x1FEA}, {0x1F7B,0x1FEB},
  {0x1F7C,0x1FFA}, {0x1F7D,0x1FFB}, {0x1FB0,0x1FB8}, {0x1FB1,0x1FB9},
  {0x1FBE,0x0399}, {0x1FD0,0x1FD8}, {0x1FD1,0x1FD9}, {0x1FE0,0x1FE8},
  {0x1FE1,0x1FE9}, {0x1FE5,0x1FEC}, {0x214E,0x2132}, {0x2170,0x2160},
  {0x2171,0x2161}, {0x2172,0x2162}, {0x2173,0x2163}, {0x2174,0x2164},
  {0x2175,0x2165}, {0x2176,0x2166}, {0x2177,0x2167}, {0x2178,0x2168},
  {0x2179,0x2169}, {0x217A,0x216A}, {0x217B,0x216B}, {0x217C,0x216C},
  {0x217D,0x216D}, {0x217E,0x216E}, {0x217F,0x216F}, {0x2184,0x2183},
  {0x24D0,0x24B6}, {0x24D1,0x24B7}, {0x24D2,0x24B8}, {0x24D3,0x24B9},
  {0x24D4,0x24BA}, {0x24D5,0x24BB}, {0x24D6,0x24BC}, {0x24D7,0x24BD},
  {0x24D8,0x24BE}, {0x24D9,0x24BF}, {0x24DA,0x24C0}, {0x24DB,0x24C1},
  {0x24DC,0x24C2}, {0x24DD,0x24C3}, {0x24DE,0x24C4}, {0x24DF,0x24C5},
  {0x24E0,0x24C6}, {0x24E1,0x24C7}, {0x24E2,0x24C8}, {0x24E3,0x24C9},
  {0x24E4,0x24CA}, {0x24E5,0x24CB}, {0x24E6,0x24CC}, {0x24E7,0x24CD},
  {0x24E8,0x24CE}, {0x24E9,0x24CF}, {0x2C30,0x2C00}, {0x2C31,0x2C01},
  {0x2C32,0x2C02}, {0x2C33,0x2C03}, {0x2C34,0x2C04}, {0x2C35,0x2C05},
  {0x2C36,0x2C06}, {0x2C37,0x2C07}, {0x2C38,0x2C08}, {0x2C39,0x2C09},
  {0x2C3A,0x2C0A}, {0x2C3B,0x2C0B}, {0x2C3C,0x2C0C}, {0x2C3D,0x2C0D},
  {0x2C3E,0x2C0E}, {0x2C3F,0x2C0F}, {0x2C40,0x2C10}, {0x2C41,0x2C11},
  {0x2C42,0x2C12}, {0x2C43,0x2C13}, {0x2C44,0x2C14}, {0x2C45,0x2C15},
  {0x2C46,0x2C16}, {0x2C47,0x2C17}, {0x2C48,0x2C18}, {0x2C49,0x2C19},
  {0x2C4A,0x2C1A}, {0x2C4B,0x2C1B}, {0x2C4C,0x2C1C}, {0x2C4D,0x2C1D},
  {0x2C4E,0x2C1E}, {0x2C4F,0x2C1F}, {0x2C50,0x2C20}, {0x2C51,0x2C21},
  {0x2C52,0x2C22}, {0x2C53,0x2C23}, {0x2C54,0x2C24}, {0x2C55,0x2C25},
  {0x2C56,0x2C26}, {0x2C57,0x2C27}, {0x2C58,0x2C28}, {0x2C59,0x2C29},
  {0x2C5A,0x2C2A}, {0x2C5B,0x2C2B}, {0x2C5C,0x2C2C}, {0x2C5D,0x2C2D},
  {0x2C5E,0x2C2E}, {0x2C5F,0x2C2F}, {0x2C61,0x2C60}, {0x2C65,0x023A},
  {0x2C66,0x023E}, {0x2C68,0x2C67}, {0x2C6A,0x2C69}, {0x2C6C,0x2C6B},
  {0x2C73,0x2C72}, {0x2C76,0x2C75}, {0x2C81,0x2C80}, {0x2C83,0x2C82},
  {0x2C85,0x2C84}, {0x2C87,0x2C86}, {0x2C89,0x2C88}, {0x2C8B,0x2C8A},
  {0x2C8D,0x2C8C}, {0x2C8F,0x2C8E}, {0x2C91,0x2C90}, {0x2C93,0x2C92},
  {0x2C95,0x2C94}, {0x2C97,0x2C96}, {0x2C99,0x2C98}, {0x2C9B,0x2C9A},
  {0x2C9D,0x2C9C}, {0x2C9F,0x2C9E}, {0x2CA1,0x2CA0}, {0x2CA3,0x2CA2},
  {0x2CA5,0x2CA4}, {0x2CA7,0x2CA6}, {0x2CA9,0x2CA8}, {0x2CAB,0x2CAA},
  {0x2CAD,0x2CAC}, {0x2CAF,0x2CAE}, {0x2CB1,0x2CB0}, {0x2CB3,0x2CB2},
  {0x2CB5,0x2CB4}, {0x2CB7,0x2CB6}, {0x2CB9,0x2CB8}, {0x2CBB,0x2CBA},
  {0x2CBD,0x2CBC}, {0x2CBF,0x2CBE}, {0x2CC1,0x2CC0}, {0x2CC3,0x2CC2},
  {0x2CC5,0x2CC4}, {0x2CC7,0x2CC6}, {0x2CC9,0x2CC8}, {0x2CCB,0x2CCA},
  {0x2CCD,0x2CCC}, {0x2CCF,0x2CCE}, {0x2CD1,0x2CD0}, {0x2CD3,0x2CD2},
  {0x2CD5,0x2CD4}, {0x2CD7,0x2CD6}, {0x2CD9,0x2CD8}, {0x2CDB,0x2CDA},
  {0x2CDD,0x2CDC}, {0x2CDF,0x2CDE}, {0x2CE1,0x2CE0}, {0x2CE3,0x2CE2},
  {0x2CEC,0x2CEB}, {0x2CEE,0x2CED}, {0x2CF3,0x2CF2}, {0x2D00,0x10A0},
  {0x2D01,0x10A1}, {0x2D02,0x10A2}, {0x2D03,0x10A3}, {0x2D04,0x10A4},
  {0x2D05,0x10A5}, {0x2D06,0x10A6}, {0x2D07,0x10A7}, {0x2D08,0x10A8},
  {0x2D09,0x10A9}, {0x2D0A,0x10AA}, {0x2D0B,0x10AB}, {0x2D0C,0x10AC},
  {0x2D0D,0x10AD}, {0x2D0E,0x10AE}, {0x2D0F,0x10AF}, {0x2D10,0x10B0},
  {0x2D11,0x10B1}, {0x2D12,0x10B2}, {0x2D13,0x10B3}, {0x2D14,0x10B4},
  {0x2D15,0x10B5}, {0x2D16,0x10B6}, {0x2D17,0x10B7}, {0x2D18,0x10B8},
  {0x2D19,0x10B9}, {0x2D1A,0x10BA}, {0x2D1B,0x10BB}, {0x2D1C,0x10BC},
  {0x2D1D,0x10BD}, {0x2D1E,0x10BE}, {0x2D1F,0x10BF}, {0x2D20,0x10C0},
  {0x2D21,0x10C1}, {0x2D22,0x10C2}, {0x2D23,0x10C3}, {0x2D24,0x10C4},
  {0x2D25,0x10C5}, {0x2D27,0x10C7}, {0x2D2D,0x10CD}, {0xA641,0xA640},
  {0xA643,0xA642}, {0xA645,0xA644}, {0xA647,0xA646}, {0xA649,0xA648},
  {0xA64B,0xA64A}, {0xA64D,0xA64C}, {0xA64F,0xA64E}, {0xA651,0xA650},
  {0xA653,0xA652}, {0xA655,0xA654}, {0xA657,0xA656}, {0xA659,0xA658},
  {0xA65B,0xA65A}, {0xA65D,0xA65C}, {0xA65F,0xA65E}, {0xA661,0xA660},
  {0xA663,0xA662}, {0xA665,0xA664}, {0xA667,0xA666}, {0xA669,0xA668},
  {0xA66B,0xA66A}, {0xA66D,0xA66C}, {0xA681,0xA680}, {0xA683,0xA682},
  {0xA685,0xA684}, {0xA687,0xA686}, {0xA689,0xA688}, {0xA68B,0xA68A},
  {0xA68D,0xA68C}, {0xA68F,0xA68E}, {0xA691,0xA690}, {0xA693,0xA692},
  {0xA695,0xA694}, {0xA697,0xA696}, {0xA699,0xA698}, {0xA69B,0xA69A},
  {0xA723,0xA722}, {0xA725,0xA724}, {0xA727,0xA726}, {0xA729,0xA728},
  {0xA72B,0xA72A}, {0xA72D,0xA72C}, {0xA72F,0xA72E}, {0xA733,0xA732},
  {0xA735,0xA734}, {0xA737,0xA736}, {0xA739,0xA738}, {0xA73B,0xA73A},
  {0xA73D,0xA73C}, {0xA73F,0xA73E}, {0xA741,0xA740}, {0xA743,0xA742},
  {0xA745,0xA744}, {0xA747,0xA746}, {0xA749,0xA748}, {0xA74B,0xA74A},
  {0xA74D,0xA74C}, {0xA74F,0xA74E}, {0xA751,0xA750}, {0xA753,0xA752},
  {0xA755,0xA754}, {0xA757,0xA756}, {0xA759,0xA758}, {0xA75B,0xA75A},
  {0xA75D,0xA75C}, {0xA75F,0xA75E}, {0xA761,0xA760}, {0xA763,0xA762},
  {0xA765,0xA764}, {0xA767,0xA766}, {0xA769,0xA768}, {0xA76B,0xA76A},
  {0xA76D,0xA76C}, {0xA76F,0xA76E}, {0xA77A,0xA779}, {0xA77C,0xA77B},
  {0xA77F,0xA77E}, {0xA781,0xA780}, {0xA783,0xA782}, {0xA785,0xA784},
  {0xA787,0xA786}, {0xA78C,0xA78B}, {0xA791,0xA790}, {0xA793,0xA792},
  {0xA794,0xA7C4}, {0xA797,0xA796}, {0xA799,0xA798}, {0xA79B,0xA79A},
  {0xA79D,0xA79C}, {0xA79F,0xA79E}, {0xA7A1,0xA7A0}, {0xA7A3,0xA7A2},
  {0xA7A5,0xA7A4}, {0xA7A7,0xA7A6}, {0xA7A9,0xA7A8}, {0xA7B5,0xA7B4},
  {0xA7B7,0xA7B6}, {0xA7B9,0xA7B8}, {0xA7BB,0xA7BA}, {0xA7BD,0xA7BC},
  {0xA7BF,0xA7BE}, {0xA7C1,0xA7C0}, {0xA7C3,0xA7C2}, {0xA7C8,0xA7C7},
  {0xA7CA,0xA7C9}, {0xA7CD,0xA7CC}, {0xA7CF,0xA7CE}, {0xA7D1,0xA7D0},
  {0xA7D3,0xA7D2}, {0xA7D5,0xA7D4}, {0xA7D7,0xA7D6}, {0xA7D9,0xA7D8},
  {0xA7DB,0xA7DA}, {0xA7F6,0xA7F5}, {0xAB53,0xA7B3}, {0xAB70,0x13A0},
  {0xAB71,0x13A1}, {0xAB72,0x13A2}, {0xAB73,0x13A3}, {0xAB74,0x13A4},
  {0xAB75,0x13A5}, {0xAB76,0x13A6}, {0xAB77,0x13A7}, {0xAB78,0x13A8},
  {0xAB79,0x13A9}, {0xAB7A,0x13AA}, {0xAB7B,0x13AB}, {0xAB7C,0x13AC},
  {0xAB7D,0x13AD}, {0xAB7E,0x13AE}, {0xAB7F,0x13AF}, {0xAB80,0x13B0},
  {0xAB81,0x13B1}, {0xAB82,0x13B2}, {0xAB83,0x13B3}, {0xAB84,0x13B4},
  {0xAB85,0x13B5}, {0xAB86,0x13B6}, {0xAB87,0x13B7}, {0xAB88,0x13B8},
  {0xAB89,0x13B9}, {0xAB8A,0x13BA}, {0xAB8B,0x13BB}, {0xAB8C,0x13BC},
  {0xAB8D,0x13BD}, {0xAB8E,0x13BE}, {0xAB8F,0x13BF}, {0xAB90,0x13C0},
  {0xAB91,0x13C1}, {0xAB92,0x13C2}, {0xAB93,0x13C3}, {0xAB94,0x13C4},
  {0xAB95,0x13C5}, {0xAB96,0x13C6}, {0xAB97,0x13C7}, {0xAB98,0x13C8},
  {0xAB99,0x13C9}, {0xAB9A,0x13CA}, {0xAB9B,0x13CB}, {0xAB9C,0x13CC},
  {0xAB9D,0x13CD}, {0xAB9E,0x13CE}, {0xAB9F,0x13CF}, {0xABA0,0x13D0},
  {0xABA1,0x13D1}, {0xABA2,0x13D2}, {0xABA3,0x13D3}, {0xABA4,0x13D4},
  {0xABA5,0x13D5}, {0xABA6,0x13D6}, {0xABA7,0x13D7}, {0xABA8,0x13D8},
  {0xABA9,0x13D9}, {0xABAA,0x13DA}, {0xABAB,0x13DB}, {0xABAC,0x13DC},
  {0xABAD,0x13DD}, {0xABAE,0x13DE}, {0xABAF,0x13DF}, {0xABB0,0x13E0},
  {0xABB1,0x13E1}, {0xABB2,0x13E2}, {0xABB3,0x13E3}, {0xABB4,0x13E4},
  {0xABB5,0x13E5}, {0xABB6,0x13E6}, {0xABB7,0x13E7}, {0xABB8,0x13E8},
  {0xABB9,0x13E9}, {0xABBA,0x13EA}, {0xABBB,0x13EB}, {0xABBC,0x13EC},
  {0xABBD,0x13ED}, {0xABBE,0x13EE}, {0xABBF,0x13EF}, {0xFF41,0xFF21},
  {0xFF42,0xFF22}, {0xFF43,0xFF23}, {0xFF44,0xFF24}, {0xFF45,0xFF25},
  {0xFF46,0xFF26}, {0xFF47,0xFF27}, {0xFF48,0xFF28}, {0xFF49,0xFF29},
  {0xFF4A,0xFF2A}, {0xFF4B,0xFF2B}, {0xFF4C,0xFF2C}, {0xFF4D,0xFF2D},
  {0xFF4E,0xFF2E}, {0xFF4F,0xFF2F}, {0xFF50,0xFF30}, {0xFF51,0xFF31},
  {0xFF52,0xFF32}, {0xFF53,0xFF33}, {0xFF54,0xFF34}, {0xFF55,0xFF35},
  {0xFF56,0xFF36}, {0xFF57,0xFF37}, {0xFF58,0xFF38}, {0xFF59,0xFF39},
  {0xFF5A,0xFF3A},
};
const size_t grx_unicode_es_legacy_map_count = 1169;

const uint32_t grx_unicode_es_legacy_orbit_members[] = {
  0x0041, 0x0061, 0x0042, 0x0062, 0x0043, 0x0063, 0x0044, 0x0064,
  0x0045, 0x0065, 0x0046, 0x0066, 0x0047, 0x0067, 0x0048, 0x0068,
  0x0049, 0x0069, 0x004A, 0x006A, 0x004B, 0x006B, 0x004C, 0x006C,
  0x004D, 0x006D, 0x004E, 0x006E, 0x004F, 0x006F, 0x0050, 0x0070,
  0x0051, 0x0071, 0x0052, 0x0072, 0x0053, 0x0073, 0x0054, 0x0074,
  0x0055, 0x0075, 0x0056, 0x0076, 0x0057, 0x0077, 0x0058, 0x0078,
  0x0059, 0x0079, 0x005A, 0x007A, 0x00B5, 0x039C, 0x03BC, 0x00C0,
  0x00E0, 0x00C1, 0x00E1, 0x00C2, 0x00E2, 0x00C3, 0x00E3, 0x00C4,
  0x00E4, 0x00C5, 0x00E5, 0x00C6, 0x00E6, 0x00C7, 0x00E7, 0x00C8,
  0x00E8, 0x00C9, 0x00E9, 0x00CA, 0x00EA, 0x00CB, 0x00EB, 0x00CC,
  0x00EC, 0x00CD, 0x00ED, 0x00CE, 0x00EE, 0x00CF, 0x00EF, 0x00D0,
  0x00F0, 0x00D1, 0x00F1, 0x00D2, 0x00F2, 0x00D3, 0x00F3, 0x00D4,
  0x00F4, 0x00D5, 0x00F5, 0x00D6, 0x00F6, 0x00D8, 0x00F8, 0x00D9,
  0x00F9, 0x00DA, 0x00FA, 0x00DB, 0x00FB, 0x00DC, 0x00FC, 0x00DD,
  0x00FD, 0x00DE, 0x00FE, 0x00FF, 0x0178, 0x0100, 0x0101, 0x0102,
  0x0103, 0x0104, 0x0105, 0x0106, 0x0107, 0x0108, 0x0109, 0x010A,
  0x010B, 0x010C, 0x010D, 0x010E, 0x010F, 0x0110, 0x0111, 0x0112,
  0x0113, 0x0114, 0x0115, 0x0116, 0x0117, 0x0118, 0x0119, 0x011A,
  0x011B, 0x011C, 0x011D, 0x011E, 0x011F, 0x0120, 0x0121, 0x0122,
  0x0123, 0x0124, 0x0125, 0x0126, 0x0127, 0x0128, 0x0129, 0x012A,
  0x012B, 0x012C, 0x012D, 0x012E, 0x012F, 0x0132, 0x0133, 0x0134,
  0x0135, 0x0136, 0x0137, 0x0139, 0x013A, 0x013B, 0x013C, 0x013D,
  0x013E, 0x013F, 0x0140, 0x0141, 0x0142, 0x0143, 0x0144, 0x0145,
  0x0146, 0x0147, 0x0148, 0x014A, 0x014B, 0x014C, 0x014D, 0x014E,
  0x014F, 0x0150, 0x0151, 0x0152, 0x0153, 0x0154, 0x0155, 0x0156,
  0x0157, 0x0158, 0x0159, 0x015A, 0x015B, 0x015C, 0x015D, 0x015E,
  0x015F, 0x0160, 0x0161, 0x0162, 0x0163, 0x0164, 0x0165, 0x0166,
  0x0167, 0x0168, 0x0169, 0x016A, 0x016B, 0x016C, 0x016D, 0x016E,
  0x016F, 0x0170, 0x0171, 0x0172, 0x0173, 0x0174, 0x0175, 0x0176,
  0x0177, 0x0179, 0x017A, 0x017B, 0x017C, 0x017D, 0x017E, 0x0180,
  0x0243, 0x0181, 0x0253, 0x0182, 0x0183, 0x0184, 0x0185, 0x0186,
  0x0254, 0x0187, 0x0188, 0x0189, 0x0256, 0x018A, 0x0257, 0x018B,
  0x018C, 0x018E, 0x01DD, 0x018F, 0x0259, 0x0190, 0x025B, 0x0191,
  0x0192, 0x0193, 0x0260, 0x0194, 0x0263, 0x0195, 0x01F6, 0x0196,
  0x0269, 0x0197, 0x0268, 0x0198, 0x0199, 0x019A, 0x023D, 0x019B,
  0xA7DC, 0x019C, 0x026F, 0x019D, 0x0272, 0x019E, 0x0220, 0x019F,
  0x0275, 0x01A0, 0x01A1, 0x01A2, 0x01A3, 0x01A4, 0x01A5, 0x01A6,
  0x0280, 0x01A7, 0x01A8, 0x01A9, 0x0283, 0x01AC, 0x01AD, 0x01AE,
  0x0288, 0x01AF, 0x01B0, 0x01B1, 0x028A, 0x01B2, 0x028B, 0x01B3,
  0x01B4, 0x01B5, 0x01B6, 0x01B7, 0x0292, 0x01B8, 0x01B9, 0x01BC,
  0x01BD, 0x01BF, 0x01F7, 0x01C4, 0x01C5, 0x01C6, 0x01C7, 0x01C8,
  0x01C9, 0x01CA, 0x01CB, 0x01CC, 0x01CD, 0x01CE, 0x01CF, 0x01D0,
  0x01D1, 0x01D2, 0x01D3, 0x01D4, 0x01D5, 0x01D6, 0x01D7, 0x01D8,
  0x01D9, 0x01DA, 0x01DB, 0x01DC, 0x01DE, 0x01DF, 0x01E0, 0x01E1,
  0x01E2, 0x01E3, 0x01E4, 0x01E5, 0x01E6, 0x01E7, 0x01E8, 0x01E9,
  0x01EA, 0x01EB, 0x01EC, 0x01ED, 0x01EE, 0x01EF, 0x01F1, 0x01F2,
  0x01F3, 0x01F4, 0x01F5, 0x01F8, 0x01F9, 0x01FA, 0x01FB, 0x01FC,
  0x01FD, 0x01FE, 0x01FF, 0x0200, 0x0201, 0x0202, 0x0203, 0x0204,
  0x0205, 0x0206, 0x0207, 0x0208, 0x0209, 0x020A, 0x020B, 0x020C,
  0x020D, 0x020E, 0x020F, 0x0210, 0x0211, 0x0212, 0x0213, 0x0214,
  0x0215, 0x0216, 0x0217, 0x0218, 0x0219, 0x021A, 0x021B, 0x021C,
  0x021D, 0x021E, 0x021F, 0x0222, 0x0223, 0x0224, 0x0225, 0x0226,
  0x0227, 0x0228, 0x0229, 0x022A, 0x022B, 0x022C, 0x022D, 0x022E,
  0x022F, 0x0230, 0x0231, 0x0232, 0x0233, 0x023A, 0x2C65, 0x023B,
  0x023C, 0x023E, 0x2C66, 0x023F, 0x2C7E, 0x0240, 0x2C7F, 0x0241,
  0x0242, 0x0244, 0x0289, 0x0245, 0x028C, 0x0246, 0x0247, 0x0248,
  0x0249, 0x024A, 0x024B, 0x024C, 0x024D, 0x024E, 0x024F, 0x0250,
  0x2C6F, 0x0251, 0x2C6D, 0x0252, 0x2C70, 0x025C, 0xA7AB, 0x0261,
  0xA7AC, 0x0264, 0xA7CB, 0x0265, 0xA78D, 0x0266, 0xA7AA, 0x026A,
  0xA7AE, 0x026B, 0x2C62, 0x026C, 0xA7AD, 0x0271, 0x2C6E, 0x027D,
  0x2C64, 0x0282, 0xA7C5, 0x0287, 0xA7B1, 0x029D, 0xA7B2, 0x029E,
  0xA7B0, 0x0345, 0x0399, 0x03B9, 0x1FBE, 0x0370, 0x0371, 0x0372,
  0x0373, 0x0376, 0x0377, 0x037B, 0x03FD, 0x037C, 0x03FE, 0x037D,
  0x03FF, 0x037F, 0x03F3, 0x0386, 0x03AC, 0x0388, 0x03AD, 0x0389,
  0x03AE, 0x038A, 0x03AF, 0x038C, 0x03CC, 0x038E, 0x03CD, 0x038F,
  0x03CE, 0x0391, 0x03B1, 0x0392, 0x03B2, 0x03D0, 0x0393, 0x03B3,
  0x0394, 0x03B4, 0x0395, 0x03B5, 0x03F5, 0x0396, 0x03B6, 0x0397,
  0x03B7, 0x0398, 0x03B8, 0x03D1, 0x039A, 0x03BA, 0x03F0, 0x039B,
  0x03BB, 0x039D, 0x03BD, 0x039E, 0x03BE, 0x039F, 0x03BF, 0x03A0,
  0x03C0, 0x03D6, 0x03A1, 0x03C1, 0x03F1, 0x03A3, 0x03C2, 0x03C3,
  0x03A4, 0x03C4, 0x03A5, 0x03C5, 0x03A6, 0x03C6, 0x03D5, 0x03A7,
  0x03C7, 0x03A8, 0x03C8, 0x03A9, 0x03C9, 0x03AA, 0x03CA, 0x03AB,
  0x03CB, 0x03CF, 0x03D7, 0x03D8, 0x03D9, 0x03DA, 0x03DB, 0x03DC,
  0x03DD, 0x03DE, 0x03DF, 0x03E0, 0x03E1, 0x03E2, 0x03E3, 0x03E4,
  0x03E5, 0x03E6, 0x03E7, 0x03E8, 0x03E9, 0x03EA, 0x03EB, 0x03EC,
  0x03ED, 0x03EE, 0x03EF, 0x03F2, 0x03F9, 0x03F7, 0x03F8, 0x03FA,
  0x03FB, 0x0400, 0x0450, 0x0401, 0x0451, 0x0402, 0x0452, 0x0403,
  0x0453, 0x0404, 0x0454, 0x0405, 0x0455, 0x0406, 0x0456, 0x0407,
  0x0457, 0x0408, 0x0458, 0x0409, 0x0459, 0x040A, 0x045A, 0x040B,
  0x045B, 0x040C, 0x045C, 0x040D, 0x045D, 0x040E, 0x045E, 0x040F,
  0x045F, 0x0410, 0x0430, 0x0411, 0x0431, 0x0412, 0x0432, 0x1C80,
  0x0413, 0x0433, 0x0414, 0x0434, 0x1C81, 0x0415, 0x0435, 0x0416,
  0x0436, 0x0417, 0x0437, 0x0418, 0x0438, 0x0419, 0x0439, 0x041A,
  0x043A, 0x041B, 0x043B, 0x041C, 0x043C, 0x041D, 0x043D, 0x041E,
  0x043E, 0x1C82, 0x041F, 0x043F, 0x0420, 0x0440, 0x0421, 0x0441,
  0x1C83, 0x0422, 0x0442, 0x1C84, 0x1C85, 0x0423, 0x0443, 0x0424,
  0x0444, 0x0425, 0x0445, 0x0426, 0x0446, 0x0427, 0x0447, 0x0428,
  0x0448, 0x0429, 0x0449, 0x042A, 0x044A, 0x1C86, 0x042B, 0x044B,
  0x042C, 0x044C, 0x042D, 0x044D, 0x042E, 0x044E, 0x042F, 0x044F,
  0x0460, 0x0461, 0x0462, 0x0463, 0x1C87, 0x0464, 0x0465, 0x0466,
  0x0467, 0x0468, 0x0469, 0x046A, 0x046B, 0x046C, 0x046D, 0x046E,
  0x046F, 0x0470, 0x0471, 0x0472, 0x0473, 0x0474, 0x0475, 0x0476,
  0x0477, 0x0478, 0x0479, 0x047A, 0x047B, 0x047C, 0x047D, 0x047E,
  0x047F, 0x0480, 0x0481, 0x048A, 0x048B, 0x048C, 0x048D, 0x048E,
  0x048F, 0x0490, 0x0491, 0x0492, 0x0493, 0x0494, 0x0495, 0x0496,
  0x0497, 0x0498, 0x0499, 0x049A, 0x049B, 0x049C, 0x049D, 0x049E,
  0x049F, 0x04A0, 0x04A1, 0x04A2, 0x04A3, 0x04A4, 0x04A5, 0x04A6,
  0x04A7, 0x04A8, 0x04A9, 0x04AA, 0x04AB, 0x04AC, 0x04AD, 0x04AE,
  0x04AF, 0x04B0, 0x04B1, 0x04B2, 0x04B3, 0x04B4, 0x04B5, 0x04B6,
  0x04B7, 0x04B8, 0x04B9, 0x04BA, 0x04BB, 0x04BC, 0x04BD, 0x04BE,
  0x04BF, 0x04C0, 0x04CF, 0x04C1, 0x04C2, 0x04C3, 0x04C4, 0x04C5,
  0x04C6, 0x04C7, 0x04C8, 0x04C9, 0x04CA, 0x04CB, 0x04CC, 0x04CD,
  0x04CE, 0x04D0, 0x04D1, 0x04D2, 0x04D3, 0x04D4, 0x04D5, 0x04D6,
  0x04D7, 0x04D8, 0x04D9, 0x04DA, 0x04DB, 0x04DC, 0x04DD, 0x04DE,
  0x04DF, 0x04E0, 0x04E1, 0x04E2, 0x04E3, 0x04E4, 0x04E5, 0x04E6,
  0x04E7, 0x04E8, 0x04E9, 0x04EA, 0x04EB, 0x04EC, 0x04ED, 0x04EE,
  0x04EF, 0x04F0, 0x04F1, 0x04F2, 0x04F3, 0x04F4, 0x04F5, 0x04F6,
  0x04F7, 0x04F8, 0x04F9, 0x04FA, 0x04FB, 0x04FC, 0x04FD, 0x04FE,
  0x04FF, 0x0500, 0x0501, 0x0502, 0x0503, 0x0504, 0x0505, 0x0506,
  0x0507, 0x0508, 0x0509, 0x050A, 0x050B, 0x050C, 0x050D, 0x050E,
  0x050F, 0x0510, 0x0511, 0x0512, 0x0513, 0x0514, 0x0515, 0x0516,
  0x0517, 0x0518, 0x0519, 0x051A, 0x051B, 0x051C, 0x051D, 0x051E,
  0x051F, 0x0520, 0x0521, 0x0522, 0x0523, 0x0524, 0x0525, 0x0526,
  0x0527, 0x0528, 0x0529, 0x052A, 0x052B, 0x052C, 0x052D, 0x052E,
  0x052F, 0x0531, 0x0561, 0x0532, 0x0562, 0x0533, 0x0563, 0x0534,
  0x0564, 0x0535, 0x0565, 0x0536, 0x0566, 0x0537, 0x0567, 0x0538,
  0x0568, 0x0539, 0x0569, 0x053A, 0x056A, 0x053B, 0x056B, 0x053C,
  0x056C, 0x053D, 0x056D, 0x053E, 0x056E, 0x053F, 0x056F, 0x0540,
  0x0570, 0x0541, 0x0571, 0x0542, 0x0572, 0x0543, 0x0573, 0x0544,
  0x0574, 0x0545, 0x0575, 0x0546, 0x0576, 0x0547, 0x0577, 0x0548,
  0x0578, 0x0549, 0x0579, 0x054A, 0x057A, 0x054B, 0x057B, 0x054C,
  0x057C, 0x054D, 0x057D, 0x054E, 0x057E, 0x054F, 0x057F, 0x0550,
  0x0580, 0x0551, 0x0581, 0x0552, 0x0582, 0x0553, 0x0583, 0x0554,
  0x0584, 0x0555, 0x0585, 0x0556, 0x0586, 0x10A0, 0x2D00, 0x10A1,
  0x2D01, 0x10A2, 0x2D02, 0x10A3, 0x2D03, 0x10A4, 0x2D04, 0x10A5,
  0x2D05, 0x10A6, 0x2D06, 0x10A7, 0x2D07, 0x10A8, 0x2D08, 0x10A9,
  0x2D09, 0x10AA, 0x2D0A, 0x10AB, 0x2D0B, 0x10AC, 0x2D0C, 0x10AD,
  0x2D0D, 0x10AE, 0x2D0E, 0x10AF, 0x2D0F, 0x10B0, 0x2D10, 0x10B1,
  0x2D11, 0x10B2, 0x2D12, 0x10B3, 0x2D13, 0x10B4, 0x2D14, 0x10B5,
  0x2D15, 0x10B6, 0x2D16, 0x10B7, 0x2D17, 0x10B8, 0x2D18, 0x10B9,
  0x2D19, 0x10BA, 0x2D1A, 0x10BB, 0x2D1B, 0x10BC, 0x2D1C, 0x10BD,
  0x2D1D, 0x10BE, 0x2D1E, 0x10BF, 0x2D1F, 0x10C0, 0x2D20, 0x10C1,
  0x2D21, 0x10C2, 0x2D22, 0x10C3, 0x2D23, 0x10C4, 0x2D24, 0x10C5,
  0x2D25, 0x10C7, 0x2D27, 0x10CD, 0x2D2D, 0x10D0, 0x1C90, 0x10D1,
  0x1C91, 0x10D2, 0x1C92, 0x10D3, 0x1C93, 0x10D4, 0x1C94, 0x10D5,
  0x1C95, 0x10D6, 0x1C96, 0x10D7, 0x1C97, 0x10D8, 0x1C98, 0x10D9,
  0x1C99, 0x10DA, 0x1C9A, 0x10DB, 0x1C9B, 0x10DC, 0x1C9C, 0x10DD,
  0x1C9D, 0x10DE, 0x1C9E, 0x10DF, 0x1C9F, 0x10E0, 0x1CA0, 0x10E1,
  0x1CA1, 0x10E2, 0x1CA2, 0x10E3, 0x1CA3, 0x10E4, 0x1CA4, 0x10E5,
  0x1CA5, 0x10E6, 0x1CA6, 0x10E7, 0x1CA7, 0x10E8, 0x1CA8, 0x10E9,
  0x1CA9, 0x10EA, 0x1CAA, 0x10EB, 0x1CAB, 0x10EC, 0x1CAC, 0x10ED,
  0x1CAD, 0x10EE, 0x1CAE, 0x10EF, 0x1CAF, 0x10F0, 0x1CB0, 0x10F1,
  0x1CB1, 0x10F2, 0x1CB2, 0x10F3, 0x1CB3, 0x10F4, 0x1CB4, 0x10F5,
  0x1CB5, 0x10F6, 0x1CB6, 0x10F7, 0x1CB7, 0x10F8, 0x1CB8, 0x10F9,
  0x1CB9, 0x10FA, 0x1CBA, 0x10FD, 0x1CBD, 0x10FE, 0x1CBE, 0x10FF,
  0x1CBF, 0x13A0, 0xAB70, 0x13A1, 0xAB71, 0x13A2, 0xAB72, 0x13A3,
  0xAB73, 0x13A4, 0xAB74, 0x13A5, 0xAB75, 0x13A6, 0xAB76, 0x13A7,
  0xAB77, 0x13A8, 0xAB78, 0x13A9, 0xAB79, 0x13AA, 0xAB7A, 0x13AB,
  0xAB7B, 0x13AC, 0xAB7C, 0x13AD, 0xAB7D, 0x13AE, 0xAB7E, 0x13AF,
  0xAB7F, 0x13B0, 0xAB80, 0x13B1, 0xAB81, 0x13B2, 0xAB82, 0x13B3,
  0xAB83, 0x13B4, 0xAB84, 0x13B5, 0xAB85, 0x13B6, 0xAB86, 0x13B7,
  0xAB87, 0x13B8, 0xAB88, 0x13B9, 0xAB89, 0x13BA, 0xAB8A, 0x13BB,
  0xAB8B, 0x13BC, 0xAB8C, 0x13BD, 0xAB8D, 0x13BE, 0xAB8E, 0x13BF,
  0xAB8F, 0x13C0, 0xAB90, 0x13C1, 0xAB91, 0x13C2, 0xAB92, 0x13C3,
  0xAB93, 0x13C4, 0xAB94, 0x13C5, 0xAB95, 0x13C6, 0xAB96, 0x13C7,
  0xAB97, 0x13C8, 0xAB98, 0x13C9, 0xAB99, 0x13CA, 0xAB9A, 0x13CB,
  0xAB9B, 0x13CC, 0xAB9C, 0x13CD, 0xAB9D, 0x13CE, 0xAB9E, 0x13CF,
  0xAB9F, 0x13D0, 0xABA0, 0x13D1, 0xABA1, 0x13D2, 0xABA2, 0x13D3,
  0xABA3, 0x13D4, 0xABA4, 0x13D5, 0xABA5, 0x13D6, 0xABA6, 0x13D7,
  0xABA7, 0x13D8, 0xABA8, 0x13D9, 0xABA9, 0x13DA, 0xABAA, 0x13DB,
  0xABAB, 0x13DC, 0xABAC, 0x13DD, 0xABAD, 0x13DE, 0xABAE, 0x13DF,
  0xABAF, 0x13E0, 0xABB0, 0x13E1, 0xABB1, 0x13E2, 0xABB2, 0x13E3,
  0xABB3, 0x13E4, 0xABB4, 0x13E5, 0xABB5, 0x13E6, 0xABB6, 0x13E7,
  0xABB7, 0x13E8, 0xABB8, 0x13E9, 0xABB9, 0x13EA, 0xABBA, 0x13EB,
  0xABBB, 0x13EC, 0xABBC, 0x13ED, 0xABBD, 0x13EE, 0xABBE, 0x13EF,
  0xABBF, 0x13F0, 0x13F8, 0x13F1, 0x13F9, 0x13F2, 0x13FA, 0x13F3,
  0x13FB, 0x13F4, 0x13FC, 0x13F5, 0x13FD, 0x1C88, 0xA64A, 0xA64B,
  0x1C89, 0x1C8A, 0x1D79, 0xA77D, 0x1D7D, 0x2C63, 0x1D8E, 0xA7C6,
  0x1E00, 0x1E01, 0x1E02, 0x1E03, 0x1E04, 0x1E05, 0x1E06, 0x1E07,
  0x1E08, 0x1E09, 0x1E0A, 0x1E0B, 0x1E0C, 0x1E0D, 0x1E0E, 0x1E0F,
  0x1E10, 0x1E11, 0x1E12, 0x1E13, 0x1E14, 0x1E15, 0x1E16, 0x1E17,
  0x1E18, 0x1E19, 0x1E1A, 0x1E1B, 0x1E1C, 0x1E1D, 0x1E1E, 0x1E1F,
  0x1E20, 0x1E21, 0x1E22, 0x1E23, 0x1E24, 0x1E25, 0x1E26, 0x1E27,
  0x1E28, 0x1E29, 0x1E2A, 0x1E2B, 0x1E2C, 0x1E2D, 0x1E2E, 0x1E2F,
  0x1E30, 0x1E31, 0x1E32, 0x1E33, 0x1E34, 0x1E35, 0x1E36, 0x1E37,
  0x1E38, 0x1E39, 0x1E3A, 0x1E3B, 0x1E3C, 0x1E3D, 0x1E3E, 0x1E3F,
  0x1E40, 0x1E41, 0x1E42, 0x1E43, 0x1E44, 0x1E45, 0x1E46, 0x1E47,
  0x1E48, 0x1E49, 0x1E4A, 0x1E4B, 0x1E4C, 0x1E4D, 0x1E4E, 0x1E4F,
  0x1E50, 0x1E51, 0x1E52, 0x1E53, 0x1E54, 0x1E55, 0x1E56, 0x1E57,
  0x1E58, 0x1E59, 0x1E5A, 0x1E5B, 0x1E5C, 0x1E5D, 0x1E5E, 0x1E5F,
  0x1E60, 0x1E61, 0x1E9B, 0x1E62, 0x1E63, 0x1E64, 0x1E65, 0x1E66,
  0x1E67, 0x1E68, 0x1E69, 0x1E6A, 0x1E6B, 0x1E6C, 0x1E6D, 0x1E6E,
  0x1E6F, 0x1E70, 0x1E71, 0x1E72, 0x1E73, 0x1E74, 0x1E75, 0x1E76,
  0x1E77, 0x1E78, 0x1E79, 0x1E7A, 0x1E7B, 0x1E7C, 0x1E7D, 0x1E7E,
  0x1E7F, 0x1E80, 0x1E81, 0x1E82, 0x1E83, 0x1E84, 0x1E85, 0x1E86,
  0x1E87, 0x1E88, 0x1E89, 0x1E8A, 0x1E8B, 0x1E8C, 0x1E8D, 0x1E8E,
  0x1E8F, 0x1E90, 0x1E91, 0x1E92, 0x1E93, 0x1E94, 0x1E95, 0x1EA0,
  0x1EA1, 0x1EA2, 0x1EA3, 0x1EA4, 0x1EA5, 0x1EA6, 0x1EA7, 0x1EA8,
  0x1EA9, 0x1EAA, 0x1EAB, 0x1EAC, 0x1EAD, 0x1EAE, 0x1EAF, 0x1EB0,
  0x1EB1, 0x1EB2, 0x1EB3, 0x1EB4, 0x1EB5, 0x1EB6, 0x1EB7, 0x1EB8,
  0x1EB9, 0x1EBA, 0x1EBB, 0x1EBC, 0x1EBD, 0x1EBE, 0x1EBF, 0x1EC0,
  0x1EC1, 0x1EC2, 0x1EC3, 0x1EC4, 0x1EC5, 0x1EC6, 0x1EC7, 0x1EC8,
  0x1EC9, 0x1ECA, 0x1ECB, 0x1ECC, 0x1ECD, 0x1ECE, 0x1ECF, 0x1ED0,
  0x1ED1, 0x1ED2, 0x1ED3, 0x1ED4, 0x1ED5, 0x1ED6, 0x1ED7, 0x1ED8,
  0x1ED9, 0x1EDA, 0x1EDB, 0x1EDC, 0x1EDD, 0x1EDE, 0x1EDF, 0x1EE0,
  0x1EE1, 0x1EE2, 0x1EE3, 0x1EE4, 0x1EE5, 0x1EE6, 0x1EE7, 0x1EE8,
  0x1EE9, 0x1EEA, 0x1EEB, 0x1EEC, 0x1EED, 0x1EEE, 0x1EEF, 0x1EF0,
  0x1EF1, 0x1EF2, 0x1EF3, 0x1EF4, 0x1EF5, 0x1EF6, 0x1EF7, 0x1EF8,
  0x1EF9, 0x1EFA, 0x1EFB, 0x1EFC, 0x1EFD, 0x1EFE, 0x1EFF, 0x1F00,
  0x1F08, 0x1F01, 0x1F09, 0x1F02, 0x1F0A, 0x1F03, 0x1F0B, 0x1F04,
  0x1F0C, 0x1F05, 0x1F0D, 0x1F06, 0x1F0E, 0x1F07, 0x1F0F, 0x1F10,
  0x1F18, 0x1F11, 0x1F19, 0x1F12, 0x1F1A, 0x1F13, 0x1F1B, 0x1F14,
  0x1F1C, 0x1F15, 0x1F1D, 0x1F20, 0x1F28, 0x1F21, 0x1F29, 0x1F22,
  0x1F2A, 0x1F23, 0x1F2B, 0x1F24, 0x1F2C, 0x1F25, 0x1F2D, 0x1F26,
  0x1F2E, 0x1F27, 0x1F2F, 0x1F30, 0x1F38, 0x1F31, 0x1F39, 0x1F32,
  0x1F3A, 0x1F33, 0x1F3B, 0x1F34, 0x1F3C, 0x1F35, 0x1F3D, 0x1F36,
  0x1F3E, 0x1F37, 0x1F3F, 0x1F40, 0x1F48, 0x1F41, 0x1F49, 0x1F42,
  0x1F4A, 0x1F43, 0x1F4B, 0x1F44, 0x1F4C, 0x1F45, 0x1F4D, 0x1F51,
  0x1F59, 0x1F53, 0x1F5B, 0x1F55, 0x1F5D, 0x1F57, 0x1F5F, 0x1F60,
  0x1F68, 0x1F61, 0x1F69, 0x1F62, 0x1F6A, 0x1F63, 0x1F6B, 0x1F64,
  0x1F6C, 0x1F65, 0x1F6D, 0x1F66, 0x1F6E, 0x1F67, 0x1F6F, 0x1F70,
  0x1FBA, 0x1F71, 0x1FBB, 0x1F72, 0x1FC8, 0x1F73, 0x1FC9, 0x1F74,
  0x1FCA, 0x1F75, 0x1FCB, 0x1F76, 0x1FDA, 0x1F77, 0x1FDB, 0x1F78,
  0x1FF8, 0x1F79, 0x1FF9, 0x1F7A, 0x1FEA, 0x1F7B, 0x1FEB, 0x1F7C,
  0x1FFA, 0x1F7D, 0x1FFB, 0x1FB0, 0x1FB8, 0x1FB1, 0x1FB9, 0x1FD0,
  0x1FD8, 0x1FD1, 0x1FD9, 0x1FE0, 0x1FE8, 0x1FE1, 0x1FE9, 0x1FE5,
  0x1FEC, 0x2132, 0x214E, 0x2160, 0x2170, 0x2161, 0x2171, 0x2162,
  0x2172, 0x2163, 0x2173, 0x2164, 0x2174, 0x2165, 0x2175, 0x2166,
  0x2176, 0x2167, 0x2177, 0x2168, 0x2178, 0x2169, 0x2179, 0x216A,
  0x217A, 0x216B, 0x217B, 0x216C, 0x217C, 0x216D, 0x217D, 0x216E,
  0x217E, 0x216F, 0x217F, 0x2183, 0x2184, 0x24B6, 0x24D0, 0x24B7,
  0x24D1, 0x24B8, 0x24D2, 0x24B9, 0x24D3, 0x24BA, 0x24D4, 0x24BB,
  0x24D5, 0x24BC, 0x24D6, 0x24BD, 0x24D7, 0x24BE, 0x24D8, 0x24BF,
  0x24D9, 0x24C0, 0x24DA, 0x24C1, 0x24DB, 0x24C2, 0x24DC, 0x24C3,
  0x24DD, 0x24C4, 0x24DE, 0x24C5, 0x24DF, 0x24C6, 0x24E0, 0x24C7,
  0x24E1, 0x24C8, 0x24E2, 0x24C9, 0x24E3, 0x24CA, 0x24E4, 0x24CB,
  0x24E5, 0x24CC, 0x24E6, 0x24CD, 0x24E7, 0x24CE, 0x24E8, 0x24CF,
  0x24E9, 0x2C00, 0x2C30, 0x2C01, 0x2C31, 0x2C02, 0x2C32, 0x2C03,
  0x2C33, 0x2C04, 0x2C34, 0x2C05, 0x2C35, 0x2C06, 0x2C36, 0x2C07,
  0x2C37, 0x2C08, 0x2C38, 0x2C09, 0x2C39, 0x2C0A, 0x2C3A, 0x2C0B,
  0x2C3B, 0x2C0C, 0x2C3C, 0x2C0D, 0x2C3D, 0x2C0E, 0x2C3E, 0x2C0F,
  0x2C3F, 0x2C10, 0x2C40, 0x2C11, 0x2C41, 0x2C12, 0x2C42, 0x2C13,
  0x2C43, 0x2C14, 0x2C44, 0x2C15, 0x2C45, 0x2C16, 0x2C46, 0x2C17,
  0x2C47, 0x2C18, 0x2C48, 0x2C19, 0x2C49, 0x2C1A, 0x2C4A, 0x2C1B,
  0x2C4B, 0x2C1C, 0x2C4C, 0x2C1D, 0x2C4D, 0x2C1E, 0x2C4E, 0x2C1F,
  0x2C4F, 0x2C20, 0x2C50, 0x2C21, 0x2C51, 0x2C22, 0x2C52, 0x2C23,
  0x2C53, 0x2C24, 0x2C54, 0x2C25, 0x2C55, 0x2C26, 0x2C56, 0x2C27,
  0x2C57, 0x2C28, 0x2C58, 0x2C29, 0x2C59, 0x2C2A, 0x2C5A, 0x2C2B,
  0x2C5B, 0x2C2C, 0x2C5C, 0x2C2D, 0x2C5D, 0x2C2E, 0x2C5E, 0x2C2F,
  0x2C5F, 0x2C60, 0x2C61, 0x2C67, 0x2C68, 0x2C69, 0x2C6A, 0x2C6B,
  0x2C6C, 0x2C72, 0x2C73, 0x2C75, 0x2C76, 0x2C80, 0x2C81, 0x2C82,
  0x2C83, 0x2C84, 0x2C85, 0x2C86, 0x2C87, 0x2C88, 0x2C89, 0x2C8A,
  0x2C8B, 0x2C8C, 0x2C8D, 0x2C8E, 0x2C8F, 0x2C90, 0x2C91, 0x2C92,
  0x2C93, 0x2C94, 0x2C95, 0x2C96, 0x2C97, 0x2C98, 0x2C99, 0x2C9A,
  0x2C9B, 0x2C9C, 0x2C9D, 0x2C9E, 0x2C9F, 0x2CA0, 0x2CA1, 0x2CA2,
  0x2CA3, 0x2CA4, 0x2CA5, 0x2CA6, 0x2CA7, 0x2CA8, 0x2CA9, 0x2CAA,
  0x2CAB, 0x2CAC, 0x2CAD, 0x2CAE, 0x2CAF, 0x2CB0, 0x2CB1, 0x2CB2,
  0x2CB3, 0x2CB4, 0x2CB5, 0x2CB6, 0x2CB7, 0x2CB8, 0x2CB9, 0x2CBA,
  0x2CBB, 0x2CBC, 0x2CBD, 0x2CBE, 0x2CBF, 0x2CC0, 0x2CC1, 0x2CC2,
  0x2CC3, 0x2CC4, 0x2CC5, 0x2CC6, 0x2CC7, 0x2CC8, 0x2CC9, 0x2CCA,
  0x2CCB, 0x2CCC, 0x2CCD, 0x2CCE, 0x2CCF, 0x2CD0, 0x2CD1, 0x2CD2,
  0x2CD3, 0x2CD4, 0x2CD5, 0x2CD6, 0x2CD7, 0x2CD8, 0x2CD9, 0x2CDA,
  0x2CDB, 0x2CDC, 0x2CDD, 0x2CDE, 0x2CDF, 0x2CE0, 0x2CE1, 0x2CE2,
  0x2CE3, 0x2CEB, 0x2CEC, 0x2CED, 0x2CEE, 0x2CF2, 0x2CF3, 0xA640,
  0xA641, 0xA642, 0xA643, 0xA644, 0xA645, 0xA646, 0xA647, 0xA648,
  0xA649, 0xA64C, 0xA64D, 0xA64E, 0xA64F, 0xA650, 0xA651, 0xA652,
  0xA653, 0xA654, 0xA655, 0xA656, 0xA657, 0xA658, 0xA659, 0xA65A,
  0xA65B, 0xA65C, 0xA65D, 0xA65E, 0xA65F, 0xA660, 0xA661, 0xA662,
  0xA663, 0xA664, 0xA665, 0xA666, 0xA667, 0xA668, 0xA669, 0xA66A,
  0xA66B, 0xA66C, 0xA66D, 0xA680, 0xA681, 0xA682, 0xA683, 0xA684,
  0xA685, 0xA686, 0xA687, 0xA688, 0xA689, 0xA68A, 0xA68B, 0xA68C,
  0xA68D, 0xA68E, 0xA68F, 0xA690, 0xA691, 0xA692, 0xA693, 0xA694,
  0xA695, 0xA696, 0xA697, 0xA698, 0xA699, 0xA69A, 0xA69B, 0xA722,
  0xA723, 0xA724, 0xA725, 0xA726, 0xA727, 0xA728, 0xA729, 0xA72A,
  0xA72B, 0xA72C, 0xA72D, 0xA72E, 0xA72F, 0xA732, 0xA733, 0xA734,
  0xA735, 0xA736, 0xA737, 0xA738, 0xA739, 0xA73A, 0xA73B, 0xA73C,
  0xA73D, 0xA73E, 0xA73F, 0xA740, 0xA741, 0xA742, 0xA743, 0xA744,
  0xA745, 0xA746, 0xA747, 0xA748, 0xA749, 0xA74A, 0xA74B, 0xA74C,
  0xA74D, 0xA74E, 0xA74F, 0xA750, 0xA751, 0xA752, 0xA753, 0xA754,
  0xA755, 0xA756, 0xA757, 0xA758, 0xA759, 0xA75A, 0xA75B, 0xA75C,
  0xA75D, 0xA75E, 0xA75F, 0xA760, 0xA761, 0xA762, 0xA763, 0xA764,
  0xA765, 0xA766, 0xA767, 0xA768, 0xA769, 0xA76A, 0xA76B, 0xA76C,
  0xA76D, 0xA76E, 0xA76F, 0xA779, 0xA77A, 0xA77B, 0xA77C, 0xA77E,
  0xA77F, 0xA780, 0xA781, 0xA782, 0xA783, 0xA784, 0xA785, 0xA786,
  0xA787, 0xA78B, 0xA78C, 0xA790, 0xA791, 0xA792, 0xA793, 0xA794,
  0xA7C4, 0xA796, 0xA797, 0xA798, 0xA799, 0xA79A, 0xA79B, 0xA79C,
  0xA79D, 0xA79E, 0xA79F, 0xA7A0, 0xA7A1, 0xA7A2, 0xA7A3, 0xA7A4,
  0xA7A5, 0xA7A6, 0xA7A7, 0xA7A8, 0xA7A9, 0xA7B3, 0xAB53, 0xA7B4,
  0xA7B5, 0xA7B6, 0xA7B7, 0xA7B8, 0xA7B9, 0xA7BA, 0xA7BB, 0xA7BC,
  0xA7BD, 0xA7BE, 0xA7BF, 0xA7C0, 0xA7C1, 0xA7C2, 0xA7C3, 0xA7C7,
  0xA7C8, 0xA7C9, 0xA7CA, 0xA7CC, 0xA7CD, 0xA7CE, 0xA7CF, 0xA7D0,
  0xA7D1, 0xA7D2, 0xA7D3, 0xA7D4, 0xA7D5, 0xA7D6, 0xA7D7, 0xA7D8,
  0xA7D9, 0xA7DA, 0xA7DB, 0xA7F5, 0xA7F6, 0xFF21, 0xFF41, 0xFF22,
  0xFF42, 0xFF23, 0xFF43, 0xFF24, 0xFF44, 0xFF25, 0xFF45, 0xFF26,
  0xFF46, 0xFF27, 0xFF47, 0xFF28, 0xFF48, 0xFF29, 0xFF49, 0xFF2A,
  0xFF4A, 0xFF2B, 0xFF4B, 0xFF2C, 0xFF4C, 0xFF2D, 0xFF4D, 0xFF2E,
  0xFF4E, 0xFF2F, 0xFF4F, 0xFF30, 0xFF50, 0xFF31, 0xFF51, 0xFF32,
  0xFF52, 0xFF33, 0xFF53, 0xFF34, 0xFF54, 0xFF35, 0xFF55, 0xFF36,
  0xFF56, 0xFF37, 0xFF57, 0xFF38, 0xFF58, 0xFF39, 0xFF59, 0xFF3A,
  0xFF5A,
};
const size_t grx_unicode_es_legacy_orbit_member_count = 2313;

const GRX_UnicodeOrbit grx_unicode_es_legacy_orbits[] = {
  {0x0041, 0, 2},
  {0x0042, 2, 2},
  {0x0043, 4, 2},
  {0x0044, 6, 2},
  {0x0045, 8, 2},
  {0x0046, 10, 2},
  {0x0047, 12, 2},
  {0x0048, 14, 2},
  {0x0049, 16, 2},
  {0x004A, 18, 2},
  {0x004B, 20, 2},
  {0x004C, 22, 2},
  {0x004D, 24, 2},
  {0x004E, 26, 2},
  {0x004F, 28, 2},
  {0x0050, 30, 2},
  {0x0051, 32, 2},
  {0x0052, 34, 2},
  {0x0053, 36, 2},
  {0x0054, 38, 2},
  {0x0055, 40, 2},
  {0x0056, 42, 2},
  {0x0057, 44, 2},
  {0x0058, 46, 2},
  {0x0059, 48, 2},
  {0x005A, 50, 2},
  {0x0061, 0, 2},
  {0x0062, 2, 2},
  {0x0063, 4, 2},
  {0x0064, 6, 2},
  {0x0065, 8, 2},
  {0x0066, 10, 2},
  {0x0067, 12, 2},
  {0x0068, 14, 2},
  {0x0069, 16, 2},
  {0x006A, 18, 2},
  {0x006B, 20, 2},
  {0x006C, 22, 2},
  {0x006D, 24, 2},
  {0x006E, 26, 2},
  {0x006F, 28, 2},
  {0x0070, 30, 2},
  {0x0071, 32, 2},
  {0x0072, 34, 2},
  {0x0073, 36, 2},
  {0x0074, 38, 2},
  {0x0075, 40, 2},
  {0x0076, 42, 2},
  {0x0077, 44, 2},
  {0x0078, 46, 2},
  {0x0079, 48, 2},
  {0x007A, 50, 2},
  {0x00B5, 52, 3},
  {0x00C0, 55, 2},
  {0x00C1, 57, 2},
  {0x00C2, 59, 2},
  {0x00C3, 61, 2},
  {0x00C4, 63, 2},
  {0x00C5, 65, 2},
  {0x00C6, 67, 2},
  {0x00C7, 69, 2},
  {0x00C8, 71, 2},
  {0x00C9, 73, 2},
  {0x00CA, 75, 2},
  {0x00CB, 77, 2},
  {0x00CC, 79, 2},
  {0x00CD, 81, 2},
  {0x00CE, 83, 2},
  {0x00CF, 85, 2},
  {0x00D0, 87, 2},
  {0x00D1, 89, 2},
  {0x00D2, 91, 2},
  {0x00D3, 93, 2},
  {0x00D4, 95, 2},
  {0x00D5, 97, 2},
  {0x00D6, 99, 2},
  {0x00D8, 101, 2},
  {0x00D9, 103, 2},
  {0x00DA, 105, 2},
  {0x00DB, 107, 2},
  {0x00DC, 109, 2},
  {0x00DD, 111, 2},
  {0x00DE, 113, 2},
  {0x00E0, 55, 2},
  {0x00E1, 57, 2},
  {0x00E2, 59, 2},
  {0x00E3, 61, 2},
  {0x00E4, 63, 2},
  {0x00E5, 65, 2},
  {0x00E6, 67, 2},
  {0x00E7, 69, 2},
  {0x00E8, 71, 2},
  {0x00E9, 73, 2},
  {0x00EA, 75, 2},
  {0x00EB, 77, 2},
  {0x00EC, 79, 2},
  {0x00ED, 81, 2},
  {0x00EE, 83, 2},
  {0x00EF, 85, 2},
  {0x00F0, 87, 2},
  {0x00F1, 89, 2},
  {0x00F2, 91, 2},
  {0x00F3, 93, 2},
  {0x00F4, 95, 2},
  {0x00F5, 97, 2},
  {0x00F6, 99, 2},
  {0x00F8, 101, 2},
  {0x00F9, 103, 2},
  {0x00FA, 105, 2},
  {0x00FB, 107, 2},
  {0x00FC, 109, 2},
  {0x00FD, 111, 2},
  {0x00FE, 113, 2},
  {0x00FF, 115, 2},
  {0x0100, 117, 2},
  {0x0101, 117, 2},
  {0x0102, 119, 2},
  {0x0103, 119, 2},
  {0x0104, 121, 2},
  {0x0105, 121, 2},
  {0x0106, 123, 2},
  {0x0107, 123, 2},
  {0x0108, 125, 2},
  {0x0109, 125, 2},
  {0x010A, 127, 2},
  {0x010B, 127, 2},
  {0x010C, 129, 2},
  {0x010D, 129, 2},
  {0x010E, 131, 2},
  {0x010F, 131, 2},
  {0x0110, 133, 2},
  {0x0111, 133, 2},
  {0x0112, 135, 2},
  {0x0113, 135, 2},
  {0x0114, 137, 2},
  {0x0115, 137, 2},
  {0x0116, 139, 2},
  {0x0117, 139, 2},
  {0x0118, 141, 2},
  {0x0119, 141, 2},
  {0x011A, 143, 2},
  {0x011B, 143, 2},
  {0x011C, 145, 2},
  {0x011D, 145, 2},
  {0x011E, 147, 2},
  {0x011F, 147, 2},
  {0x0120, 149, 2},
  {0x0121, 149, 2},
  {0x0122, 151, 2},
  {0x0123, 151, 2},
  {0x0124, 153, 2},
  {0x0125, 153, 2},
  {0x0126, 155, 2},
  {0x0127, 155, 2},
  {0x0128, 157, 2},
  {0x0129, 157, 2},
  {0x012A, 159, 2},
  {0x012B, 159, 2},
  {0x012C, 161, 2},
  {0x012D, 161, 2},
  {0x012E, 163, 2},
  {0x012F, 163, 2},
  {0x0132, 165, 2},
  {0x0133, 165, 2},
  {0x0134, 167, 2},
  {0x0135, 167, 2},
  {0x0136, 169, 2},
  {0x0137, 169, 2},
  {0x0139, 171, 2},
  {0x013A, 171, 2},
  {0x013B, 173, 2},
  {0x013C, 173, 2},
  {0x013D, 175, 2},
  {0x013E, 175, 2},
  {0x013F, 177, 2},
  {0x0140, 177, 2},
  {0x0141, 179, 2},
  {0x0142, 179, 2},
  {0x0143, 181, 2},
  {0x0144, 181, 2},
  {0x0145, 183, 2},
  {0x0146, 183, 2},
  {0x0147, 185, 2},
  {0x0148, 185, 2},
  {0x014A, 187, 2},
  {0x014B, 187, 2},
  {0x014C, 189, 2},
  {0x014D, 189, 2},
  {0x014E, 191, 2},
  {0x014F, 191, 2},
  {0x0150, 193, 2},
  {0x0151, 193, 2},
  {0x0152, 195, 2},
  {0x0153, 195, 2},
  {0x0154, 197, 2},
  {0x0155, 197, 2},
  {0x0156, 199, 2},
  {0x0157, 199, 2},
  {0x0158, 201, 2},
  {0x0159, 201, 2},
  {0x015A, 203, 2},
  {0x015B, 203, 2},
  {0x015C, 205, 2},
  {0x015D, 205, 2},
  {0x015E, 207, 2},
  {0x015F, 207, 2},
  {0x0160, 209, 2},
  {0x0161, 209, 2},
  {0x0162, 211, 2},
  {0x0163, 211, 2},
  {0x0164, 213, 2},
  {0x0165, 213, 2},
  {0x0166, 215, 2},
  {0x0167, 215, 2},
  {0x0168, 217, 2},
  {0x0169, 217, 2},
  {0x016A, 219, 2},
  {0x016B, 219, 2},
  {0x016C, 221, 2},
  {0x016D, 221, 2},
  {0x016E, 223, 2},
  {0x016F, 223, 2},
  {0x0170, 225, 2},
  {0x0171, 225, 2},
  {0x0172, 227, 2},
  {0x0173, 227, 2},
  {0x0174, 229, 2},
  {0x0175, 229, 2},
  {0x0176, 231, 2},
  {0x0177, 231, 2},
  {0x0178, 115, 2},
  {0x0179, 233, 2},
  {0x017A, 233, 2},
  {0x017B, 235, 2},
  {0x017C, 235, 2},
  {0x017D, 237, 2},
  {0x017E, 237, 2},
  {0x0180, 239, 2},
  {0x0181, 241, 2},
  {0x0182, 243, 2},
  {0x0183, 243, 2},
  {0x0184, 245, 2},
  {0x0185, 245, 2},
  {0x0186, 247, 2},
  {0x0187, 249, 2},
  {0x0188, 249, 2},
  {0x0189, 251, 2},
  {0x018A, 253, 2},
  {0x018B, 255, 2},
  {0x018C, 255, 2},
  {0x018E, 257, 2},
  {0x018F, 259, 2},
  {0x0190, 261, 2},
  {0x0191, 263, 2},
  {0x0192, 263, 2},
  {0x0193, 265, 2},
  {0x0194, 267, 2},
  {0x0195, 269, 2},
  {0x0196, 271, 2},
  {0x0197, 273, 2},
  {0x0198, 275, 2},
  {0x0199, 275, 2},
  {0x019A, 277, 2},
  {0x019B, 279, 2},
  {0x019C, 281, 2},
  {0x019D, 283, 2},
  {0x019E, 285, 2},
  {0x019F, 287, 2},
  {0x01A0, 289, 2},
  {0x01A1, 289, 2},
  {0x01A2, 291, 2},
  {0x01A3, 291, 2},
  {0x01A4, 293, 2},
  {0x01A5, 293, 2},
  {0x01A6, 295, 2},
  {0x01A7, 297, 2},
  {0x01A8, 297, 2},
  {0x01A9, 299, 2},
  {0x01AC, 301, 2},
  {0x01AD, 301, 2},
  {0x01AE, 303, 2},
  {0x01AF, 305, 2},
  {0x01B0, 305, 2},
  {0x01B1, 307, 2},
  {0x01B2, 309, 2},
  {0x01B3, 311, 2},
  {0x01B4, 311, 2},
  {0x01B5, 313, 2},
  {0x01B6, 313, 2},
  {0x01B7, 315, 2},
  {0x01B8, 317, 2},
  {0x01B9, 317, 2},
  {0x01BC, 319, 2},
  {0x01BD, 319, 2},
  {0x01BF, 321, 2},
  {0x01C4, 323, 3},
  {0x01C5, 323, 3},
  {0x01C6, 323, 3},
  {0x01C7, 326, 3},
  {0x01C8, 326, 3},
  {0x01C9, 326, 3},
  {0x01CA, 329, 3},
  {0x01CB, 329, 3},
  {0x01CC, 329, 3},
  {0x01CD, 332, 2},
  {0x01CE, 332, 2},
  {0x01CF, 334, 2},
  {0x01D0, 334, 2},
  {0x01D1, 336, 2},
  {0x01D2, 336, 2},
  {0x01D3, 338, 2},
  {0x01D4, 338, 2},
  {0x01D5, 340, 2},
  {0x01D6, 340, 2},
  {0x01D7, 342, 2},
  {0x01D8, 342, 2},
  {0x01D9, 344, 2},
  {0x01DA, 344, 2},
  {0x01DB, 346, 2},
  {0x01DC, 346, 2},
  {0x01DD, 257, 2},
  {0x01DE, 348, 2},
  {0x01DF, 348, 2},
  {0x01E0, 350, 2},
  {0x01E1, 350, 2},
  {0x01E2, 352, 2},
  {0x01E3, 352, 2},
  {0x01E4, 354, 2},
  {0x01E5, 354, 2},
  {0x01E6, 356, 2},
  {0x01E7, 356, 2},
  {0x01E8, 358, 2},
  {0x01E9, 358, 2},
  {0x01EA, 360, 2},
  {0x01EB, 360, 2},
  {0x01EC, 362, 2},
  {0x01ED, 362, 2},
  {0x01EE, 364, 2},
  {0x01EF, 364, 2},
  {0x01F1, 366, 3},
  {0x01F2, 366, 3},
  {0x01F3, 366, 3},
  {0x01F4, 369, 2},
  {0x01F5, 369, 2},
  {0x01F6, 269, 2},
  {0x01F7, 321, 2},
  {0x01F8, 371, 2},
  {0x01F9, 371, 2},
  {0x01FA, 373, 2},
  {0x01FB, 373, 2},
  {0x01FC, 375, 2},
  {0x01FD, 375, 2},
  {0x01FE, 377, 2},
  {0x01FF, 377, 2},
  {0x0200, 379, 2},
  {0x0201, 379, 2},
  {0x0202, 381, 2},
  {0x0203, 381, 2},
  {0x0204, 383, 2},
  {0x0205, 383, 2},
  {0x0206, 385, 2},
  {0x0207, 385, 2},
  {0x0208, 387, 2},
  {0x0209, 387, 2},
  {0x020A, 389, 2},
  {0x020B, 389, 2},
  {0x020C, 391, 2},
  {0x020D, 391, 2},
  {0x020E, 393, 2},
  {0x020F, 393, 2},
  {0x0210, 395, 2},
  {0x0211, 395, 2},
  {0x0212, 397, 2},
  {0x0213, 397, 2},
  {0x0214, 399, 2},
  {0x0215, 399, 2},
  {0x0216, 401, 2},
  {0x0217, 401, 2},
  {0x0218, 403, 2},
  {0x0219, 403, 2},
  {0x021A, 405, 2},
  {0x021B, 405, 2},
  {0x021C, 407, 2},
  {0x021D, 407, 2},
  {0x021E, 409, 2},
  {0x021F, 409, 2},
  {0x0220, 285, 2},
  {0x0222, 411, 2},
  {0x0223, 411, 2},
  {0x0224, 413, 2},
  {0x0225, 413, 2},
  {0x0226, 415, 2},
  {0x0227, 415, 2},
  {0x0228, 417, 2},
  {0x0229, 417, 2},
  {0x022A, 419, 2},
  {0x022B, 419, 2},
  {0x022C, 421, 2},
  {0x022D, 421, 2},
  {0x022E, 423, 2},
  {0x022F, 423, 2},
  {0x0230, 425, 2},
  {0x0231, 425, 2},
  {0x0232, 427, 2},
  {0x0233, 427, 2},
  {0x023A, 429, 2},
  {0x023B, 431, 2},
  {0x023C, 431, 2},
  {0x023D, 277, 2},
  {0x023E, 433, 2},
  {0x023F, 435, 2},
  {0x0240, 437, 2},
  {0x0241, 439, 2},
  {0x0242, 439, 2},
  {0x0243, 239, 2},
  {0x0244, 441, 2},
  {0x0245, 443, 2},
  {0x0246, 445, 2},
  {0x0247, 445, 2},
  {0x0248, 447, 2},
  {0x0249, 447, 2},
  {0x024A, 449, 2},
  {0x024B, 449, 2},
  {0x024C, 451, 2},
  {0x024D, 451, 2},
  {0x024E, 453, 2},
  {0x024F, 453, 2},
  {0x0250, 455, 2},
  {0x0251, 457, 2},
  {0x0252, 459, 2},
  {0x0253, 241, 2},
  {0x0254, 247, 2},
  {0x0256, 251, 2},
  {0x0257, 253, 2},
  {0x0259, 259, 2},
  {0x025B, 261, 2},
  {0x025C, 461, 2},
  {0x0260, 265, 2},
  {0x0261, 463, 2},
  {0x0263, 267, 2},
  {0x0264, 465, 2},
  {0x0265, 467, 2},
  {0x0266, 469, 2},
  {0x0268, 273, 2},
  {0x0269, 271, 2},
  {0x026A, 471, 2},
  {0x026B, 473, 2},
  {0x026C, 475, 2},
  {0x026F, 281, 2},
  {0x0271, 477, 2},
  {0x0272, 283, 2},
  {0x0275, 287, 2},
  {0x027D, 479, 2},
  {0x0280, 295, 2},
  {0x0282, 481, 2},
  {0x0283, 299, 2},
  {0x0287, 483, 2},
  {0x0288, 303, 2},
  {0x0289, 441, 2},
  {0x028A, 307, 2},
  {0x028B, 309, 2},
  {0x028C, 443, 2},
  {0x0292, 315, 2},
  {0x029D, 485, 2},
  {0x029E, 487, 2},
  {0x0345, 489, 4},
  {0x0370, 493, 2},
  {0x0371, 493, 2},
  {0x0372, 495, 2},
  {0x0373, 495, 2},
  {0x0376, 497, 2},
  {0x0377, 497, 2},
  {0x037B, 499, 2},
  {0x037C, 501, 2},
  {0x037D, 503, 2},
  {0x037F, 505, 2},
  {0x0386, 507, 2},
  {0x0388, 509, 2},
  {0x0389, 511, 2},
  {0x038A, 513, 2},
  {0x038C, 515, 2},
  {0x038E, 517, 2},
  {0x038F, 519, 2},
  {0x0391, 521, 2},
  {0x0392, 523, 3},
  {0x0393, 526, 2},
  {0x0394, 528, 2},
  {0x0395, 530, 3},
  {0x0396, 533, 2},
  {0x0397, 535, 2},
  {0x0398, 537, 3},
  {0x0399, 489, 4},
  {0x039A, 540, 3},
  {0x039B, 543, 2},
  {0x039C, 52, 3},
  {0x039D, 545, 2},
  {0x039E, 547, 2},
  {0x039F, 549, 2},
  {0x03A0, 551, 3},
  {0x03A1, 554, 3},
  {0x03A3, 557, 3},
  {0x03A4, 560, 2},
  {0x03A5, 562, 2},
  {0x03A6, 564, 3},
  {0x03A7, 567, 2},
  {0x03A8, 569, 2},
  {0x03A9, 571, 2},
  {0x03AA, 573, 2},
  {0x03AB, 575, 2},
  {0x03AC, 507, 2},
  {0x03AD, 509, 2},
  {0x03AE, 511, 2},
  {0x03AF, 513, 2},
  {0x03B1, 521, 2},
  {0x03B2, 523, 3},
  {0x03B3, 526, 2},
  {0x03B4, 528, 2},
  {0x03B5, 530, 3},
  {0x03B6, 533, 2},
  {0x03B7, 535, 2},
  {0x03B8, 537, 3},
  {0x03B9, 489, 4},
  {0x03BA, 540, 3},
  {0x03BB, 543, 2},
  {0x03BC, 52, 3},
  {0x03BD, 545, 2},
  {0x03BE, 547, 2},
  {0x03BF, 549, 2},
  {0x03C0, 551, 3},
  {0x03C1, 554, 3},
  {0x03C2, 557, 3},
  {0x03C3, 557, 3},
  {0x03C4, 560, 2},
  {0x03C5, 562, 2},
  {0x03C6, 564, 3},
  {0x03C7, 567, 2},
  {0x03C8, 569, 2},
  {0x03C9, 571, 2},
  {0x03CA, 573, 2},
  {0x03CB, 575, 2},
  {0x03CC, 515, 2},
  {0x03CD, 517, 2},
  {0x03CE, 519, 2},
  {0x03CF, 577, 2},
  {0x03D0, 523, 3},
  {0x03D1, 537, 3},
  {0x03D5, 564, 3},
  {0x03D6, 551, 3},
  {0x03D7, 577, 2},
  {0x03D8, 579, 2},
  {0x03D9, 579, 2},
  {0x03DA, 581, 2},
  {0x03DB, 581, 2},
  {0x03DC, 583, 2},
  {0x03DD, 583, 2},
  {0x03DE, 585, 2},
  {0x03DF, 585, 2},
  {0x03E0, 587, 2},
  {0x03E1, 587, 2},
  {0x03E2, 589, 2},
  {0x03E3, 589, 2},
  {0x03E4, 591, 2},
  {0x03E5, 591, 2},
  {0x03E6, 593, 2},
  {0x03E7, 593, 2},
  {0x03E8, 595, 2},
  {0x03E9, 595, 2},
  {0x03EA, 597, 2},
  {0x03EB, 597, 2},
  {0x03EC, 599, 2},
  {0x03ED, 599, 2},
  {0x03EE, 601, 2},
  {0x03EF, 601, 2},
  {0x03F0, 540, 3},
  {0x03F1, 554, 3},
  {0x03F2, 603, 2},
  {0x03F3, 505, 2},
  {0x03F5, 530, 3},
  {0x03F7, 605, 2},
  {0x03F8, 605, 2},
  {0x03F9, 603, 2},
  {0x03FA, 607, 2},
  {0x03FB, 607, 2},
  {0x03FD, 499, 2},
  {0x03FE, 501, 2},
  {0x03FF, 503, 2},
  {0x0400, 609, 2},
  {0x0401, 611, 2},
  {0x0402, 613, 2},
  {0x0403, 615, 2},
  {0x0404, 617, 2},
  {0x0405, 619, 2},
  {0x0406, 621, 2},
  {0x0407, 623, 2},
  {0x0408, 625, 2},
  {0x0409, 627, 2},
  {0x040A, 629, 2},
  {0x040B, 631, 2},
  {0x040C, 633, 2},
  {0x040D, 635, 2},
  {0x040E, 637, 2},
  {0x040F, 639, 2},
  {0x0410, 641, 2},
  {0x0411, 643, 2},
  {0x0412, 645, 3},
  {0x0413, 648, 2},
  {0x0414, 650, 3},
  {0x0415, 653, 2},
  {0x0416, 655, 2},
  {0x0417, 657, 2},
  {0x0418, 659, 2},
  {0x0419, 661, 2},
  {0x041A, 663, 2},
  {0x041B, 665, 2},
  {0x041C, 667, 2},
  {0x041D, 669, 2},
  {0x041E, 671, 3},
  {0x041F, 674, 2},
  {0x0420, 676, 2},
  {0x0421, 678, 3},
  {0x0422, 681, 4},
  {0x0423, 685, 2},
  {0x0424, 687, 2},
  {0x0425, 689, 2},
  {0x0426, 691, 2},
  {0x0427, 693, 2},
  {0x0428, 695, 2},
  {0x0429, 697, 2},
  {0x042A, 699, 3},
  {0x042B, 702, 2},
  {0x042C, 704, 2},
  {0x042D, 706, 2},
  {0x042E, 708, 2},
  {0x042F, 710, 2},
  {0x0430, 641, 2},
  {0x0431, 643, 2},
  {0x0432, 645, 3},
  {0x0433, 648, 2},
  {0x0434, 650, 3},
  {0x0435, 653, 2},
  {0x0436, 655, 2},
  {0x0437, 657, 2},
  {0x0438, 659, 2},
  {0x0439, 661, 2},
  {0x043A, 663, 2},
  {0x043B, 665, 2},
  {0x043C, 667, 2},
  {0x043D, 669, 2},
  {0x043E, 671, 3},
  {0x043F, 674, 2},
  {0x0440, 676, 2},
  {0x0441, 678, 3},
  {0x0442, 681, 4},
  {0x0443, 685, 2},
  {0x0444, 687, 2},
  {0x0445, 689, 2},
  {0x0446, 691, 2},
  {0x0447, 693, 2},
  {0x0448, 695, 2},
  {0x0449, 697, 2},
  {0x044A, 699, 3},
  {0x044B, 702, 2},
  {0x044C, 704, 2},
  {0x044D, 706, 2},
  {0x044E, 708, 2},
  {0x044F, 710, 2},
  {0x0450, 609, 2},
  {0x0451, 611, 2},
  {0x0452, 613, 2},
  {0x0453, 615, 2},
  {0x0454, 617, 2},
  {0x0455, 619, 2},
  {0x0456, 621, 2},
  {0x0457, 623, 2},
  {0x0458, 625, 2},
  {0x0459, 627, 2},
  {0x045A, 629, 2},
  {0x045B, 631, 2},
  {0x045C, 633, 2},
  {0x045D, 635, 2},
  {0x045E, 637, 2},
  {0x045F, 639, 2},
  {0x0460, 712, 2},
  {0x0461, 712, 2},
  {0x0462, 714, 3},
  {0x0463, 714, 3},
  {0x0464, 717, 2},
  {0x0465, 717, 2},
  {0x0466, 719, 2},
  {0x0467, 719, 2},
  {0x0468, 721, 2},
  {0x0469, 721, 2},
  {0x046A, 723, 2},
  {0x046B, 723, 2},
  {0x046C, 725, 2},
  {0x046D, 725, 2},
  {0x046E, 727, 2},
  {0x046F, 727, 2},
  {0x0470, 729, 2},
  {0x0471, 729, 2},
  {0x0472, 731, 2},
  {0x0473, 731, 2},
  {0x0474, 733, 2},
  {0x0475, 733, 2},
  {0x0476, 735, 2},
  {0x0477, 735, 2},
  {0x0478, 737, 2},
  {0x0479, 737, 2},
  {0x047A, 739, 2},
  {0x047B, 739, 2},
  {0x047C, 741, 2},
  {0x047D, 741, 2},
  {0x047E, 743, 2},
  {0x047F, 743, 2},
  {0x0480, 745, 2},
  {0x0481, 745, 2},
  {0x048A, 747, 2},
  {0x048B, 747, 2},
  {0x048C, 749, 2},
  {0x048D, 749, 2},
  {0x048E, 751, 2},
  {0x048F, 751, 2},
  {0x0490, 753, 2},
  {0x0491, 753, 2},
  {0x0492, 755, 2},
  {0x0493, 755, 2},
  {0x0494, 757, 2},
  {0x0495, 757, 2},
  {0x0496, 759, 2},
  {0x0497, 759, 2},
  {0x0498, 761, 2},
  {0x0499, 761, 2},
  {0x049A, 763, 2},
  {0x049B, 763, 2},
  {0x049C, 765, 2},
  {0x049D, 765, 2},
  {0x049E, 767, 2},
  {0x049F, 767, 2},
  {0x04A0, 769, 2},
  {0x04A1, 769, 2},
  {0x04A2, 771, 2},
  {0x04A3, 771, 2},
  {0x04A4, 773, 2},
  {0x04A5, 773, 2},
  {0x04A6, 775, 2},
  {0x04A7, 775, 2},
  {0x04A8, 777, 2},
  {0x04A9, 777, 2},
  {0x04AA, 779, 2},
  {0x04AB, 779, 2},
  {0x04AC, 781, 2},
  {0x04AD, 781, 2},
  {0x04AE, 783, 2},
  {0x04AF, 783, 2},
  {0x04B0, 785, 2},
  {0x04B1, 785, 2},
  {0x04B2, 787, 2},
  {0x04B3, 787, 2},
  {0x04B4, 789, 2},
  {0x04B5, 789, 2},
  {0x04B6, 791, 2},
  {0x04B7, 791, 2},
  {0x04B8, 793, 2},
  {0x04B9, 793, 2},
  {0x04BA, 795, 2},
  {0x04BB, 795, 2},
  {0x04BC, 797, 2},
  {0x04BD, 797, 2},
  {0x04BE, 799, 2},
  {0x04BF, 799, 2},
  {0x04C0, 801, 2},
  {0x04C1, 803, 2},
  {0x04C2, 803, 2},
  {0x04C3, 805, 2},
  {0x04C4, 805, 2},
  {0x04C5, 807, 2},
  {0x04C6, 807, 2},
  {0x04C7, 809, 2},
  {0x04C8, 809, 2},
  {0x04C9, 811, 2},
  {0x04CA, 811, 2},
  {0x04CB, 813, 2},
  {0x04CC, 813, 2},
  {0x04CD, 815, 2},
  {0x04CE, 815, 2},
  {0x04CF, 801, 2},
  {0x04D0, 817, 2},
  {0x04D1, 817, 2},
  {0x04D2, 819, 2},
  {0x04D3, 819, 2},
  {0x04D4, 821, 2},
  {0x04D5, 821, 2},
  {0x04D6, 823, 2},
  {0x04D7, 823, 2},
  {0x04D8, 825, 2},
  {0x04D9, 825, 2},
  {0x04DA, 827, 2},
  {0x04DB, 827, 2},
  {0x04DC, 829, 2},
  {0x04DD, 829, 2},
  {0x04DE, 831, 2},
  {0x04DF, 831, 2},
  {0x04E0, 833, 2},
  {0x04E1, 833, 2},
  {0x04E2, 835, 2},
  {0x04E3, 835, 2},
  {0x04E4, 837, 2},
  {0x04E5, 837, 2},
  {0x04E6, 839, 2},
  {0x04E7, 839, 2},
  {0x04E8, 841, 2},
  {0x04E9, 841, 2},
  {0x04EA, 843, 2},
  {0x04EB, 843, 2},
  {0x04EC, 845, 2},
  {0x04ED, 845, 2},
  {0x04EE, 847, 2},
  {0x04EF, 847, 2},
  {0x04F0, 849, 2},
  {0x04F1, 849, 2},
  {0x04F2, 851, 2},
  {0x04F3, 851, 2},
  {0x04F4, 853, 2},
  {0x04F5, 853, 2},
  {0x04F6, 855, 2},
  {0x04F7, 855, 2},
  {0x04F8, 857, 2},
  {0x04F9, 857, 2},
  {0x04FA, 859, 2},
  {0x04FB, 859, 2},
  {0x04FC, 861, 2},
  {0x04FD, 861, 2},
  {0x04FE, 863, 2},
  {0x04FF, 863, 2},
  {0x0500, 865, 2},
  {0x0501, 865, 2},
  {0x0502, 867, 2},
  {0x0503, 867, 2},
  {0x0504, 869, 2},
  {0x0505, 869, 2},
  {0x0506, 871, 2},
  {0x0507, 871, 2},
  {0x0508, 873, 2},
  {0x0509, 873, 2},
  {0x050A, 875, 2},
  {0x050B, 875, 2},
  {0x050C, 877, 2},
  {0x050D, 877, 2},
  {0x050E, 879, 2},
  {0x050F, 879, 2},
  {0x0510, 881, 2},
  {0x0511, 881, 2},
  {0x0512, 883, 2},
  {0x0513, 883, 2},
  {0x0514, 885, 2},
  {0x0515, 885, 2},
  {0x0516, 887, 2},
  {0x0517, 887, 2},
  {0x0518, 889, 2},
  {0x0519, 889, 2},
  {0x051A, 891, 2},
  {0x051B, 891, 2},
  {0x051C, 893, 2},
  {0x051D, 893, 2},
  {0x051E, 895, 2},
  {0x051F, 895, 2},
  {0x0520, 897, 2},
  {0x0521, 897, 2},
  {0x0522, 899, 2},
  {0x0523, 899, 2},
  {0x0524, 901, 2},
  {0x0525, 901, 2},
  {0x0526, 903, 2},
  {0x0527, 903, 2},
  {0x0528, 905, 2},
  {0x0529, 905, 2},
  {0x052A, 907, 2},
  {0x052B, 907, 2},
  {0x052C, 909, 2},
  {0x052D, 909, 2},
  {0x052E, 911, 2},
  {0x052F, 911, 2},
  {0x0531, 913, 2},
  {0x0532, 915, 2},
  {0x0533, 917, 2},
  {0x0534, 919, 2},
  {0x0535, 921, 2},
  {0x0536, 923, 2},
  {0x0537, 925, 2},
  {0x0538, 927, 2},
  {0x0539, 929, 2},
  {0x053A, 931, 2},
  {0x053B, 933, 2},
  {0x053C, 935, 2},
  {0x053D, 937, 2},
  {0x053E, 939, 2},
  {0x053F, 941, 2},
  {0x0540, 943, 2},
  {0x0541, 945, 2},
  {0x0542, 947, 2},
  {0x0543, 949, 2},
  {0x0544, 951, 2},
  {0x0545, 953, 2},
  {0x0546, 955, 2},
  {0x0547, 957, 2},
  {0x0548, 959, 2},
  {0x0549, 961, 2},
  {0x054A, 963, 2},
  {0x054B, 965, 2},
  {0x054C, 967, 2},
  {0x054D, 969, 2},
  {0x054E, 971, 2},
  {0x054F, 973, 2},
  {0x0550, 975, 2},
  {0x0551, 977, 2},
  {0x0552, 979, 2},
  {0x0553, 981, 2},
  {0x0554, 983, 2},
  {0x0555, 985, 2},
  {0x0556, 987, 2},
  {0x0561, 913, 2},
  {0x0562, 915, 2},
  {0x0563, 917, 2},
  {0x0564, 919, 2},
  {0x0565, 921, 2},
  {0x0566, 923, 2},
  {0x0567, 925, 2},
  {0x0568, 927, 2},
  {0x0569, 929, 2},
  {0x056A, 931, 2},
  {0x056B, 933, 2},
  {0x056C, 935, 2},
  {0x056D, 937, 2},
  {0x056E, 939, 2},
  {0x056F, 941, 2},
  {0x0570, 943, 2},
  {0x0571, 945, 2},
  {0x0572, 947, 2},
  {0x0573, 949, 2},
  {0x0574, 951, 2},
  {0x0575, 953, 2},
  {0x0576, 955, 2},
  {0x0577, 957, 2},
  {0x0578, 959, 2},
  {0x0579, 961, 2},
  {0x057A, 963, 2},
  {0x057B, 965, 2},
  {0x057C, 967, 2},
  {0x057D, 969, 2},
  {0x057E, 971, 2},
  {0x057F, 973, 2},
  {0x0580, 975, 2},
  {0x0581, 977, 2},
  {0x0582, 979, 2},
  {0x0583, 981, 2},
  {0x0584, 983, 2},
  {0x0585, 985, 2},
  {0x0586, 987, 2},
  {0x10A0, 989, 2},
  {0x10A1, 991, 2},
  {0x10A2, 993, 2},
  {0x10A3, 995, 2},
  {0x10A4, 997, 2},
  {0x10A5, 999, 2},
  {0x10A6, 1001, 2},
  {0x10A7, 1003, 2},
  {0x10A8, 1005, 2},
  {0x10A9, 1007, 2},
  {0x10AA, 1009, 2},
  {0x10AB, 1011, 2},
  {0x10AC, 1013, 2},
  {0x10AD, 1015, 2},
  {0x10AE, 1017, 2},
  {0x10AF, 1019, 2},
  {0x10B0, 1021, 2},
  {0x10B1, 1023, 2},
  {0x10B2, 1025, 2},
  {0x10B3, 1027, 2},
  {0x10B4, 1029, 2},
  {0x10B5, 1031, 2},
  {0x10B6, 1033, 2},
  {0x10B7, 1035, 2},
  {0x10B8, 1037, 2},
  {0x10B9, 1039, 2},
  {0x10BA, 1041, 2},
  {0x10BB, 1043, 2},
  {0x10BC, 1045, 2},
  {0x10BD, 1047, 2},
  {0x10BE, 1049, 2},
  {0x10BF, 1051, 2},
  {0x10C0, 1053, 2},
  {0x10C1, 1055, 2},
  {0x10C2, 1057, 2},
  {0x10C3, 1059, 2},
  {0x10C4, 1061, 2},
  {0x10C5, 1063, 2},
  {0x10C7, 1065, 2},
  {0x10CD, 1067, 2},
  {0x10D0, 1069, 2},
  {0x10D1, 1071, 2},
  {0x10D2, 1073, 2},
  {0x10D3, 1075, 2},
  {0x10D4, 1077, 2},
  {0x10D5, 1079, 2},
  {0x10D6, 1081, 2},
  {0x10D7, 1083, 2},
  {0x10D8, 1085, 2},
  {0x10D9, 1087, 2},
  {0x10DA, 1089, 2},
  {0x10DB, 1091, 2},
  {0x10DC, 1093, 2},
  {0x10DD, 1095, 2},
  {0x10DE, 1097, 2},
  {0x10DF, 1099, 2},
  {0x10E0, 1101, 2},
  {0x10E1, 1103, 2},
  {0x10E2, 1105, 2},
  {0x10E3, 1107, 2},
  {0x10E4, 1109, 2},
  {0x10E5, 1111, 2},
  {0x10E6, 1113, 2},
  {0x10E7, 1115, 2},
  {0x10E8, 1117, 2},
  {0x10E9, 1119, 2},
  {0x10EA, 1121, 2},
  {0x10EB, 1123, 2},
  {0x10EC, 1125, 2},
  {0x10ED, 1127, 2},
  {0x10EE, 1129, 2},
  {0x10EF, 1131, 2},
  {0x10F0, 1133, 2},
  {0x10F1, 1135, 2},
  {0x10F2, 1137, 2},
  {0x10F3, 1139, 2},
  {0x10F4, 1141, 2},
  {0x10F5, 1143, 2},
  {0x10F6, 1145, 2},
  {0x10F7, 1147, 2},
  {0x10F8, 1149, 2},
  {0x10F9, 1151, 2},
  {0x10FA, 1153, 2},
  {0x10FD, 1155, 2},
  {0x10FE, 1157, 2},
  {0x10FF, 1159, 2},
  {0x13A0, 1161, 2},
  {0x13A1, 1163, 2},
  {0x13A2, 1165, 2},
  {0x13A3, 1167, 2},
  {0x13A4, 1169, 2},
  {0x13A5, 1171, 2},
  {0x13A6, 1173, 2},
  {0x13A7, 1175, 2},
  {0x13A8, 1177, 2},
  {0x13A9, 1179, 2},
  {0x13AA, 1181, 2},
  {0x13AB, 1183, 2},
  {0x13AC, 1185, 2},
  {0x13AD, 1187, 2},
  {0x13AE, 1189, 2},
  {0x13AF, 1191, 2},
  {0x13B0, 1193, 2},
  {0x13B1, 1195, 2},
  {0x13B2, 1197, 2},
  {0x13B3, 1199, 2},
  {0x13B4, 1201, 2},
  {0x13B5, 1203, 2},
  {0x13B6, 1205, 2},
  {0x13B7, 1207, 2},
  {0x13B8, 1209, 2},
  {0x13B9, 1211, 2},
  {0x13BA, 1213, 2},
  {0x13BB, 1215, 2},
  {0x13BC, 1217, 2},
  {0x13BD, 1219, 2},
  {0x13BE, 1221, 2},
  {0x13BF, 1223, 2},
  {0x13C0, 1225, 2},
  {0x13C1, 1227, 2},
  {0x13C2, 1229, 2},
  {0x13C3, 1231, 2},
  {0x13C4, 1233, 2},
  {0x13C5, 1235, 2},
  {0x13C6, 1237, 2},
  {0x13C7, 1239, 2},
  {0x13C8, 1241, 2},
  {0x13C9, 1243, 2},
  {0x13CA, 1245, 2},
  {0x13CB, 1247, 2},
  {0x13CC, 1249, 2},
  {0x13CD, 1251, 2},
  {0x13CE, 1253, 2},
  {0x13CF, 1255, 2},
  {0x13D0, 1257, 2},
  {0x13D1, 1259, 2},
  {0x13D2, 1261, 2},
  {0x13D3, 1263, 2},
  {0x13D4, 1265, 2},
  {0x13D5, 1267, 2},
  {0x13D6, 1269, 2},
  {0x13D7, 1271, 2},
  {0x13D8, 1273, 2},
  {0x13D9, 1275, 2},
  {0x13DA, 1277, 2},
  {0x13DB, 1279, 2},
  {0x13DC, 1281, 2},
  {0x13DD, 1283, 2},
  {0x13DE, 1285, 2},
  {0x13DF, 1287, 2},
  {0x13E0, 1289, 2},
  {0x13E1, 1291, 2},
  {0x13E2, 1293, 2},
  {0x13E3, 1295, 2},
  {0x13E4, 1297, 2},
  {0x13E5, 1299, 2},
  {0x13E6, 1301, 2},
  {0x13E7, 1303, 2},
  {0x13E8, 1305, 2},
  {0x13E9, 1307, 2},
  {0x13EA, 1309, 2},
  {0x13EB, 1311, 2},
  {0x13EC, 1313, 2},
  {0x13ED, 1315, 2},
  {0x13EE, 1317, 2},
  {0x13EF, 1319, 2},
  {0x13F0, 1321, 2},
  {0x13F1, 1323, 2},
  {0x13F2, 1325, 2},
  {0x13F3, 1327, 2},
  {0x13F4, 1329, 2},
  {0x13F5, 1331, 2},
  {0x13F8, 1321, 2},
  {0x13F9, 1323, 2},
  {0x13FA, 1325, 2},
  {0x13FB, 1327, 2},
  {0x13FC, 1329, 2},
  {0x13FD, 1331, 2},
  {0x1C80, 645, 3},
  {0x1C81, 650, 3},
  {0x1C82, 671, 3},
  {0x1C83, 678, 3},
  {0x1C84, 681, 4},
  {0x1C85, 681, 4},
  {0x1C86, 699, 3},
  {0x1C87, 714, 3},
  {0x1C88, 1333, 3},
  {0x1C89, 1336, 2},
  {0x1C8A, 1336, 2},
  {0x1C90, 1069, 2},
  {0x1C91, 1071, 2},
  {0x1C92, 1073, 2},
  {0x1C93, 1075, 2},
  {0x1C94, 1077, 2},
  {0x1C95, 1079, 2},
  {0x1C96, 1081, 2},
  {0x1C97, 1083, 2},
  {0x1C98, 1085, 2},
  {0x1C99, 1087, 2},
  {0x1C9A, 1089, 2},
  {0x1C9B, 1091, 2},
  {0x1C9C, 1093, 2},
  {0x1C9D, 1095, 2},
  {0x1C9E, 1097, 2},
  {0x1C9F, 1099, 2},
  {0x1CA0, 1101, 2},
  {0x1CA1, 1103, 2},
  {0x1CA2, 1105, 2},
  {0x1CA3, 1107, 2},
  {0x1CA4, 1109, 2},
  {0x1CA5, 1111, 2},
  {0x1CA6, 1113, 2},
  {0x1CA7, 1115, 2},
  {0x1CA8, 1117, 2},
  {0x1CA9, 1119, 2},
  {0x1CAA, 1121, 2},
  {0x1CAB, 1123, 2},
  {0x1CAC, 1125, 2},
  {0x1CAD, 1127, 2},
  {0x1CAE, 1129, 2},
  {0x1CAF, 1131, 2},
  {0x1CB0, 1133, 2},
  {0x1CB1, 1135, 2},
  {0x1CB2, 1137, 2},
  {0x1CB3, 1139, 2},
  {0x1CB4, 1141, 2},
  {0x1CB5, 1143, 2},
  {0x1CB6, 1145, 2},
  {0x1CB7, 1147, 2},
  {0x1CB8, 1149, 2},
  {0x1CB9, 1151, 2},
  {0x1CBA, 1153, 2},
  {0x1CBD, 1155, 2},
  {0x1CBE, 1157, 2},
  {0x1CBF, 1159, 2},
  {0x1D79, 1338, 2},
  {0x1D7D, 1340, 2},
  {0x1D8E, 1342, 2},
  {0x1E00, 1344, 2},
  {0x1E01, 1344, 2},
  {0x1E02, 1346, 2},
  {0x1E03, 1346, 2},
  {0x1E04, 1348, 2},
  {0x1E05, 1348, 2},
  {0x1E06, 1350, 2},
  {0x1E07, 1350, 2},
  {0x1E08, 1352, 2},
  {0x1E09, 1352, 2},
  {0x1E0A, 1354, 2},
  {0x1E0B, 1354, 2},
  {0x1E0C, 1356, 2},
  {0x1E0D, 1356, 2},
  {0x1E0E, 1358, 2},
  {0x1E0F, 1358, 2},
  {0x1E10, 1360, 2},
  {0x1E11, 1360, 2},
  {0x1E12, 1362, 2},
  {0x1E13, 1362, 2},
  {0x1E14, 1364, 2},
  {0x1E15, 1364, 2},
  {0x1E16, 1366, 2},
  {0x1E17, 1366, 2},
  {0x1E18, 1368, 2},
  {0x1E19, 1368, 2},
  {0x1E1A, 1370, 2},
  {0x1E1B, 1370, 2},
  {0x1E1C, 1372, 2},
  {0x1E1D, 1372, 2},
  {0x1E1E, 1374, 2},
  {0x1E1F, 1374, 2},
  {0x1E20, 1376, 2},
  {0x1E21, 1376, 2},
  {0x1E22, 1378, 2},
  {0x1E23, 1378, 2},
  {0x1E24, 1380, 2},
  {0x1E25, 1380, 2},
  {0x1E26, 1382, 2},
  {0x1E27, 1382, 2},
  {0x1E28, 1384, 2},
  {0x1E29, 1384, 2},
  {0x1E2A, 1386, 2},
  {0x1E2B, 1386, 2},
  {0x1E2C, 1388, 2},
  {0x1E2D, 1388, 2},
  {0x1E2E, 1390, 2},
  {0x1E2F, 1390, 2},
  {0x1E30, 1392, 2},
  {0x1E31, 1392, 2},
  {0x1E32, 1394, 2},
  {0x1E33, 1394, 2},
  {0x1E34, 1396, 2},
  {0x1E35, 1396, 2},
  {0x1E36, 1398, 2},
  {0x1E37, 1398, 2},
  {0x1E38, 1400, 2},
  {0x1E39, 1400, 2},
  {0x1E3A, 1402, 2},
  {0x1E3B, 1402, 2},
  {0x1E3C, 1404, 2},
  {0x1E3D, 1404, 2},
  {0x1E3E, 1406, 2},
  {0x1E3F, 1406, 2},
  {0x1E40, 1408, 2},
  {0x1E41, 1408, 2},
  {0x1E42, 1410, 2},
  {0x1E43, 1410, 2},
  {0x1E44, 1412, 2},
  {0x1E45, 1412, 2},
  {0x1E46, 1414, 2},
  {0x1E47, 1414, 2},
  {0x1E48, 1416, 2},
  {0x1E49, 1416, 2},
  {0x1E4A, 1418, 2},
  {0x1E4B, 1418, 2},
  {0x1E4C, 1420, 2},
  {0x1E4D, 1420, 2},
  {0x1E4E, 1422, 2},
  {0x1E4F, 1422, 2},
  {0x1E50, 1424, 2},
  {0x1E51, 1424, 2},
  {0x1E52, 1426, 2},
  {0x1E53, 1426, 2},
  {0x1E54, 1428, 2},
  {0x1E55, 1428, 2},
  {0x1E56, 1430, 2},
  {0x1E57, 1430, 2},
  {0x1E58, 1432, 2},
  {0x1E59, 1432, 2},
  {0x1E5A, 1434, 2},
  {0x1E5B, 1434, 2},
  {0x1E5C, 1436, 2},
  {0x1E5D, 1436, 2},
  {0x1E5E, 1438, 2},
  {0x1E5F, 1438, 2},
  {0x1E60, 1440, 3},
  {0x1E61, 1440, 3},
  {0x1E62, 1443, 2},
  {0x1E63, 1443, 2},
  {0x1E64, 1445, 2},
  {0x1E65, 1445, 2},
  {0x1E66, 1447, 2},
  {0x1E67, 1447, 2},
  {0x1E68, 1449, 2},
  {0x1E69, 1449, 2},
  {0x1E6A, 1451, 2},
  {0x1E6B, 1451, 2},
  {0x1E6C, 1453, 2},
  {0x1E6D, 1453, 2},
  {0x1E6E, 1455, 2},
  {0x1E6F, 1455, 2},
  {0x1E70, 1457, 2},
  {0x1E71, 1457, 2},
  {0x1E72, 1459, 2},
  {0x1E73, 1459, 2},
  {0x1E74, 1461, 2},
  {0x1E75, 1461, 2},
  {0x1E76, 1463, 2},
  {0x1E77, 1463, 2},
  {0x1E78, 1465, 2},
  {0x1E79, 1465, 2},
  {0x1E7A, 1467, 2},
  {0x1E7B, 1467, 2},
  {0x1E7C, 1469, 2},
  {0x1E7D, 1469, 2},
  {0x1E7E, 1471, 2},
  {0x1E7F, 1471, 2},
  {0x1E80, 1473, 2},
  {0x1E81, 1473, 2},
  {0x1E82, 1475, 2},
  {0x1E83, 1475, 2},
  {0x1E84, 1477, 2},
  {0x1E85, 1477, 2},
  {0x1E86, 1479, 2},
  {0x1E87, 1479, 2},
  {0x1E88, 1481, 2},
  {0x1E89, 1481, 2},
  {0x1E8A, 1483, 2},
  {0x1E8B, 1483, 2},
  {0x1E8C, 1485, 2},
  {0x1E8D, 1485, 2},
  {0x1E8E, 1487, 2},
  {0x1E8F, 1487, 2},
  {0x1E90, 1489, 2},
  {0x1E91, 1489, 2},
  {0x1E92, 1491, 2},
  {0x1E93, 1491, 2},
  {0x1E94, 1493, 2},
  {0x1E95, 1493, 2},
  {0x1E9B, 1440, 3},
  {0x1EA0, 1495, 2},
  {0x1EA1, 1495, 2},
  {0x1EA2, 1497, 2},
  {0x1EA3, 1497, 2},
  {0x1EA4, 1499, 2},
  {0x1EA5, 1499, 2},
  {0x1EA6, 1501, 2},
  {0x1EA7, 1501, 2},
  {0x1EA8, 1503, 2},
  {0x1EA9, 1503, 2},
  {0x1EAA, 1505, 2},
  {0x1EAB, 1505, 2},
  {0x1EAC, 1507, 2},
  {0x1EAD, 1507, 2},
  {0x1EAE, 1509, 2},
  {0x1EAF, 1509, 2},
  {0x1EB0, 1511, 2},
  {0x1EB1, 1511, 2},
  {0x1EB2, 1513, 2},
  {0x1EB3, 1513, 2},
  {0x1EB4, 1515, 2},
  {0x1EB5, 1515, 2},
  {0x1EB6, 1517, 2},
  {0x1EB7, 1517, 2},
  {0x1EB8, 1519, 2},
  {0x1EB9, 1519, 2},
  {0x1EBA, 1521, 2},
  {0x1EBB, 1521, 2},
  {0x1EBC, 1523, 2},
  {0x1EBD, 1523, 2},
  {0x1EBE, 1525, 2},
  {0x1EBF, 1525, 2},
  {0x1EC0, 1527, 2},
  {0x1EC1, 1527, 2},
  {0x1EC2, 1529, 2},
  {0x1EC3, 1529, 2},
  {0x1EC4, 1531, 2},
  {0x1EC5, 1531, 2},
  {0x1EC6, 1533, 2},
  {0x1EC7, 1533, 2},
  {0x1EC8, 1535, 2},
  {0x1EC9, 1535, 2},
  {0x1ECA, 1537, 2},
  {0x1ECB, 1537, 2},
  {0x1ECC, 1539, 2},
  {0x1ECD, 1539, 2},
  {0x1ECE, 1541, 2},
  {0x1ECF, 1541, 2},
  {0x1ED0, 1543, 2},
  {0x1ED1, 1543, 2},
  {0x1ED2, 1545, 2},
  {0x1ED3, 1545, 2},
  {0x1ED4, 1547, 2},
  {0x1ED5, 1547, 2},
  {0x1ED6, 1549, 2},
  {0x1ED7, 1549, 2},
  {0x1ED8, 1551, 2},
  {0x1ED9, 1551, 2},
  {0x1EDA, 1553, 2},
  {0x1EDB, 1553, 2},
  {0x1EDC, 1555, 2},
  {0x1EDD, 1555, 2},
  {0x1EDE, 1557, 2},
  {0x1EDF, 1557, 2},
  {0x1EE0, 1559, 2},
  {0x1EE1, 1559, 2},
  {0x1EE2, 1561, 2},
  {0x1EE3, 1561, 2},
  {0x1EE4, 1563, 2},
  {0x1EE5, 1563, 2},
  {0x1EE6, 1565, 2},
  {0x1EE7, 1565, 2},
  {0x1EE8, 1567, 2},
  {0x1EE9, 1567, 2},
  {0x1EEA, 1569, 2},
  {0x1EEB, 1569, 2},
  {0x1EEC, 1571, 2},
  {0x1EED, 1571, 2},
  {0x1EEE, 1573, 2},
  {0x1EEF, 1573, 2},
  {0x1EF0, 1575, 2},
  {0x1EF1, 1575, 2},
  {0x1EF2, 1577, 2},
  {0x1EF3, 1577, 2},
  {0x1EF4, 1579, 2},
  {0x1EF5, 1579, 2},
  {0x1EF6, 1581, 2},
  {0x1EF7, 1581, 2},
  {0x1EF8, 1583, 2},
  {0x1EF9, 1583, 2},
  {0x1EFA, 1585, 2},
  {0x1EFB, 1585, 2},
  {0x1EFC, 1587, 2},
  {0x1EFD, 1587, 2},
  {0x1EFE, 1589, 2},
  {0x1EFF, 1589, 2},
  {0x1F00, 1591, 2},
  {0x1F01, 1593, 2},
  {0x1F02, 1595, 2},
  {0x1F03, 1597, 2},
  {0x1F04, 1599, 2},
  {0x1F05, 1601, 2},
  {0x1F06, 1603, 2},
  {0x1F07, 1605, 2},
  {0x1F08, 1591, 2},
  {0x1F09, 1593, 2},
  {0x1F0A, 1595, 2},
  {0x1F0B, 1597, 2},
  {0x1F0C, 1599, 2},
  {0x1F0D, 1601, 2},
  {0x1F0E, 1603, 2},
  {0x1F0F, 1605, 2},
  {0x1F10, 1607, 2},
  {0x1F11, 1609, 2},
  {0x1F12, 1611, 2},
  {0x1F13, 1613, 2},
  {0x1F14, 1615, 2},
  {0x1F15, 1617, 2},
  {0x1F18, 1607, 2},
  {0x1F19, 1609, 2},
  {0x1F1A, 1611, 2},
  {0x1F1B, 1613, 2},
  {0x1F1C, 1615, 2},
  {0x1F1D, 1617, 2},
  {0x1F20, 1619, 2},
  {0x1F21, 1621, 2},
  {0x1F22, 1623, 2},
  {0x1F23, 1625, 2},
  {0x1F24, 1627, 2},
  {0x1F25, 1629, 2},
  {0x1F26, 1631, 2},
  {0x1F27, 1633, 2},
  {0x1F28, 1619, 2},
  {0x1F29, 1621, 2},
  {0x1F2A, 1623, 2},
  {0x1F2B, 1625, 2},
  {0x1F2C, 1627, 2},
  {0x1F2D, 1629, 2},
  {0x1F2E, 1631, 2},
  {0x1F2F, 1633, 2},
  {0x1F30, 1635, 2},
  {0x1F31, 1637, 2},
  {0x1F32, 1639, 2},
  {0x1F33, 1641, 2},
  {0x1F34, 1643, 2},
  {0x1F35, 1645, 2},
  {0x1F36, 1647, 2},
  {0x1F37, 1649, 2},
  {0x1F38, 1635, 2},
  {0x1F39, 1637, 2},
  {0x1F3A, 1639, 2},
  {0x1F3B, 1641, 2},
  {0x1F3C, 1643, 2},
  {0x1F3D, 1645, 2},
  {0x1F3E, 1647, 2},
  {0x1F3F, 1649, 2},
  {0x1F40, 1651, 2},
  {0x1F41, 1653, 2},
  {0x1F42, 1655, 2},
  {0x1F43, 1657, 2},
  {0x1F44, 1659, 2},
  {0x1F45, 1661, 2},
  {0x1F48, 1651, 2},
  {0x1F49, 1653, 2},
  {0x1F4A, 1655, 2},
  {0x1F4B, 1657, 2},
  {0x1F4C, 1659, 2},
  {0x1F4D, 1661, 2},
  {0x1F51, 1663, 2},
  {0x1F53, 1665, 2},
  {0x1F55, 1667, 2},
  {0x1F57, 1669, 2},
  {0x1F59, 1663, 2},
  {0x1F5B, 1665, 2},
  {0x1F5D, 1667, 2},
  {0x1F5F, 1669, 2},
  {0x1F60, 1671, 2},
  {0x1F61, 1673, 2},
  {0x1F62, 1675, 2},
  {0x1F63, 1677, 2},
  {0x1F64, 1679, 2},
  {0x1F65, 1681, 2},
  {0x1F66, 1683, 2},
  {0x1F67, 1685, 2},
  {0x1F68, 1671, 2},
  {0x1F69, 1673, 2},
  {0x1F6A, 1675, 2},
  {0x1F6B, 1677, 2},
  {0x1F6C, 1679, 2},
  {0x1F6D, 1681, 2},
  {0x1F6E, 1683, 2},
  {0x1F6F, 1685, 2},
  {0x1F70, 1687, 2},
  {0x1F71, 1689, 2},
  {0x1F72, 1691, 2},
  {0x1F73, 1693, 2},
  {0x1F74, 1695, 2},
  {0x1F75, 1697, 2},
  {0x1F76, 1699, 2},
  {0x1F77, 1701, 2},
  {0x1F78, 1703, 2},
  {0x1F79, 1705, 2},
  {0x1F7A, 1707, 2},
  {0x1F7B, 1709, 2},
  {0x1F7C, 1711, 2},
  {0x1F7D, 1713, 2},
  {0x1FB0, 1715, 2},
  {0x1FB1, 1717, 2},
  {0x1FB8, 1715, 2},
  {0x1FB9, 1717, 2},
  {0x1FBA, 1687, 2},
  {0x1FBB, 1689, 2},
  {0x1FBE, 489, 4},
  {0x1FC8, 1691, 2},
  {0x1FC9, 1693, 2},
  {0x1FCA, 1695, 2},
  {0x1FCB, 1697, 2},
  {0x1FD0, 1719, 2},
  {0x1FD1, 1721, 2},
  {0x1FD8, 1719, 2},
  {0x1FD9, 1721, 2},
  {0x1FDA, 1699, 2},
  {0x1FDB, 1701, 2},
  {0x1FE0, 1723, 2},
  {0x1FE1, 1725, 2},
  {0x1FE5, 1727, 2},
  {0x1FE8, 1723, 2},
  {0x1FE9, 1725, 2},
  {0x1FEA, 1707, 2},
  {0x1FEB, 1709, 2},
  {0x1FEC, 1727, 2},
  {0x1FF8, 1703, 2},
  {0x1FF9, 1705, 2},
  {0x1FFA, 1711, 2},
  {0x1FFB, 1713, 2},
  {0x2132, 1729, 2},
  {0x214E, 1729, 2},
  {0x2160, 1731, 2},
  {0x2161, 1733, 2},
  {0x2162, 1735, 2},
  {0x2163, 1737, 2},
  {0x2164, 1739, 2},
  {0x2165, 1741, 2},
  {0x2166, 1743, 2},
  {0x2167, 1745, 2},
  {0x2168, 1747, 2},
  {0x2169, 1749, 2},
  {0x216A, 1751, 2},
  {0x216B, 1753, 2},
  {0x216C, 1755, 2},
  {0x216D, 1757, 2},
  {0x216E, 1759, 2},
  {0x216F, 1761, 2},
  {0x2170, 1731, 2},
  {0x2171, 1733, 2},
  {0x2172, 1735, 2},
  {0x2173, 1737, 2},
  {0x2174, 1739, 2},
  {0x2175, 1741, 2},
  {0x2176, 1743, 2},
  {0x2177, 1745, 2},
  {0x2178, 1747, 2},
  {0x2179, 1749, 2},
  {0x217A, 1751, 2},
  {0x217B, 1753, 2},
  {0x217C, 1755, 2},
  {0x217D, 1757, 2},
  {0x217E, 1759, 2},
  {0x217F, 1761, 2},
  {0x2183, 1763, 2},
  {0x2184, 1763, 2},
  {0x24B6, 1765, 2},
  {0x24B7, 1767, 2},
  {0x24B8, 1769, 2},
  {0x24B9, 1771, 2},
  {0x24BA, 1773, 2},
  {0x24BB, 1775, 2},
  {0x24BC, 1777, 2},
  {0x24BD, 1779, 2},
  {0x24BE, 1781, 2},
  {0x24BF, 1783, 2},
  {0x24C0, 1785, 2},
  {0x24C1, 1787, 2},
  {0x24C2, 1789, 2},
  {0x24C3, 1791, 2},
  {0x24C4, 1793, 2},
  {0x24C5, 1795, 2},
  {0x24C6, 1797, 2},
  {0x24C7, 1799, 2},
  {0x24C8, 1801, 2},
  {0x24C9, 1803, 2},
  {0x24CA, 1805, 2},
  {0x24CB, 1807, 2},
  {0x24CC, 1809, 2},
  {0x24CD, 1811, 2},
  {0x24CE, 1813, 2},
  {0x24CF, 1815, 2},
  {0x24D0, 1765, 2},
  {0x24D1, 1767, 2},
  {0x24D2, 1769, 2},
  {0x24D3, 1771, 2},
  {0x24D4, 1773, 2},
  {0x24D5, 1775, 2},
  {0x24D6, 1777, 2},
  {0x24D7, 1779, 2},
  {0x24D8, 1781, 2},
  {0x24D9, 1783, 2},
  {0x24DA, 1785, 2},
  {0x24DB, 1787, 2},
  {0x24DC, 1789, 2},
  {0x24DD, 1791, 2},
  {0x24DE, 1793, 2},
  {0x24DF, 1795, 2},
  {0x24E0, 1797, 2},
  {0x24E1, 1799, 2},
  {0x24E2, 1801, 2},
  {0x24E3, 1803, 2},
  {0x24E4, 1805, 2},
  {0x24E5, 1807, 2},
  {0x24E6, 1809, 2},
  {0x24E7, 1811, 2},
  {0x24E8, 1813, 2},
  {0x24E9, 1815, 2},
  {0x2C00, 1817, 2},
  {0x2C01, 1819, 2},
  {0x2C02, 1821, 2},
  {0x2C03, 1823, 2},
  {0x2C04, 1825, 2},
  {0x2C05, 1827, 2},
  {0x2C06, 1829, 2},
  {0x2C07, 1831, 2},
  {0x2C08, 1833, 2},
  {0x2C09, 1835, 2},
  {0x2C0A, 1837, 2},
  {0x2C0B, 1839, 2},
  {0x2C0C, 1841, 2},
  {0x2C0D, 1843, 2},
  {0x2C0E, 1845, 2},
  {0x2C0F, 1847, 2},
  {0x2C10, 1849, 2},
  {0x2C11, 1851, 2},
  {0x2C12, 1853, 2},
  {0x2C13, 1855, 2},
  {0x2C14, 1857, 2},
  {0x2C15, 1859, 2},
  {0x2C16, 1861, 2},
  {0x2C17, 1863, 2},
  {0x2C18, 1865, 2},
  {0x2C19, 1867, 2},
  {0x2C1A, 1869, 2},
  {0x2C1B, 1871, 2},
  {0x2C1C, 1873, 2},
  {0x2C1D, 1875, 2},
  {0x2C1E, 1877, 2},
  {0x2C1F, 1879, 2},
  {0x2C20, 1881, 2},
  {0x2C21, 1883, 2},
  {0x2C22, 1885, 2},
  {0x2C23, 1887, 2},
  {0x2C24, 1889, 2},
  {0x2C25, 1891, 2},
  {0x2C26, 1893, 2},
  {0x2C27, 1895, 2},
  {0x2C28, 1897, 2},
  {0x2C29, 1899, 2},
  {0x2C2A, 1901, 2},
  {0x2C2B, 1903, 2},
  {0x2C2C, 1905, 2},
  {0x2C2D, 1907, 2},
  {0x2C2E, 1909, 2},
  {0x2C2F, 1911, 2},
  {0x2C30, 1817, 2},
  {0x2C31, 1819, 2},
  {0x2C32, 1821, 2},
  {0x2C33, 1823, 2},
  {0x2C34, 1825, 2},
  {0x2C35, 1827, 2},
  {0x2C36, 1829, 2},
  {0x2C37, 1831, 2},
  {0x2C38, 1833, 2},
  {0x2C39, 1835, 2},
  {0x2C3A, 1837, 2},
  {0x2C3B, 1839, 2},
  {0x2C3C, 1841, 2},
  {0x2C3D, 1843, 2},
  {0x2C3E, 1845, 2},
  {0x2C3F, 1847, 2},
  {0x2C40, 1849, 2},
  {0x2C41, 1851, 2},
  {0x2C42, 1853, 2},
  {0x2C43, 1855, 2},
  {0x2C44, 1857, 2},
  {0x2C45, 1859, 2},
  {0x2C46, 1861, 2},
  {0x2C47, 1863, 2},
  {0x2C48, 1865, 2},
  {0x2C49, 1867, 2},
  {0x2C4A, 1869, 2},
  {0x2C4B, 1871, 2},
  {0x2C4C, 1873, 2},
  {0x2C4D, 1875, 2},
  {0x2C4E, 1877, 2},
  {0x2C4F, 1879, 2},
  {0x2C50, 1881, 2},
  {0x2C51, 1883, 2},
  {0x2C52, 1885, 2},
  {0x2C53, 1887, 2},
  {0x2C54, 1889, 2},
  {0x2C55, 1891, 2},
  {0x2C56, 1893, 2},
  {0x2C57, 1895, 2},
  {0x2C58, 1897, 2},
  {0x2C59, 1899, 2},
  {0x2C5A, 1901, 2},
  {0x2C5B, 1903, 2},
  {0x2C5C, 1905, 2},
  {0x2C5D, 1907, 2},
  {0x2C5E, 1909, 2},
  {0x2C5F, 1911, 2},
  {0x2C60, 1913, 2},
  {0x2C61, 1913, 2},
  {0x2C62, 473, 2},
  {0x2C63, 1340, 2},
  {0x2C64, 479, 2},
  {0x2C65, 429, 2},
  {0x2C66, 433, 2},
  {0x2C67, 1915, 2},
  {0x2C68, 1915, 2},
  {0x2C69, 1917, 2},
  {0x2C6A, 1917, 2},
  {0x2C6B, 1919, 2},
  {0x2C6C, 1919, 2},
  {0x2C6D, 457, 2},
  {0x2C6E, 477, 2},
  {0x2C6F, 455, 2},
  {0x2C70, 459, 2},
  {0x2C72, 1921, 2},
  {0x2C73, 1921, 2},
  {0x2C75, 1923, 2},
  {0x2C76, 1923, 2},
  {0x2C7E, 435, 2},
  {0x2C7F, 437, 2},
  {0x2C80, 1925, 2},
  {0x2C81, 1925, 2},
  {0x2C82, 1927, 2},
  {0x2C83, 1927, 2},
  {0x2C84, 1929, 2},
  {0x2C85, 1929, 2},
  {0x2C86, 1931, 2},
  {0x2C87, 1931, 2},
  {0x2C88, 1933, 2},
  {0x2C89, 1933, 2},
  {0x2C8A, 1935, 2},
  {0x2C8B, 1935, 2},
  {0x2C8C, 1937, 2},
  {0x2C8D, 1937, 2},
  {0x2C8E, 1939, 2},
  {0x2C8F, 1939, 2},
  {0x2C90, 1941, 2},
  {0x2C91, 1941, 2},
  {0x2C92, 1943, 2},
  {0x2C93, 1943, 2},
  {0x2C94, 1945, 2},
  {0x2C95, 1945, 2},
  {0x2C96, 1947, 2},
  {0x2C97, 1947, 2},
  {0x2C98, 1949, 2},
  {0x2C99, 1949, 2},
  {0x2C9A, 1951, 2},
  {0x2C9B, 1951, 2},
  {0x2C9C, 1953, 2},
  {0x2C9D, 1953, 2},
  {0x2C9E, 1955, 2},
  {0x2C9F, 1955, 2},
  {0x2CA0, 1957, 2},
  {0x2CA1, 1957, 2},
  {0x2CA2, 1959, 2},
  {0x2CA3, 1959, 2},
  {0x2CA4, 1961, 2},
  {0x2CA5, 1961, 2},
  {0x2CA6, 1963, 2},
  {0x2CA7, 1963, 2},
  {0x2CA8, 1965, 2},
  {0x2CA9, 1965, 2},
  {0x2CAA, 1967, 2},
  {0x2CAB, 1967, 2},
  {0x2CAC, 1969, 2},
  {0x2CAD, 1969, 2},
  {0x2CAE, 1971, 2},
  {0x2CAF, 1971, 2},
  {0x2CB0, 1973, 2},
  {0x2CB1, 1973, 2},
  {0x2CB2, 1975, 2},
  {0x2CB3, 1975, 2},
  {0x2CB4, 1977, 2},
  {0x2CB5, 1977, 2},
  {0x2CB6, 1979, 2},
  {0x2CB7, 1979, 2},
  {0x2CB8, 1981, 2},
  {0x2CB9, 1981, 2},
  {0x2CBA, 1983, 2},
  {0x2CBB, 1983, 2},
  {0x2CBC, 1985, 2},
  {0x2CBD, 1985, 2},
  {0x2CBE, 1987, 2},
  {0x2CBF, 1987, 2},
  {0x2CC0, 1989, 2},
  {0x2CC1, 1989, 2},
  {0x2CC2, 1991, 2},
  {0x2CC3, 1991, 2},
  {0x2CC4, 1993, 2},
  {0x2CC5, 1993, 2},
  {0x2CC6, 1995, 2},
  {0x2CC7, 1995, 2},
  {0x2CC8, 1997, 2},
  {0x2CC9, 1997, 2},
  {0x2CCA, 1999, 2},
  {0x2CCB, 1999, 2},
  {0x2CCC, 2001, 2},
  {0x2CCD, 2001, 2},
  {0x2CCE, 2003, 2},
  {0x2CCF, 2003, 2},
  {0x2CD0, 2005, 2},
  {0x2CD1, 2005, 2},
  {0x2CD2, 2007, 2},
  {0x2CD3, 2007, 2},
  {0x2CD4, 2009, 2},
  {0x2CD5, 2009, 2},
  {0x2CD6, 2011, 2},
  {0x2CD7, 2011, 2},
  {0x2CD8, 2013, 2},
  {0x2CD9, 2013, 2},
  {0x2CDA, 2015, 2},
  {0x2CDB, 2015, 2},
  {0x2CDC, 2017, 2},
  {0x2CDD, 2017, 2},
  {0x2CDE, 2019, 2},
  {0x2CDF, 2019, 2},
  {0x2CE0, 2021, 2},
  {0x2CE1, 2021, 2},
  {0x2CE2, 2023, 2},
  {0x2CE3, 2023, 2},
  {0x2CEB, 2025, 2},
  {0x2CEC, 2025, 2},
  {0x2CED, 2027, 2},
  {0x2CEE, 2027, 2},
  {0x2CF2, 2029, 2},
  {0x2CF3, 2029, 2},
  {0x2D00, 989, 2},
  {0x2D01, 991, 2},
  {0x2D02, 993, 2},
  {0x2D03, 995, 2},
  {0x2D04, 997, 2},
  {0x2D05, 999, 2},
  {0x2D06, 1001, 2},
  {0x2D07, 1003, 2},
  {0x2D08, 1005, 2},
  {0x2D09, 1007, 2},
  {0x2D0A, 1009, 2},
  {0x2D0B, 1011, 2},
  {0x2D0C, 1013, 2},
  {0x2D0D, 1015, 2},
  {0x2D0E, 1017, 2},
  {0x2D0F, 1019, 2},
  {0x2D10, 1021, 2},
  {0x2D11, 1023, 2},
  {0x2D12, 1025, 2},
  {0x2D13, 1027, 2},
  {0x2D14, 1029, 2},
  {0x2D15, 1031, 2},
  {0x2D16, 1033, 2},
  {0x2D17, 1035, 2},
  {0x2D18, 1037, 2},
  {0x2D19, 1039, 2},
  {0x2D1A, 1041, 2},
  {0x2D1B, 1043, 2},
  {0x2D1C, 1045, 2},
  {0x2D1D, 1047, 2},
  {0x2D1E, 1049, 2},
  {0x2D1F, 1051, 2},
  {0x2D20, 1053, 2},
  {0x2D21, 1055, 2},
  {0x2D22, 1057, 2},
  {0x2D23, 1059, 2},
  {0x2D24, 1061, 2},
  {0x2D25, 1063, 2},
  {0x2D27, 1065, 2},
  {0x2D2D, 1067, 2},
  {0xA640, 2031, 2},
  {0xA641, 2031, 2},
  {0xA642, 2033, 2},
  {0xA643, 2033, 2},
  {0xA644, 2035, 2},
  {0xA645, 2035, 2},
  {0xA646, 2037, 2},
  {0xA647, 2037, 2},
  {0xA648, 2039, 2},
  {0xA649, 2039, 2},
  {0xA64A, 1333, 3},
  {0xA64B, 1333, 3},
  {0xA64C, 2041, 2},
  {0xA64D, 2041, 2},
  {0xA64E, 2043, 2},
  {0xA64F, 2043, 2},
  {0xA650, 2045, 2},
  {0xA651, 2045, 2},
  {0xA652, 2047, 2},
  {0xA653, 2047, 2},
  {0xA654, 2049, 2},
  {0xA655, 2049, 2},
  {0xA656, 2051, 2},
  {0xA657, 2051, 2},
  {0xA658, 2053, 2},
  {0xA659, 2053, 2},
  {0xA65A, 2055, 2},
  {0xA65B, 2055, 2},
  {0xA65C, 2057, 2},
  {0xA65D, 2057, 2},
  {0xA65E, 2059, 2},
  {0xA65F, 2059, 2},
  {0xA660, 2061, 2},
  {0xA661, 2061, 2},
  {0xA662, 2063, 2},
  {0xA663, 2063, 2},
  {0xA664, 2065, 2},
  {0xA665, 2065, 2},
  {0xA666, 2067, 2},
  {0xA667, 2067, 2},
  {0xA668, 2069, 2},
  {0xA669, 2069, 2},
  {0xA66A, 2071, 2},
  {0xA66B, 2071, 2},
  {0xA66C, 2073, 2},
  {0xA66D, 2073, 2},
  {0xA680, 2075, 2},
  {0xA681, 2075, 2},
  {0xA682, 2077, 2},
  {0xA683, 2077, 2},
  {0xA684, 2079, 2},
  {0xA685, 2079, 2},
  {0xA686, 2081, 2},
  {0xA687, 2081, 2},
  {0xA688, 2083, 2},
  {0xA689, 2083, 2},
  {0xA68A, 2085, 2},
  {0xA68B, 2085, 2},
  {0xA68C, 2087, 2},
  {0xA68D, 2087, 2},
  {0xA68E, 2089, 2},
  {0xA68F, 2089, 2},
  {0xA690, 2091, 2},
  {0xA691, 2091, 2},
  {0xA692, 2093, 2},
  {0xA693, 2093, 2},
  {0xA694, 2095, 2},
  {0xA695, 2095, 2},
  {0xA696, 2097, 2},
  {0xA697, 2097, 2},
  {0xA698, 2099, 2},
  {0xA699, 2099, 2},
  {0xA69A, 2101, 2},
  {0xA69B, 2101, 2},
  {0xA722, 2103, 2},
  {0xA723, 2103, 2},
  {0xA724, 2105, 2},
  {0xA725, 2105, 2},
  {0xA726, 2107, 2},
  {0xA727, 2107, 2},
  {0xA728, 2109, 2},
  {0xA729, 2109, 2},
  {0xA72A, 2111, 2},
  {0xA72B, 2111, 2},
  {0xA72C, 2113, 2},
  {0xA72D, 2113, 2},
  {0xA72E, 2115, 2},
  {0xA72F, 2115, 2},
  {0xA732, 2117, 2},
  {0xA733, 2117, 2},
  {0xA734, 2119, 2},
  {0xA735, 2119, 2},
  {0xA736, 2121, 2},
  {0xA737, 2121, 2},
  {0xA738, 2123, 2},
  {0xA739, 2123, 2},
  {0xA73A, 2125, 2},
  {0xA73B, 2125, 2},
  {0xA73C, 2127, 2},
  {0xA73D, 2127, 2},
  {0xA73E, 2129, 2},
  {0xA73F, 2129, 2},
  {0xA740, 2131, 2},
  {0xA741, 2131, 2},
  {0xA742, 2133, 2},
  {0xA743, 2133, 2},
  {0xA744, 2135, 2},
  {0xA745, 2135, 2},
  {0xA746, 2137, 2},
  {0xA747, 2137, 2},
  {0xA748, 2139, 2},
  {0xA749, 2139, 2},
  {0xA74A, 2141, 2},
  {0xA74B, 2141, 2},
  {0xA74C, 2143, 2},
  {0xA74D, 2143, 2},
  {0xA74E, 2145, 2},
  {0xA74F, 2145, 2},
  {0xA750, 2147, 2},
  {0xA751, 2147, 2},
  {0xA752, 2149, 2},
  {0xA753, 2149, 2},
  {0xA754, 2151, 2},
  {0xA755, 2151, 2},
  {0xA756, 2153, 2},
  {0xA757, 2153, 2},
  {0xA758, 2155, 2},
  {0xA759, 2155, 2},
  {0xA75A, 2157, 2},
  {0xA75B, 2157, 2},
  {0xA75C, 2159, 2},
  {0xA75D, 2159, 2},
  {0xA75E, 2161, 2},
  {0xA75F, 2161, 2},
  {0xA760, 2163, 2},
  {0xA761, 2163, 2},
  {0xA762, 2165, 2},
  {0xA763, 2165, 2},
  {0xA764, 2167, 2},
  {0xA765, 2167, 2},
  {0xA766, 2169, 2},
  {0xA767, 2169, 2},
  {0xA768, 2171, 2},
  {0xA769, 2171, 2},
  {0xA76A, 2173, 2},
  {0xA76B, 2173, 2},
  {0xA76C, 2175, 2},
  {0xA76D, 2175, 2},
  {0xA76E, 2177, 2},
  {0xA76F, 2177, 2},
  {0xA779, 2179, 2},
  {0xA77A, 2179, 2},
  {0xA77B, 2181, 2},
  {0xA77C, 2181, 2},
  {0xA77D, 1338, 2},
  {0xA77E, 2183, 2},
  {0xA77F, 2183, 2},
  {0xA780, 2185, 2},
  {0xA781, 2185, 2},
  {0xA782, 2187, 2},
  {0xA783, 2187, 2},
  {0xA784, 2189, 2},
  {0xA785, 2189, 2},
  {0xA786, 2191, 2},
  {0xA787, 2191, 2},
  {0xA78B, 2193, 2},
  {0xA78C, 2193, 2},
  {0xA78D, 467, 2},
  {0xA790, 2195, 2},
  {0xA791, 2195, 2},
  {0xA792, 2197, 2},
  {0xA793, 2197, 2},
  {0xA794, 2199, 2},
  {0xA796, 2201, 2},
  {0xA797, 2201, 2},
  {0xA798, 2203, 2},
  {0xA799, 2203, 2},
  {0xA79A, 2205, 2},
  {0xA79B, 2205, 2},
  {0xA79C, 2207, 2},
  {0xA79D, 2207, 2},
  {0xA79E, 2209, 2},
  {0xA79F, 2209, 2},
  {0xA7A0, 2211, 2},
  {0xA7A1, 2211, 2},
  {0xA7A2, 2213, 2},
  {0xA7A3, 2213, 2},
  {0xA7A4, 2215, 2},
  {0xA7A5, 2215, 2},
  {0xA7A6, 2217, 2},
  {0xA7A7, 2217, 2},
  {0xA7A8, 2219, 2},
  {0xA7A9, 2219, 2},
  {0xA7AA, 469, 2},
  {0xA7AB, 461, 2},
  {0xA7AC, 463, 2},
  {0xA7AD, 475, 2},
  {0xA7AE, 471, 2},
  {0xA7B0, 487, 2},
  {0xA7B1, 483, 2},
  {0xA7B2, 485, 2},
  {0xA7B3, 2221, 2},
  {0xA7B4, 2223, 2},
  {0xA7B5, 2223, 2},
  {0xA7B6, 2225, 2},
  {0xA7B7, 2225, 2},
  {0xA7B8, 2227, 2},
  {0xA7B9, 2227, 2},
  {0xA7BA, 2229, 2},
  {0xA7BB, 2229, 2},
  {0xA7BC, 2231, 2},
  {0xA7BD, 2231, 2},
  {0xA7BE, 2233, 2},
  {0xA7BF, 2233, 2},
  {0xA7C0, 2235, 2},
  {0xA7C1, 2235, 2},
  {0xA7C2, 2237, 2},
  {0xA7C3, 2237, 2},
  {0xA7C4, 2199, 2},
  {0xA7C5, 481, 2},
  {0xA7C6, 1342, 2},
  {0xA7C7, 2239, 2},
  {0xA7C8, 2239, 2},
  {0xA7C9, 2241, 2},
  {0xA7CA, 2241, 2},
  {0xA7CB, 465, 2},
  {0xA7CC, 2243, 2},
  {0xA7CD, 2243, 2},
  {0xA7CE, 2245, 2},
  {0xA7CF, 2245, 2},
  {0xA7D0, 2247, 2},
  {0xA7D1, 2247, 2},
  {0xA7D2, 2249, 2},
  {0xA7D3, 2249, 2},
  {0xA7D4, 2251, 2},
  {0xA7D5, 2251, 2},
  {0xA7D6, 2253, 2},
  {0xA7D7, 2253, 2},
  {0xA7D8, 2255, 2},
  {0xA7D9, 2255, 2},
  {0xA7DA, 2257, 2},
  {0xA7DB, 2257, 2},
  {0xA7DC, 279, 2},
  {0xA7F5, 2259, 2},
  {0xA7F6, 2259, 2},
  {0xAB53, 2221, 2},
  {0xAB70, 1161, 2},
  {0xAB71, 1163, 2},
  {0xAB72, 1165, 2},
  {0xAB73, 1167, 2},
  {0xAB74, 1169, 2},
  {0xAB75, 1171, 2},
  {0xAB76, 1173, 2},
  {0xAB77, 1175, 2},
  {0xAB78, 1177, 2},
  {0xAB79, 1179, 2},
  {0xAB7A, 1181, 2},
  {0xAB7B, 1183, 2},
  {0xAB7C, 1185, 2},
  {0xAB7D, 1187, 2},
  {0xAB7E, 1189, 2},
  {0xAB7F, 1191, 2},
  {0xAB80, 1193, 2},
  {0xAB81, 1195, 2},
  {0xAB82, 1197, 2},
  {0xAB83, 1199, 2},
  {0xAB84, 1201, 2},
  {0xAB85, 1203, 2},
  {0xAB86, 1205, 2},
  {0xAB87, 1207, 2},
  {0xAB88, 1209, 2},
  {0xAB89, 1211, 2},
  {0xAB8A, 1213, 2},
  {0xAB8B, 1215, 2},
  {0xAB8C, 1217, 2},
  {0xAB8D, 1219, 2},
  {0xAB8E, 1221, 2},
  {0xAB8F, 1223, 2},
  {0xAB90, 1225, 2},
  {0xAB91, 1227, 2},
  {0xAB92, 1229, 2},
  {0xAB93, 1231, 2},
  {0xAB94, 1233, 2},
  {0xAB95, 1235, 2},
  {0xAB96, 1237, 2},
  {0xAB97, 1239, 2},
  {0xAB98, 1241, 2},
  {0xAB99, 1243, 2},
  {0xAB9A, 1245, 2},
  {0xAB9B, 1247, 2},
  {0xAB9C, 1249, 2},
  {0xAB9D, 1251, 2},
  {0xAB9E, 1253, 2},
  {0xAB9F, 1255, 2},
  {0xABA0, 1257, 2},
  {0xABA1, 1259, 2},
  {0xABA2, 1261, 2},
  {0xABA3, 1263, 2},
  {0xABA4, 1265, 2},
  {0xABA5, 1267, 2},
  {0xABA6, 1269, 2},
  {0xABA7, 1271, 2},
  {0xABA8, 1273, 2},
  {0xABA9, 1275, 2},
  {0xABAA, 1277, 2},
  {0xABAB, 1279, 2},
  {0xABAC, 1281, 2},
  {0xABAD, 1283, 2},
  {0xABAE, 1285, 2},
  {0xABAF, 1287, 2},
  {0xABB0, 1289, 2},
  {0xABB1, 1291, 2},
  {0xABB2, 1293, 2},
  {0xABB3, 1295, 2},
  {0xABB4, 1297, 2},
  {0xABB5, 1299, 2},
  {0xABB6, 1301, 2},
  {0xABB7, 1303, 2},
  {0xABB8, 1305, 2},
  {0xABB9, 1307, 2},
  {0xABBA, 1309, 2},
  {0xABBB, 1311, 2},
  {0xABBC, 1313, 2},
  {0xABBD, 1315, 2},
  {0xABBE, 1317, 2},
  {0xABBF, 1319, 2},
  {0xFF21, 2261, 2},
  {0xFF22, 2263, 2},
  {0xFF23, 2265, 2},
  {0xFF24, 2267, 2},
  {0xFF25, 2269, 2},
  {0xFF26, 2271, 2},
  {0xFF27, 2273, 2},
  {0xFF28, 2275, 2},
  {0xFF29, 2277, 2},
  {0xFF2A, 2279, 2},
  {0xFF2B, 2281, 2},
  {0xFF2C, 2283, 2},
  {0xFF2D, 2285, 2},
  {0xFF2E, 2287, 2},
  {0xFF2F, 2289, 2},
  {0xFF30, 2291, 2},
  {0xFF31, 2293, 2},
  {0xFF32, 2295, 2},
  {0xFF33, 2297, 2},
  {0xFF34, 2299, 2},
  {0xFF35, 2301, 2},
  {0xFF36, 2303, 2},
  {0xFF37, 2305, 2},
  {0xFF38, 2307, 2},
  {0xFF39, 2309, 2},
  {0xFF3A, 2311, 2},
  {0xFF41, 2261, 2},
  {0xFF42, 2263, 2},
  {0xFF43, 2265, 2},
  {0xFF44, 2267, 2},
  {0xFF45, 2269, 2},
  {0xFF46, 2271, 2},
  {0xFF47, 2273, 2},
  {0xFF48, 2275, 2},
  {0xFF49, 2277, 2},
  {0xFF4A, 2279, 2},
  {0xFF4B, 2281, 2},
  {0xFF4C, 2283, 2},
  {0xFF4D, 2285, 2},
  {0xFF4E, 2287, 2},
  {0xFF4F, 2289, 2},
  {0xFF50, 2291, 2},
  {0xFF51, 2293, 2},
  {0xFF52, 2295, 2},
  {0xFF53, 2297, 2},
  {0xFF54, 2299, 2},
  {0xFF55, 2301, 2},
  {0xFF56, 2303, 2},
  {0xFF57, 2305, 2},
  {0xFF58, 2307, 2},
  {0xFF59, 2309, 2},
  {0xFF5A, 2311, 2},
};
const size_t grx_unicode_es_legacy_orbit_count = 2313;

